{"type": "FeatureCollection", "crs": {"type": "name", "properties": {"name": "EPSG:4326"}}, "metadata": {"source": "HUD Difficult Development Areas 2026", "sourceUrl": "https://hudgis-hud.opendata.arcgis.com/datasets/HUD::difficult-development-areas-2026/about", "year": 2026, "note": "Filtered to Chicago-Joliet-Naperville IL HUD Metro FMR Area (METRO16980). Update annually when HUD releases new DDAs."}, "features": [{"type": "Feature", "id": 290, "geometry": {"type": "Polygon", "coordinates": [[[-87.7777519998361, 42.079803999967], [-87.7782089997705, 42.0837910001315], [-87.7771319996949, 42.0846680000633], [-87.7748400003498, 42.0848059999469], [-87.7730879998815, 42.0869360001068], [-87.7713789999692, 42.087619999931], [-87.7699029996855, 42.0875460001441], [-87.7678919996494, 42.0869260001229], [-87.7663040001109, 42.0865030000269], [-87.7663080003089, 42.0858270002862], [-87.7641249998454, 42.0867300001202], [-87.7599920003435, 42.0867260001138], [-87.7600400000241, 42.0849860000975], [-87.7572900000212, 42.084891999964], [-87.7516610001441, 42.0848760001402], [-87.7505809996954, 42.0849620000625], [-87.7464709997597, 42.0853460002001], [-87.7449779997575, 42.0854409996828], [-87.7419159995851, 42.0851919997469], [-87.7418829999732, 42.0865959997698], [-87.7412620000072, 42.0865859997323], [-87.7358220002759, 42.0864959999906], [-87.7321779995972, 42.0864370003202], [-87.7321430003354, 42.086917000136], [-87.7252209995743, 42.0872979997961], [-87.7251760002668, 42.0879610000954], [-87.7245100000949, 42.087830000298], [-87.7239619999238, 42.0863559997682], [-87.7234349996691, 42.0849299997794], [-87.7225989996179, 42.0827230000049], [-87.7204889998477, 42.0825709999863], [-87.7185919996144, 42.0826130001244], [-87.7175920004301, 42.0832959998323], [-87.7175859996839, 42.0848990001774], [-87.7157360002047, 42.0849710003267], [-87.7145059999682, 42.0848120001379], [-87.7129650002854, 42.0848510000324], [-87.7126919995756, 42.0848380002925], [-87.7126680001845, 42.0861630000359], [-87.7028230000665, 42.0859259997724], [-87.7027970001272, 42.0878949999056], [-87.7022150095024, 42.0895031498286], [-87.701433785124, 42.0889827929644], [-87.7002973084917, 42.08822581815], [-87.6997063356124, 42.0878321762636], [-87.6945250003773, 42.0843810003057], [-87.6927430249246, 42.0835705151911], [-87.6909732542828, 42.0827655811907], [-87.6855656555861, 42.0803060762341], [-87.681464999926, 42.0784409997617], [-87.6823589997035, 42.0757289999892], [-87.6798432291228, 42.0717130478299], [-87.6827520000639, 42.0716950001954], [-87.6828449999503, 42.0694889998216], [-87.6863899999964, 42.069547000308], [-87.6892160001673, 42.069649], [-87.6892350004339, 42.0687719998836], [-87.6919860002616, 42.0688049999302], [-87.6979840002097, 42.068874000154], [-87.6996820002513, 42.0688969999897], [-87.7019689995736, 42.0689249998944], [-87.7022389999104, 42.0689470000966], [-87.7027319998299, 42.0689859997392], [-87.7049810004156, 42.0689529997867], [-87.7078059998632, 42.0689839998436], [-87.7080639996061, 42.0689970001641], [-87.7106279998361, 42.06901699978], [-87.7125710001001, 42.0690370000564], [-87.7145179996638, 42.069059999833], [-87.7164989995626, 42.0690839998809], [-87.7189680002564, 42.0691210002149], [-87.7226160002347, 42.0691690002556], [-87.7236549997772, 42.0691309996707], [-87.7243000000326, 42.0691140002615], [-87.7291630001788, 42.0696180002678], [-87.7323519996745, 42.0689149997393], [-87.7324200003449, 42.0646660003174], [-87.7357660001994, 42.0647089999831], [-87.742397999634, 42.0647940002137], [-87.7448630001298, 42.0648369997927], [-87.746616000423, 42.0647299999643], [-87.7477620000956, 42.0649099997092], [-87.7549700001886, 42.0649949996707], [-87.7557409999425, 42.0649589999441], [-87.7587289995968, 42.0650040000993], [-87.7586700000455, 42.0683589997088], [-87.7586630003728, 42.0690570003265], [-87.7588490001457, 42.0723529996943], [-87.7592190000415, 42.072291999751], [-87.7616290002858, 42.0723370000427], [-87.7623620004047, 42.0722279997255], [-87.7646730000165, 42.0795829997812], [-87.7712459998998, 42.0797030000379], [-87.7777519998361, 42.079803999967]]]}, "properties": {"OBJECTID": 290, "ZCTA5": "60091", "DDA_CODE": "METRO16980M16980", "DDA_TYPE": "SA", "DDA_NAME": "Chicago-Joliet-Naperville, IL HUD Metro FMR Area"}}, {"type": "Feature", "id": 330, "geometry": {"type": "Polygon", "coordinates": [[[-87.9144200001259, 41.8185060000661], [-87.9142569999193, 41.8185330001507], [-87.9136290002806, 41.8186360000469], [-87.9007439997314, 41.820709999666], [-87.8991050001394, 41.8206159999389], [-87.890188000134, 41.8197360000321], [-87.8894320004488, 41.819671999701], [-87.8894290000757, 41.8192300000826], [-87.889270999892, 41.8155909998201], [-87.8891179997311, 41.812040999894], [-87.8891079996854, 41.8118029997257], [-87.8889629999204, 41.8085479996988], [-87.8888819997295, 41.8065939997226], [-87.8888769997067, 41.8064690000148], [-87.8887889998431, 41.8046460002456], [-87.8887100002004, 41.802818999721], [-87.8886280001847, 41.8007450000137], [-87.8885489996436, 41.7990559996764], [-87.8883379997564, 41.7943170001439], [-87.8883300002588, 41.7941779998225], [-87.8882659997864, 41.792776000248], [-87.8930789997039, 41.7926450000898], [-87.8929640000761, 41.7899380002775], [-87.897612999962, 41.7898130002273], [-87.8977510000543, 41.7898150001872], [-87.8975290002965, 41.7860200002629], [-87.8967569998194, 41.7825739999583], [-87.8991899996299, 41.7825209997039], [-87.8988619995668, 41.7810350000163], [-87.8967950003525, 41.7810700000777], [-87.8969519998131, 41.7791600000024], [-87.9006409997993, 41.7781020001501], [-87.90193299996, 41.7774710002869], [-87.9031849999378, 41.7766210001449], [-87.9041420003628, 41.7760640001375], [-87.9058720001915, 41.775361000314], [-87.9069869999019, 41.7749710001031], [-87.9077929998159, 41.7746869997215], [-87.9081479996431, 41.785990999792], [-87.908196000222, 41.7896149998741], [-87.908561000095, 41.7970670001787], [-87.9087340003473, 41.7978470000119], [-87.9103110000151, 41.8021470000473], [-87.9110640002256, 41.8041150003306], [-87.9120190001025, 41.8066669998623], [-87.9131649997751, 41.8096220000568], [-87.9137530001291, 41.8112789997325], [-87.9139039997419, 41.811929999678], [-87.9140440003822, 41.8133140002842], [-87.9144200001259, 41.8185060000661]]]}, "properties": {"OBJECTID": 330, "ZCTA5": "60558", "DDA_CODE": "METRO16980M16980", "DDA_TYPE": "SA", "DDA_NAME": "Chicago-Joliet-Naperville, IL HUD Metro FMR Area"}}, {"type": "Feature", "id": 337, "geometry": {"type": "Polygon", "coordinates": [[[-87.7955330001433, 42.0552270000032], [-87.7974599996155, 42.0589179999525], [-87.7894799999436, 42.0589310003334], [-87.7894049996006, 42.0607060002122], [-87.7910859999238, 42.0606809999196], [-87.791183999833, 42.0625640002747], [-87.7799620000637, 42.0624289998605], [-87.7757619997164, 42.0622290000038], [-87.7757740003103, 42.0552930001532], [-87.7856749996065, 42.0552439997957], [-87.7929880001799, 42.0552270000032], [-87.7955330001433, 42.0552270000032]]]}, "properties": {"OBJECTID": 337, "ZCTA5": "60029", "DDA_CODE": "METRO16980M16980", "DDA_TYPE": "SA", "DDA_NAME": "Chicago-Joliet-Naperville, IL HUD Metro FMR Area"}}, {"type": "Feature", "id": 380, "geometry": {"type": "MultiPolygon", "coordinates": [[[[-87.8625380003176, 42.3085940000178], [-87.8634820003238, 42.3123369999156], [-87.8611809998595, 42.3123619998654], [-87.8610300002468, 42.3158009999228], [-87.859814000254, 42.3157940000015], [-87.8561749995982, 42.3157710001598], [-87.8524520001751, 42.3154310000746], [-87.8514579999402, 42.3173520000065], [-87.8515099998187, 42.315230999987], [-87.8515419996058, 42.3121140001104], [-87.848353999935, 42.3121000001112], [-87.8471360002924, 42.3119409997591], [-87.8472269996307, 42.3104260002474], [-87.8493699999112, 42.3104830001749], [-87.8501259995965, 42.3073420002305], [-87.8471100003531, 42.3066570002524], [-87.8460449999731, 42.3077100001348], [-87.8459389996679, 42.310445000229], [-87.845576000343, 42.312100999874], [-87.8451760003099, 42.3132629998231], [-87.8421609999932, 42.31928199991], [-87.840235000346, 42.3224800001385], [-87.8382090002413, 42.322490000102], [-87.8366569997895, 42.324499000109], [-87.8358910000586, 42.3268160001979], [-87.8319286382398, 42.3269411570464], [-87.8317669998792, 42.323927999685], [-87.831469882099, 42.3214884702336], [-87.8309600001403, 42.3173020000758], [-87.8303910000528, 42.3122530001711], [-87.8317989996662, 42.3100320002811], [-87.8327569298475, 42.3089627040976], [-87.8328570003736, 42.3088510000143], [-87.832845995113, 42.3078649660153], [-87.8328370002821, 42.3070590001568], [-87.8336157542935, 42.3048271359054], [-87.8460590002168, 42.3048550002825], [-87.846085999981, 42.2945569998692], [-87.8460900001789, 42.2941590000679], [-87.8467570001757, 42.294040000255], [-87.8473799997915, 42.294040000255], [-87.8487389998995, 42.2940510001354], [-87.8515159996665, 42.2940719998414], [-87.8519580004307, 42.2976889998812], [-87.8521669997697, 42.2976929998478], [-87.8523459998699, 42.2976909998645], [-87.8561720001234, 42.2977029997632], [-87.8557700004405, 42.3027820000632], [-87.8534670003264, 42.3031469996685], [-87.8518479999275, 42.3031369999532], [-87.8516370000403, 42.3031840001292], [-87.8515769997659, 42.3084430000061], [-87.851575000116, 42.3086400002881], [-87.8562390000706, 42.3082449999478], [-87.8576020003765, 42.3082229998291], [-87.8625380003176, 42.3085940000178]]], [[[-87.876351999906, 42.3087119997484], [-87.8755219997026, 42.3087109999317], [-87.8625380003176, 42.3085940000178], [-87.8609869996907, 42.2993359998627], [-87.8603730002957, 42.2975390002854], [-87.8599439999503, 42.296619999697], [-87.8593389998778, 42.2948860000115], [-87.8588690004229, 42.2927099999447], [-87.8588379995624, 42.2925670002976], [-87.8676950001916, 42.2895809998831], [-87.870056999857, 42.2887939998694], [-87.8701070000857, 42.2889549997991], [-87.8702519998506, 42.2889070001686], [-87.8703370002394, 42.2891810002816], [-87.8750439998517, 42.3043579998845], [-87.876351999906, 42.3087119997484]]]]}, "properties": {"OBJECTID": 380, "ZCTA5": "60088", "DDA_CODE": "METRO16980M16980", "DDA_TYPE": "SA", "DDA_NAME": "Chicago-Joliet-Naperville, IL HUD Metro FMR Area"}}, {"type": "Feature", "id": 396, "geometry": {"type": "MultiPolygon", "coordinates": [[[[-88.191424999702, 42.2488839997595], [-88.1913989997627, 42.2524130001289], [-88.1886760004223, 42.2527540000686], [-88.1855980003564, 42.2509750002014], [-88.1865900000432, 42.2493520002505], [-88.1876560002482, 42.2485250002463], [-88.1885509998505, 42.2481450003084], [-88.1884579999641, 42.2482759996934], [-88.1884639998119, 42.2483220001286], [-88.1884749996826, 42.2483989999291], [-88.1884830000785, 42.2486550000671], [-88.1884949997741, 42.2486919999517], [-88.191424999702, 42.2488839997595]]], [[[-88.2618870000588, 42.1649509998661], [-88.2619909998159, 42.1685750003312], [-88.2575379997485, 42.1685860001268], [-88.2575360000987, 42.1721950003075], [-88.2575119998093, 42.1742709999362], [-88.2575019997635, 42.1757870001787], [-88.2429369996144, 42.1760529997769], [-88.2430560003385, 42.1833749999245], [-88.2454759997301, 42.1833469999683], [-88.2454990001946, 42.1867550002504], [-88.2415030000618, 42.1869280001551], [-88.2389199995652, 42.186928999907], [-88.2382879997285, 42.1867839997827], [-88.2381649997049, 42.1867479999711], [-88.2347920000862, 42.1860549997694], [-88.2327690003545, 42.1875750000273], [-88.2316589997687, 42.188112999833], [-88.2304980000275, 42.1876670001503], [-88.2293609996774, 42.1876180002172], [-88.2287170001452, 42.1877319998672], [-88.2254859999184, 42.1868429998917], [-88.2240680002592, 42.1861970002788], [-88.2213919998762, 42.1848790001769], [-88.2204620001137, 42.1844099997808], [-88.2205009995735, 42.186368999953], [-88.2205089999694, 42.186872999802], [-88.2142209995931, 42.1869109997122], [-88.2141369999275, 42.1904999999203], [-88.2092019998113, 42.1905410000623], [-88.2067840000694, 42.1902680002876], [-88.205597000389, 42.1904800000199], [-88.2053110001587, 42.19055499978], [-88.2050249999284, 42.1905580001946], [-88.2039450003781, 42.1901609997885], [-88.1995099998541, 42.1882149998168], [-88.1994909995875, 42.1904719997918], [-88.199478999892, 42.1918779997144], [-88.1994670001964, 42.1934020003175], [-88.1994610003486, 42.1941799996704], [-88.1968429996919, 42.1941889997318], [-88.1966789996604, 42.1941900000343], [-88.1944430003917, 42.1941959998526], [-88.1895619998039, 42.1941939999132], [-88.1895119995752, 42.1978809999209], [-88.1994310002114, 42.1977229997535], [-88.2012830002388, 42.1977350000497], [-88.2012239997893, 42.1994059997366], [-88.2011359999257, 42.2020439998788], [-88.1993910000284, 42.2024319999567], [-88.1993779996096, 42.2029659997487], [-88.1988110000703, 42.2031339997295], [-88.1956900003467, 42.203765999807], [-88.1944390001938, 42.2047909998212], [-88.1949310002884, 42.2071409998929], [-88.1951200004343, 42.2083769998788], [-88.1926890002736, 42.2126050003318], [-88.1901760000972, 42.2149910001772], [-88.1896039996367, 42.2149900002039], [-88.1875370004224, 42.2185459999167], [-88.185385999746, 42.2202309998212], [-88.1800830002821, 42.2211309997583], [-88.1785290001805, 42.2211299998823], [-88.1780200003675, 42.2209860002732], [-88.1771840003163, 42.2216039998796], [-88.1768169998952, 42.2217330000839], [-88.1759749999962, 42.2225130002221], [-88.1759749999962, 42.2236070001326], [-88.176125999609, 42.2242780001517], [-88.1765320003881, 42.2255559998958], [-88.1775869998241, 42.2273059999029], [-88.1775509998391, 42.228862000167], [-88.179162999667, 42.2310060001655], [-88.1818740002101, 42.2334539999935], [-88.1827160001091, 42.2353290002837], [-88.1860119997349, 42.2380340003237], [-88.1898909996919, 42.2366679998415], [-88.1988310001618, 42.2366539997], [-88.1987769997351, 42.237013000256], [-88.2012279999872, 42.2370089997627], [-88.2040609998308, 42.2381190002261], [-88.2048469996532, 42.237797000265], [-88.2075659996939, 42.2383950002151], [-88.2085959999139, 42.2398089997112], [-88.2090520000234, 42.2402120001591], [-88.210281000435, 42.241605000278], [-88.2110859996257, 42.2449549997613], [-88.2102689998411, 42.2452489999792], [-88.208001999712, 42.2466000001655], [-88.2080360000472, 42.2487530003072], [-88.2092150002301, 42.2487140002502], [-88.2098810004019, 42.2468160002553], [-88.2122199996027, 42.2449399999646], [-88.2131939997462, 42.2430539998074], [-88.2133040002494, 42.2429519999077], [-88.2137539996128, 42.2434010002657], [-88.2133979999607, 42.2450430001375], [-88.2106799997449, 42.2466079999357], [-88.209801000036, 42.2485740001539], [-88.2102040004421, 42.250102999846], [-88.2132769995869, 42.2518520000775], [-88.2133400002344, 42.2527530000286], [-88.2100649996266, 42.2506039997316], [-88.2083239999273, 42.2516280001458], [-88.2081620004439, 42.2560750003165], [-88.2032230001298, 42.2560569998765], [-88.2030950000832, 42.2524679999436], [-88.2020620003886, 42.2524659998545], [-88.2016919995944, 42.2524659998545], [-88.1987580003668, 42.2524659998545], [-88.1983099997549, 42.2524689999881], [-88.1983099997549, 42.2533440003072], [-88.1983199998006, 42.2556259997393], [-88.1983199998006, 42.2561350001944], [-88.1934690002483, 42.2560830002148], [-88.1934149998216, 42.2487419998333], [-88.1945129998136, 42.2486300000968], [-88.1910640000269, 42.2478670001744], [-88.1885509998505, 42.2481450003084], [-88.1885280002843, 42.2452219996702], [-88.1881580003885, 42.2450989998899], [-88.1860729998342, 42.2450670000375], [-88.1838790003984, 42.2450430001375], [-88.1831560003251, 42.2486339998533], [-88.178766000007, 42.2486420000306], [-88.1787099999305, 42.2440289996808], [-88.1761239999591, 42.2440339999073], [-88.1761010003929, 42.2414259997939], [-88.1689440003535, 42.2414490001854], [-88.168916999691, 42.2432210000304], [-88.1651769996511, 42.2431980002848], [-88.1650190003657, 42.243622999782], [-88.1595750004365, 42.2436140001134], [-88.1595369999033, 42.2413710003271], [-88.159223000084, 42.2413550001225], [-88.1579789996038, 42.2413319996967], [-88.1549149997816, 42.241289999707], [-88.1543490000672, 42.2412879999285], [-88.1497729999762, 42.2413139997045], [-88.1287789998837, 42.2411229996932], [-88.1274380002175, 42.2460100000179], [-88.1203239998357, 42.2434350000086], [-88.1203790000874, 42.241022999784], [-88.1201999999872, 42.241022999784], [-88.1187060001601, 42.241022999784], [-88.117897999698, 42.2410420000849], [-88.1183150003478, 42.2367289998515], [-88.1160940002495, 42.2374620003111], [-88.1144410004137, 42.2362889999515], [-88.112852999977, 42.2374590001288], [-88.111830000328, 42.2349040001251], [-88.1116579999006, 42.2336300001134], [-88.1116529998777, 42.2141680002067], [-88.1116560002507, 42.2132370001401], [-88.1116600004487, 42.2120499997634], [-88.1160869996785, 42.2107309997913], [-88.1164830004119, 42.2109610000808], [-88.1164909999095, 42.2098350002298], [-88.1140659995966, 42.2098169999049], [-88.1140870004114, 42.2067959999064], [-88.1140870004114, 42.2048509998911], [-88.1205680002332, 42.2048809999047], [-88.1205409995707, 42.2045899997042], [-88.1206390003783, 42.2007849998708], [-88.1207180000211, 42.197719000098], [-88.1163109999844, 42.1976339997043], [-88.1162890002431, 42.1904349997217], [-88.1162659997786, 42.1859560002615], [-88.117312999717, 42.1845350002406], [-88.1138410003641, 42.1845149997843], [-88.1113990003328, 42.184929999803], [-88.1113929995867, 42.18310100001], [-88.1039610000859, 42.1830640002852], [-88.1109900000789, 42.1758880001504], [-88.1107459996814, 42.1758849997054], [-88.1036959997721, 42.1830830000566], [-88.101652000124, 42.1829820002602], [-88.101652000124, 42.1830640002852], [-88.0920709995966, 42.1830150001126], [-88.0920150004185, 42.1757480003113], [-88.0896920002129, 42.1757330000486], [-88.0877980003527, 42.175708999754], [-88.0871520002723, 42.1761840003116], [-88.0871499997241, 42.1757010003196], [-88.0871370002037, 42.1720760000065], [-88.0823460000275, 42.172033999886], [-88.0823469998524, 42.1702160000865], [-88.0823500002255, 42.1688220002444], [-88.0821660001025, 42.168407999749], [-88.0767229999981, 42.1683760003088], [-88.0725140003283, 42.1683750002636], [-88.0725190003511, 42.1665630002778], [-88.0725269998487, 42.1655769996857], [-88.0696050003168, 42.1656599997296], [-88.0676500003572, 42.1647480000188], [-88.0676629998777, 42.1629189997859], [-88.062823000196, 42.1629120001972], [-88.0627970002568, 42.1647399998639], [-88.0614299997529, 42.16572400001], [-88.0552069996739, 42.1633070003228], [-88.0506039998187, 42.1610359999246], [-88.0527989999778, 42.1574389996887], [-88.0485690003916, 42.1580289997363], [-88.0483929997661, 42.1562550001246], [-88.0454460001198, 42.1550459999865], [-88.0447170001987, 42.1549630000039], [-88.0446269997871, 42.1537820002295], [-88.0614640000881, 42.153847999755], [-88.062827000394, 42.1538549996805], [-88.0628809999223, 42.152111000028], [-88.0629389996487, 42.146120999857], [-88.0629880000524, 42.1391899997701], [-88.0629860004026, 42.1372900001963], [-88.0631400003884, 42.1372579996747], [-88.0647210002542, 42.1369960003329], [-88.0710559995878, 42.1364149996976], [-88.0747570001679, 42.1360709999807], [-88.0932919996123, 42.1336669999814], [-88.0949140003842, 42.13337800028], [-88.0955539997185, 42.1331639997943], [-88.0979799998563, 42.1324810002127], [-88.0982619998886, 42.1297759998941], [-88.0974760000661, 42.125262000162], [-88.0972519997601, 42.1242990001475], [-88.0966280003194, 42.1214360000406], [-88.0958919998273, 42.1178370001361], [-88.0950709998448, 42.1142090002662], [-88.0959939999346, 42.1142019999558], [-88.0959699996451, 42.1133619997508], [-88.0987089997773, 42.1133359999603], [-88.0987120001504, 42.1131390000222], [-88.1019209997376, 42.1130390001103], [-88.1019480004, 42.1142409997711], [-88.1025929997572, 42.1142490003111], [-88.1031569998218, 42.1142389999691], [-88.1030170000797, 42.1105820002542], [-88.1069899997481, 42.1105799996704], [-88.1127519996946, 42.1105880000062], [-88.1152699998939, 42.1105809999623], [-88.1215520004224, 42.1105989998831], [-88.1215540000722, 42.107017999933], [-88.1280209996504, 42.1069109999119], [-88.1281050002143, 42.1029499999809], [-88.126568999656, 42.1029880003091], [-88.1265999996182, 42.096828000054], [-88.1289350004177, 42.0968029999904], [-88.1296249999807, 42.0945109996779], [-88.1307820004222, 42.0949059999399], [-88.1307759996761, 42.091842000108], [-88.1312529997021, 42.088666000263], [-88.1217170002788, 42.0886559998852], [-88.1217149997307, 42.0912380003004], [-88.1179789998888, 42.0903570000856], [-88.1126859995723, 42.0891639998862], [-88.1119769997428, 42.0892080002513], [-88.1117879995969, 42.0960909999633], [-88.1069470000904, 42.0961130000801], [-88.1069959995958, 42.0876819997942], [-88.1042949999968, 42.0870369998558], [-88.1143269997126, 42.0869490000835], [-88.1143979998577, 42.0852890001755], [-88.1216980000123, 42.0850249998851], [-88.1216980000123, 42.0780369997379], [-88.1264120001955, 42.077964999721], [-88.1265469999148, 42.0793809997255], [-88.140994000063, 42.0792620003126], [-88.1409060001995, 42.0740659999837], [-88.1411770003612, 42.0730459999846], [-88.1411759996379, 42.0689549996833], [-88.1411709996151, 42.0683830000218], [-88.1402540002714, 42.0671229999995], [-88.1440179997023, 42.0671260002643], [-88.1446599995847, 42.0672360003152], [-88.1468899999039, 42.0673269996738], [-88.150475000133, 42.0673260000333], [-88.1606259996745, 42.0669709999598], [-88.1634119996624, 42.0672239999431], [-88.1662229997646, 42.067242000167], [-88.1798010002498, 42.0673260000333], [-88.1835809995742, 42.0672259998941], [-88.1843759996175, 42.06702599981], [-88.1924380002035, 42.0674039999526], [-88.1899490003165, 42.0711030002652], [-88.1896029998118, 42.0723870001073], [-88.1895860000934, 42.0743529997218], [-88.2006210002649, 42.0774720002727], [-88.2011419997735, 42.0776189997787], [-88.2108389997535, 42.0800000000308], [-88.223529000309, 42.0811399998169], [-88.2302710002467, 42.0822429997933], [-88.2382760000329, 42.0849210001761], [-88.2382760000329, 42.0851209998753], [-88.2382569997664, 42.0923480000995], [-88.2382540002916, 42.0926499997701], [-88.2383339997593, 42.1066159999898], [-88.2383279999115, 42.1088619999681], [-88.2383129998429, 42.1134420002182], [-88.2383520002009, 42.1289310002558], [-88.2459750003957, 42.1288750001023], [-88.245884999984, 42.1323310001024], [-88.2436349995734, 42.1323310001024], [-88.2436349995734, 42.1324229999723], [-88.2432789999212, 42.1359100002341], [-88.2480469996328, 42.1359879997652], [-88.2480590002267, 42.1396419999257], [-88.2512009998667, 42.1396210000946], [-88.2571000000806, 42.1391139998691], [-88.2577960003897, 42.1394830002698], [-88.2577949996665, 42.1395749997423], [-88.2575970001981, 42.148802000201], [-88.257602000221, 42.1489539999651], [-88.2576890002596, 42.154072999921], [-88.2577339995671, 42.1540790002163], [-88.2575889998022, 42.1590139999], [-88.2574769996492, 42.1647610000187], [-88.2618870000588, 42.1649509998661]]]]}, "properties": {"OBJECTID": 396, "ZCTA5": "60010", "DDA_CODE": "METRO16980M16980", "DDA_TYPE": "SA", "DDA_NAME": "Chicago-Joliet-Naperville, IL HUD Metro FMR Area"}}, {"type": "Feature", "id": 416, "geometry": {"type": "Polygon", "coordinates": [[[-88.2454990001946, 42.1867550002504], [-88.2455140002633, 42.1908229998643], [-88.2416989998804, 42.1921949999301], [-88.2412829999538, 42.1919309996953], [-88.2412650004104, 42.1928109997396], [-88.2401079999689, 42.1935540000952], [-88.2383660004446, 42.1944549997839], [-88.236047000437, 42.1949100001149], [-88.2342399997171, 42.1956980003301], [-88.2317550000281, 42.1972990002497], [-88.228470000273, 42.1981460001656], [-88.2257660003009, 42.1993560000316], [-88.2249799995801, 42.2005879997928], [-88.2247369999058, 42.2008340002441], [-88.2248969997394, 42.2009120002846], [-88.2242449998112, 42.2024520000676], [-88.2238039997703, 42.2031419996857], [-88.2224329999668, 42.2038610001017], [-88.2139650003983, 42.2058250002419], [-88.2116809996525, 42.2061359996874], [-88.2061849998447, 42.2056559999761], [-88.2034809998726, 42.2049240002986], [-88.202074999909, 42.2037110001314], [-88.2014299996536, 42.2031410001904], [-88.1993779996096, 42.2029659997487], [-88.1993910000284, 42.2024319999567], [-88.2011359999257, 42.2020439998788], [-88.2012239997893, 42.1994059997366], [-88.2012830002388, 42.1977350000497], [-88.1994310002114, 42.1977229997535], [-88.1895119995752, 42.1978809999209], [-88.1895619998039, 42.1941939999132], [-88.1944430003917, 42.1941959998526], [-88.1966789996604, 42.1941900000343], [-88.1968429996919, 42.1941889997318], [-88.1994610003486, 42.1941799996704], [-88.1994670001964, 42.1934020003175], [-88.199478999892, 42.1918779997144], [-88.1994909995875, 42.1904719997918], [-88.1995099998541, 42.1882149998168], [-88.2039450003781, 42.1901609997885], [-88.2050249999284, 42.1905580001946], [-88.2053110001587, 42.19055499978], [-88.205597000389, 42.1904800000199], [-88.2067840000694, 42.1902680002876], [-88.2092019998113, 42.1905410000623], [-88.2141369999275, 42.1904999999203], [-88.2142209995931, 42.1869109997122], [-88.2205089999694, 42.186872999802], [-88.2205009995735, 42.186368999953], [-88.2204620001137, 42.1844099997808], [-88.2213919998762, 42.1848790001769], [-88.2240680002592, 42.1861970002788], [-88.2254859999184, 42.1868429998917], [-88.2287170001452, 42.1877319998672], [-88.2293609996774, 42.1876180002172], [-88.2304980000275, 42.1876670001503], [-88.2316589997687, 42.188112999833], [-88.2327690003545, 42.1875750000273], [-88.2347920000862, 42.1860549997694], [-88.2381649997049, 42.1867479999711], [-88.2382879997285, 42.1867839997827], [-88.2389199995652, 42.186928999907], [-88.2415030000618, 42.1869280001551], [-88.2454990001946, 42.1867550002504]]]}, "properties": {"OBJECTID": 416, "ZCTA5": "60021", "DDA_CODE": "METRO16980M16980", "DDA_TYPE": "SA", "DDA_NAME": "Chicago-Joliet-Naperville, IL HUD Metro FMR Area"}}, {"type": "Feature", "id": 452, "geometry": {"type": "Polygon", "coordinates": [[[-87.8050490003734, 41.888575000114], [-87.805097000054, 41.8897429998909], [-87.803197000346, 41.8898380001474], [-87.803077999622, 41.8905680001147], [-87.8002230000371, 41.8901289999132], [-87.7975469996541, 41.8901710001422], [-87.794553999977, 41.8901959999151], [-87.7945360004337, 41.8895390003056], [-87.7936209998414, 41.8895629998973], [-87.792690000254, 41.8885770003334], [-87.791436999553, 41.8885360001698], [-87.7911770001603, 41.8873720002391], [-87.7895650003325, 41.8873929999258], [-87.7895850004239, 41.888477999763], [-87.791155000419, 41.8885270001793], [-87.7912380002597, 41.8916029997715], [-87.789685999808, 41.8916290000489], [-87.788046000391, 41.8916569997701], [-87.7879569998042, 41.888423999752], [-87.7879149999714, 41.8869539999742], [-87.7895529997386, 41.8869330001431], [-87.7911870002061, 41.8869090002322], [-87.7944629997404, 41.8868869999158], [-87.7971270004279, 41.8868520001569], [-87.7986310003007, 41.8868290000182], [-87.8002170001894, 41.8867999997152], [-87.8049770004034, 41.8867009997348], [-87.8049859997259, 41.8869830002073], [-87.8050490003734, 41.888575000114]]]}, "properties": {"OBJECTID": 452, "ZCTA5": "60301", "DDA_CODE": "METRO16980M16980", "DDA_TYPE": "SA", "DDA_NAME": "Chicago-Joliet-Naperville, IL HUD Metro FMR Area"}}, {"type": "Feature", "id": 496, "geometry": {"type": "Polygon", "coordinates": [[[-87.7132320002491, 41.5206739997261], [-87.7132869996024, 41.5279370000595], [-87.7035879999725, 41.5279679999834], [-87.6990570000874, 41.5279820002479], [-87.6938890003427, 41.5279949998182], [-87.6864939997535, 41.5280110001135], [-87.6863270002472, 41.5280110001135], [-87.6782620001866, 41.5280329998407], [-87.6745339998423, 41.5278919998397], [-87.6737999998984, 41.5278740001466], [-87.6696690000463, 41.5278609998794], [-87.6647659997172, 41.5278599998588], [-87.6647570003947, 41.5277540002711], [-87.6646469998915, 41.5242270003142], [-87.6647530001967, 41.5205700000665], [-87.6695810001828, 41.5205739999271], [-87.6696449997569, 41.5181339999951], [-87.6709100001535, 41.5178389999998], [-87.6736440002628, 41.5177290001019], [-87.6744319997351, 41.5176880002206], [-87.6744250000624, 41.516912000128], [-87.6744099999938, 41.5154139996995], [-87.6743899999023, 41.5135170003072], [-87.6743880002525, 41.5132910003029], [-87.6743649997879, 41.5096780001152], [-87.6743410003968, 41.506097000095], [-87.6743289998029, 41.5040700002427], [-87.6792050003679, 41.503976000003], [-87.6791989996218, 41.5061759999937], [-87.6878510002116, 41.506167999838], [-87.6981609997617, 41.5061639997598], [-87.6983099997247, 41.5061650001158], [-87.6996200003271, 41.5061610000374], [-87.7079230000391, 41.5062180001219], [-87.7096749996091, 41.5062149997293], [-87.7131279995937, 41.5061050002595], [-87.7131689996016, 41.5102729999459], [-87.7131960002641, 41.5134009996714], [-87.7132320002491, 41.5206739997261]]]}, "properties": {"OBJECTID": 496, "ZCTA5": "60461", "DDA_CODE": "METRO16980M16980", "DDA_TYPE": "SA", "DDA_NAME": "Chicago-Joliet-Naperville, IL HUD Metro FMR Area"}}, {"type": "Feature", "id": 499, "geometry": {"type": "Polygon", "coordinates": [[[-87.6486840001748, 41.8873750002902], [-87.6487250001827, 41.8890329999059], [-87.6482649998751, 41.8890419998251], [-87.6476220001678, 41.8890490002072], [-87.6443340000396, 41.8890339996741], [-87.6428739996493, 41.8890490002072], [-87.6428410000374, 41.8880429997145], [-87.6413659995785, 41.8880329998708], [-87.6413360003396, 41.8868150001042], [-87.6413129998751, 41.8856989996691], [-87.639854000208, 41.8857190000858], [-87.6397420000551, 41.8831809997911], [-87.6396850001536, 41.8818839999802], [-87.6411930002245, 41.8818600001791], [-87.6411709995849, 41.8811969997682], [-87.6396459997956, 41.8805910001967], [-87.6396270004273, 41.8799560001636], [-87.6411089996606, 41.8792920001421], [-87.6410269996448, 41.8767520001446], [-87.6439599999457, 41.8767150002629], [-87.6439809998622, 41.8773499997269], [-87.6445149997895, 41.8767079998671], [-87.6457030001932, 41.8766919998195], [-87.6472020000432, 41.8766719999215], [-87.6473219996938, 41.880491999959], [-87.647360000227, 41.8817779998988], [-87.6474050004328, 41.8831460000083], [-87.6475059998168, 41.8867970003058], [-87.6475479996496, 41.887392000132], [-87.6486840001748, 41.8873750002902]]]}, "properties": {"OBJECTID": 499, "ZCTA5": "60661", "DDA_CODE": "METRO16980M16980", "DDA_TYPE": "SA", "DDA_NAME": "Chicago-Joliet-Naperville, IL HUD Metro FMR Area"}}, {"type": "Feature", "id": 507, "geometry": {"type": "Polygon", "coordinates": [[[-87.6338239995746, 41.8819459998706], [-87.6338949997197, 41.8844690001329], [-87.6324350002278, 41.88447300016], [-87.629456999721, 41.8844820000528], [-87.6294349999796, 41.8832149996955], [-87.6278700000074, 41.8832179999419], [-87.6279110000153, 41.8844909999444], [-87.6262480001338, 41.8844959998093], [-87.6253579996559, 41.8844980001564], [-87.6244520001829, 41.8844709998121], [-87.6244770002972, 41.8821090000181], [-87.6262149996235, 41.882080000248], [-87.6261710001409, 41.8807890002121], [-87.6277269998923, 41.8807430002429], [-87.6278060004333, 41.8820420002294], [-87.6294020003677, 41.88199800025], [-87.6338239995746, 41.8819459998706]]]}, "properties": {"OBJECTID": 507, "ZCTA5": "60602", "DDA_CODE": "METRO16980M16980", "DDA_TYPE": "SA", "DDA_NAME": "Chicago-Joliet-Naperville, IL HUD Metro FMR Area"}}, {"type": "Feature", "id": 508, "geometry": {"type": "Polygon", "coordinates": [[[-87.6413659995785, 41.8880329998708], [-87.6413780001724, 41.8886319999896], [-87.6399760004068, 41.8885129999687], [-87.6399730000337, 41.8890479997705], [-87.6393560002657, 41.8890810001291], [-87.6387100001853, 41.8872410003175], [-87.6376849999882, 41.8864560003059], [-87.6358129998694, 41.8873779996726], [-87.6339650000399, 41.8869849998077], [-87.6338949997197, 41.8844690001329], [-87.6338239995746, 41.8819459998706], [-87.6337979996353, 41.8806599999677], [-87.6337540001527, 41.8793859999681], [-87.6336939998782, 41.8768500001978], [-87.6351769998347, 41.8768259998437], [-87.6336570000683, 41.8755230002597], [-87.6336289995809, 41.8744810003267], [-87.6360349996272, 41.8744479997849], [-87.6361710000696, 41.874902999875], [-87.6373770000167, 41.8767990002707], [-87.6410269996448, 41.8767520001446], [-87.6411089996606, 41.8792920001421], [-87.6396270004273, 41.8799560001636], [-87.6396459997956, 41.8805910001967], [-87.6411709995849, 41.8811969997682], [-87.6411930002245, 41.8818600001791], [-87.6396850001536, 41.8818839999802], [-87.6397420000551, 41.8831809997911], [-87.639854000208, 41.8857190000858], [-87.6413129998751, 41.8856989996691], [-87.6413360003396, 41.8868150001042], [-87.6413659995785, 41.8880329998708]]]}, "properties": {"OBJECTID": 508, "ZCTA5": "60606", "DDA_CODE": "METRO16980M16980", "DDA_TYPE": "SA", "DDA_NAME": "Chicago-Joliet-Naperville, IL HUD Metro FMR Area"}}, {"type": "Feature", "id": 509, "geometry": {"type": "Polygon", "coordinates": [[[-87.6286280002408, 41.9031799998726], [-87.6286779995712, 41.903942000288], [-87.6279770001375, 41.9039540000533], [-87.6240520001498, 41.9042319997803], [-87.6239071719631, 41.9039428667744], [-87.6237985818149, 41.9037260790079], [-87.6234248853516, 41.9029800353858], [-87.6230507936297, 41.9022332027869], [-87.6229440001121, 41.9020200002947], [-87.6226476800358, 41.9019598157615], [-87.6212134621925, 41.9016685195455], [-87.6198519998024, 41.9013920003303], [-87.6189311116518, 41.9001120704999], [-87.6183547220228, 41.8993109554571], [-87.6180309539231, 41.8988609553996], [-87.6179380528514, 41.8987318331772], [-87.6165370933348, 41.8967846604485], [-87.6158815306883, 41.8958735035897], [-87.6142759996287, 41.8936420003324], [-87.6142108708723, 41.8936440692686], [-87.6140935320316, 41.8936477965632], [-87.612041000185, 41.8937130001103], [-87.6103062087426, 41.896075306432], [-87.6100920000732, 41.8963669999401], [-87.6023690003193, 41.8963350003249], [-87.6022670002121, 41.8933019997936], [-87.6096850003674, 41.8931770002223], [-87.6096831633127, 41.8931291963307], [-87.6096426708529, 41.8920755196102], [-87.6095480001001, 41.8896120001501], [-87.6113950001046, 41.8895179999868], [-87.6115180001283, 41.8905899998322], [-87.6131719252288, 41.8905549559599], [-87.6136889999979, 41.8905440002319], [-87.6137869549914, 41.888322541293], [-87.6137871355528, 41.8883184498884], [-87.6175889998713, 41.8884559999869], [-87.6204640004459, 41.8885849998729], [-87.6227399998975, 41.8888630003021], [-87.6243550000985, 41.8889300002944], [-87.6252430000282, 41.8888559998996], [-87.6268819996203, 41.8880479999702], [-87.6280039999017, 41.887505999937], [-87.6280230001683, 41.889252000255], [-87.6280380002369, 41.8908660000816], [-87.6267179995887, 41.8916870002697], [-87.6280690001991, 41.8916719996873], [-87.6280919997653, 41.8924689997183], [-87.6281350003213, 41.8940719999167], [-87.6281529998646, 41.8948759998353], [-87.6281989998954, 41.8966770000631], [-87.6282220003599, 41.897519999785], [-87.626903000435, 41.8983449998586], [-87.6282440001012, 41.8983160001032], [-87.6282480002992, 41.8984689997247], [-87.6282650000176, 41.8991400003132], [-87.6283129996982, 41.9005930001438], [-87.6283169998962, 41.9007400001436], [-87.6283360001627, 41.9015579997247], [-87.6283450003836, 41.9018839998171], [-87.6283410001856, 41.9023799997676], [-87.6286280002408, 41.9031799998726]]]}, "properties": {"OBJECTID": 509, "ZCTA5": "60611", "DDA_CODE": "METRO16980M16980", "DDA_TYPE": "SA", "DDA_NAME": "Chicago-Joliet-Naperville, IL HUD Metro FMR Area"}}, {"type": "Feature", "id": 693, "geometry": {"type": "Polygon", "coordinates": [[[-87.6476010002514, 41.8922440000542], [-87.6477269997498, 41.8959069999181], [-87.6443120002983, 41.8925260001315], [-87.6419599997804, 41.892538000036], [-87.6438860003259, 41.8940000001787], [-87.644102000236, 41.8954959996775], [-87.6441390000459, 41.8964559997886], [-87.6429289999009, 41.8964760001807], [-87.6415420002039, 41.8964930002751], [-87.6400399999809, 41.896512999987], [-87.6398900001931, 41.8965149999579], [-87.6386649999795, 41.8965320000419], [-87.637185000396, 41.8969799998378], [-87.6371719999773, 41.8965510000911], [-87.6342029996913, 41.8965959997275], [-87.6318119997136, 41.8966279998806], [-87.6312450001743, 41.8966359997492], [-87.6297749997383, 41.896656000085], [-87.6298149999213, 41.8979890002206], [-87.6282359997053, 41.8980090001327], [-87.6282220003599, 41.897519999785], [-87.6281989998954, 41.8966770000631], [-87.6281529998646, 41.8948759998353], [-87.6281350003213, 41.8940719999167], [-87.6280919997653, 41.8924689997183], [-87.6280690001991, 41.8916719996873], [-87.6267179995887, 41.8916870002697], [-87.6280380002369, 41.8908660000816], [-87.6280230001683, 41.889252000255], [-87.6280039999017, 41.887505999937], [-87.6295370000869, 41.8875080001899], [-87.6310230004164, 41.887509999774], [-87.6324870001063, 41.8870619997607], [-87.6339650000399, 41.8869849998077], [-87.6358129998694, 41.8873779996726], [-87.6376849999882, 41.8864560003059], [-87.6387100001853, 41.8872410003175], [-87.6393560002657, 41.8890810001291], [-87.6399730000337, 41.8890479997705], [-87.6399760004068, 41.8885129999687], [-87.6413780001724, 41.8886319999896], [-87.6413659995785, 41.8880329998708], [-87.6428410000374, 41.8880429997145], [-87.6428739996493, 41.8890490002072], [-87.6443340000396, 41.8890339996741], [-87.6476220001678, 41.8890490002072], [-87.6476260003657, 41.8911810001666], [-87.6476280000156, 41.8915729999012], [-87.6467440002838, 41.8915729999012], [-87.6467629996521, 41.8922600002199], [-87.6476010002514, 41.8922440000542]]]}, "properties": {"OBJECTID": 693, "ZCTA5": "60654", "DDA_CODE": "METRO16980M16980", "DDA_TYPE": "SA", "DDA_NAME": "Chicago-Joliet-Naperville, IL HUD Metro FMR Area"}}, {"type": "Feature", "id": 697, "geometry": {"type": "Polygon", "coordinates": [[[-87.6686249995827, 41.9215550000956], [-87.6685230003738, 41.9221010002516], [-87.6678499996309, 41.9215759999052], [-87.6644209999357, 41.9175810002767], [-87.6642140002465, 41.9169680002958], [-87.6635999999531, 41.9155899997263], [-87.660859999996, 41.9159659997966], [-87.6584449997289, 41.9144649997093], [-87.656873000084, 41.9107849998083], [-87.6559120003594, 41.9107940000049], [-87.6554970002577, 41.9107999999124], [-87.654388000395, 41.9130519998037], [-87.6531470002879, 41.9119140001582], [-87.6531410004401, 41.9117519999359], [-87.6507360002187, 41.9117870000889], [-87.6495009999594, 41.910900000071], [-87.64951199983, 41.9116349997053], [-87.6482899999895, 41.9115360001141], [-87.6482840001417, 41.9113859999749], [-87.6482720004461, 41.9109199999503], [-87.6482509996314, 41.9100030000143], [-87.6482480001567, 41.9098750000435], [-87.6482110003467, 41.9085769999129], [-87.6481889997071, 41.907472999739], [-87.6455140000473, 41.9080380000125], [-87.6432989997968, 41.9064470000107], [-87.6473719999225, 41.9063849998311], [-87.6481190002852, 41.9049939996751], [-87.6480940001709, 41.9036369997006], [-87.6480449997671, 41.9027129998967], [-87.6479879998657, 41.901521000167], [-87.6478320002301, 41.8980410002464], [-87.6477450001914, 41.8963990002079], [-87.6477269997498, 41.8959069999181], [-87.6476010002514, 41.8922440000542], [-87.6467629996521, 41.8922600002199], [-87.6467440002838, 41.8915729999012], [-87.6476280000156, 41.8915729999012], [-87.6476260003657, 41.8911810001666], [-87.6476220001678, 41.8890490002072], [-87.6482649998751, 41.8890419998251], [-87.6487250001827, 41.8890329999059], [-87.6522359998936, 41.8889940002413], [-87.6545669995968, 41.8889779999262], [-87.6569740003663, 41.8889480001605], [-87.6573469997369, 41.8889439997449], [-87.6589259999528, 41.8889239996691], [-87.662210999708, 41.8890049997033], [-87.6628099999327, 41.8887179999285], [-87.6654539996304, 41.8888580001102], [-87.6654829999427, 41.8899049997858], [-87.6671319995805, 41.890562000312], [-87.6671430003495, 41.8909769998239], [-87.667155000045, 41.891459999728], [-87.6666219999425, 41.8924379998711], [-87.6671850001823, 41.8924270003316], [-87.6672119999464, 41.8933430002417], [-87.6672370000608, 41.8942569996792], [-87.6672920003124, 41.8960739998556], [-87.6673149998786, 41.8969239997008], [-87.6673419996428, 41.8978880002681], [-87.666826999982, 41.8988070002726], [-87.6668379998526, 41.8992500001096], [-87.6668339996547, 41.8997180002745], [-87.6668510002714, 41.9006259998866], [-87.6668670001649, 41.9015339999598], [-87.6674689998644, 41.9024320002295], [-87.6674949998037, 41.9033459999674], [-87.6664849996752, 41.9033579998449], [-87.6675130002453, 41.9040170001216], [-87.667519999918, 41.9042759998233], [-87.6668479998984, 41.904217999669], [-87.6669480003558, 41.9069989999901], [-87.667079999702, 41.9106390003039], [-87.6676920003455, 41.9106300000854], [-87.6677530004448, 41.9128489998647], [-87.6677540002698, 41.9129070001996], [-87.6669249998913, 41.9134290001742], [-87.6674760004354, 41.914346999732], [-87.6672620001752, 41.9143479997724], [-87.6678100003462, 41.9156800002079], [-87.6681740003943, 41.9161169998806], [-87.6677609999424, 41.9172540001287], [-87.667960999959, 41.9179319997117], [-87.6680930002035, 41.9185469997401], [-87.6686249995827, 41.9215550000956]]]}, "properties": {"OBJECTID": 697, "ZCTA5": "60642", "DDA_CODE": "METRO16980M16980", "DDA_TYPE": "SA", "DDA_NAME": "Chicago-Joliet-Naperville, IL HUD Metro FMR Area"}}, {"type": "Feature", "id": 715, "geometry": {"type": "Polygon", "coordinates": [[[-87.7276099999021, 42.0480080001283], [-87.7274700001601, 42.0552559997642], [-87.726256999642, 42.0552700000581], [-87.7177849998756, 42.0553619997211], [-87.7161050002756, 42.0553539997557], [-87.7149029996282, 42.0550870001655], [-87.7112379999315, 42.0533670003188], [-87.7099680004103, 42.052771999962], [-87.7088560001746, 42.0524289997269], [-87.7094339995847, 42.0484040003145], [-87.7096050001872, 42.0482029997047], [-87.7097170003402, 42.0409439999022], [-87.7109430003787, 42.0409289997304], [-87.7109340001579, 42.0415599999411], [-87.7157110000903, 42.0413180003282], [-87.7181189997864, 42.0412959998932], [-87.7180910001973, 42.0426569996997], [-87.7229479995974, 42.0426149998083], [-87.7226270001054, 42.0449710003088], [-87.7180789996034, 42.0449010001329], [-87.717985999717, 42.0481140001741], [-87.7233529996534, 42.0480570000645], [-87.726408999978, 42.0480249998518], [-87.7276099999021, 42.0480080001283]]]}, "properties": {"OBJECTID": 715, "ZCTA5": "60203", "DDA_CODE": "METRO16980M16980", "DDA_TYPE": "SA", "DDA_NAME": "Chicago-Joliet-Naperville, IL HUD Metro FMR Area"}}, {"type": "Feature", "id": 759, "geometry": {"type": "Polygon", "coordinates": [[[-88.1207180000211, 42.197719000098], [-88.1206390003783, 42.2007849998708], [-88.1205409995707, 42.2045899997042], [-88.1205680002332, 42.2048809999047], [-88.1140870004114, 42.2048509998911], [-88.1140870004114, 42.2067959999064], [-88.1140659995966, 42.2098169999049], [-88.1164909999095, 42.2098350002298], [-88.1164830004119, 42.2109610000808], [-88.1160869996785, 42.2107309997913], [-88.1116600004487, 42.2120499997634], [-88.1116560002507, 42.2132370001401], [-88.1116529998777, 42.2141680002067], [-88.1116579999006, 42.2336300001134], [-88.111830000328, 42.2349040001251], [-88.112852999977, 42.2374590001288], [-88.1144410004137, 42.2362889999515], [-88.1160940002495, 42.2374620003111], [-88.1183150003478, 42.2367289998515], [-88.117897999698, 42.2410420000849], [-88.1164370003811, 42.2410780002192], [-88.1156759997747, 42.2407790000321], [-88.1141829997725, 42.239500999906], [-88.1116190004408, 42.2406360002514], [-88.1109580002918, 42.2411190001255], [-88.1099029999575, 42.2415280001654], [-88.107583000125, 42.2421979996809], [-88.1032179999212, 42.2429589999452], [-88.1029090001247, 42.2430350001124], [-88.1028749997895, 42.2419409997302], [-88.101796999889, 42.2419349997913], [-88.1018039995617, 42.243340000055], [-88.099600999905, 42.2439690002567], [-88.097917999932, 42.2444490000371], [-88.0985360004233, 42.24101900021], [-88.0985589999895, 42.239787999878], [-88.0969100003517, 42.2397950002665], [-88.0969089996285, 42.2410169997578], [-88.092099999909, 42.2410049997038], [-88.0823810001876, 42.2409750002235], [-88.0822830002783, 42.2409750002235], [-88.0822620003619, 42.2441820001818], [-88.0817190002137, 42.243633000299], [-88.0822520003162, 42.2459639998917], [-88.0756819999075, 42.2461459999056], [-88.0757610004486, 42.2488540000358], [-88.0793380002818, 42.2498809998588], [-88.0821800003462, 42.2507779997523], [-88.0821810001711, 42.2518959997925], [-88.0792379998244, 42.2518849998666], [-88.0786589996911, 42.2540749998681], [-88.0725300002218, 42.254066999715], [-88.0714289998567, 42.2551309998645], [-88.0714330000547, 42.2572089997227], [-88.0698759995801, 42.2574349997108], [-88.0678980000543, 42.2588720000066], [-88.0725369998945, 42.259036999695], [-88.0725369998945, 42.2626410003322], [-88.0763060002466, 42.2626430000986], [-88.0762939996527, 42.2662540001521], [-88.0725269998487, 42.2662599997723], [-88.0696780001117, 42.2662549999781], [-88.0682069998508, 42.2642480003041], [-88.0675669996182, 42.2633709999557], [-88.0676829999691, 42.2571740001198], [-88.063368999819, 42.2576060002785], [-88.0581049998148, 42.2501550001015], [-88.0594999999077, 42.250152999939], [-88.0595269996719, 42.2481510003217], [-88.0573280002132, 42.2481450003084], [-88.05671200027, 42.2482129999825], [-88.0548390003262, 42.2456109999757], [-88.0542540003452, 42.2445110000112], [-88.0539179998862, 42.2437120002045], [-88.0536400000519, 42.2427910001607], [-88.0534969999367, 42.2422209997911], [-88.0530659999415, 42.2408619997701], [-88.0530090000401, 42.2406889998963], [-88.052906000108, 42.2404009997962], [-88.0527670001908, 42.2401159997678], [-88.0501190002952, 42.2401049997829], [-88.0501309999907, 42.2386070000713], [-88.0508890002241, 42.2382370002921], [-88.0527019998935, 42.2372480000271], [-88.0546419997844, 42.2355340002682], [-88.0548920000297, 42.2352189999851], [-88.0551549997954, 42.2348570002244], [-88.0560679998395, 42.2335860002957], [-88.0529989999944, 42.2335550002697], [-88.0492740000232, 42.2334910001464], [-88.0493090001833, 42.2301809999329], [-88.0469910000005, 42.2302590003197], [-88.0432850002959, 42.2311670000499], [-88.0432650002044, 42.2332009997511], [-88.0278210003464, 42.2335160001295], [-88.0279660001114, 42.239275000168], [-88.0235349997854, 42.2399090002142], [-88.0286039997959, 42.2393140000747], [-88.0334779998127, 42.23861500019], [-88.0365040000001, 42.2381340003144], [-88.043244000288, 42.235900999677], [-88.0432119996026, 42.2408490001229], [-88.0431610004474, 42.2408479998941], [-88.0431560004245, 42.241605000278], [-88.0356610002762, 42.2444420001649], [-88.0351530002881, 42.2433260000638], [-88.0301899996845, 42.2419169999711], [-88.0297910003746, 42.2419169999711], [-88.0285190003054, 42.2419169999711], [-88.0285419998716, 42.2408290001998], [-88.0286270002604, 42.2394600002785], [-88.0195550004443, 42.2407600003171], [-88.0190969997866, 42.2407579998567], [-88.0185560001865, 42.2407579998567], [-88.0139070003006, 42.2414220002454], [-88.0139059995774, 42.241289999707], [-88.0139030001026, 42.2407399997008], [-88.0139159996231, 42.2375849996829], [-88.009023000238, 42.2375720000255], [-88.0090640002459, 42.2335519999016], [-88.0079429997894, 42.2335539999253], [-88.0079510001853, 42.2334499999397], [-88.0042329998868, 42.2334560000203], [-88.0042820002906, 42.2348880002761], [-88.0026169998609, 42.2348849999714], [-88.0025709998302, 42.2335220002038], [-87.9989870003243, 42.2334899998009], [-87.9990030002178, 42.2315719999015], [-88.0029499999469, 42.2315999997754], [-88.0004540003872, 42.2287389997587], [-87.9987680000412, 42.2265150000832], [-87.9972900001076, 42.22664899984], [-87.9970809998702, 42.223854999752], [-87.9944770003555, 42.2187700002089], [-87.9942799998137, 42.2166560002026], [-87.9940689999265, 42.2195029996707], [-87.9940720002996, 42.2189590001908], [-87.9892540003592, 42.2189559997943], [-87.9838060002321, 42.2189590001908], [-87.9795730002727, 42.2189719996901], [-87.9746389999815, 42.2189919998868], [-87.9746799999893, 42.2117259998348], [-87.9649710003137, 42.2117519998124], [-87.9629250001176, 42.2117579999592], [-87.9628330000561, 42.2117579999592], [-87.9618870004, 42.2099369997561], [-87.9602320000161, 42.2067840000002], [-87.9602989999633, 42.2065849997826], [-87.9610830001359, 42.2061549998435], [-87.964183999768, 42.2075770003187], [-87.9649810003595, 42.2103270000267], [-87.9650109995984, 42.2044769999899], [-87.9747560001573, 42.2044199999867], [-87.9748859998537, 42.2053770001938], [-87.979627999626, 42.2056690002173], [-87.9796500002656, 42.2040899999729], [-87.9797489999998, 42.1972040000712], [-87.9742969996747, 42.1971999997172], [-87.9732849998964, 42.1971990001279], [-87.9733640004374, 42.190539999702], [-87.9723169996007, 42.1883000002322], [-87.9756509997597, 42.190539999702], [-87.9780550001562, 42.19055499978], [-87.9780790004456, 42.1876920003054], [-87.9773720002659, 42.1876859998697], [-87.9772369996483, 42.185902000162], [-87.9749629998465, 42.1826960001528], [-87.9760469995948, 42.1826969999716], [-87.9750049996793, 42.1813160002177], [-87.9750199997479, 42.1790370002612], [-87.9847579997359, 42.1790690002993], [-87.9847589995608, 42.1769549998456], [-87.984788999698, 42.1754449999073], [-87.9891170000919, 42.1754479997075], [-87.991969000202, 42.1754549999064], [-87.9914670000617, 42.1734579997963], [-87.9932279998525, 42.17267399987], [-87.9936820003122, 42.1681799998052], [-87.9848260004062, 42.1681819999018], [-87.9848840001326, 42.1605890001986], [-87.9849939997374, 42.1536260002903], [-87.99276699972, 42.1536339998525], [-88.0044660004136, 42.1536450002479], [-88.0093820002632, 42.1536629999221], [-88.009460000081, 42.1536629999221], [-88.0112669999026, 42.1536599997548], [-88.0147450000016, 42.1536860003124], [-88.0169819999935, 42.1536930002558], [-88.0227160003509, 42.1537220002983], [-88.0237499998705, 42.1537349998998], [-88.0286249997123, 42.1537319997359], [-88.0288139998581, 42.1537319997359], [-88.0340040002425, 42.1537469998881], [-88.0340660001667, 42.1541970001382], [-88.0340839997101, 42.1610000001039], [-88.034901000393, 42.161004000085], [-88.0383979998603, 42.1610189998454], [-88.0433249995805, 42.1610380002471], [-88.043308999687, 42.1634379999564], [-88.0450440004369, 42.163441000326], [-88.0454820001048, 42.1634429999066], [-88.0469779995817, 42.1634469997332], [-88.0469940003736, 42.1610509996775], [-88.0466420000211, 42.1609550001326], [-88.0466450003941, 42.1598580001524], [-88.0463390000724, 42.1598580001524], [-88.0463380002474, 42.1610550003213], [-88.0460300002759, 42.1609560002951], [-88.0460319999257, 42.15987899993], [-88.0433239997556, 42.1599409997082], [-88.0433520002431, 42.1573519999691], [-88.0441020000805, 42.1578070002871], [-88.0482100003664, 42.1599499999824], [-88.0482110001913, 42.1598280000776], [-88.0506039998187, 42.1610359999246], [-88.0552069996739, 42.1633070003228], [-88.0614299997529, 42.16572400001], [-88.0627970002568, 42.1647399998639], [-88.062823000196, 42.1629120001972], [-88.0676629998777, 42.1629189997859], [-88.0676500003572, 42.1647480000188], [-88.0696050003168, 42.1656599997296], [-88.0725269998487, 42.1655769996857], [-88.0725190003511, 42.1665630002778], [-88.0725140003283, 42.1683750002636], [-88.0767229999981, 42.1683760003088], [-88.0821660001025, 42.168407999749], [-88.0823500002255, 42.1688220002444], [-88.0823469998524, 42.1702160000865], [-88.0823460000275, 42.172033999886], [-88.0871370002037, 42.1720760000065], [-88.0871499997241, 42.1757010003196], [-88.0871520002723, 42.1761840003116], [-88.0877980003527, 42.175708999754], [-88.0896920002129, 42.1757330000486], [-88.0920150004185, 42.1757480003113], [-88.0920709995966, 42.1830150001126], [-88.101652000124, 42.1830640002852], [-88.101652000124, 42.1829820002602], [-88.1036959997721, 42.1830830000566], [-88.1107459996814, 42.1758849997054], [-88.1109900000789, 42.1758880001504], [-88.1039610000859, 42.1830640002852], [-88.1113929995867, 42.18310100001], [-88.1113990003328, 42.184929999803], [-88.1138410003641, 42.1845149997843], [-88.117312999717, 42.1845350002406], [-88.1162659997786, 42.1859560002615], [-88.1162890002431, 42.1904349997217], [-88.1163109999844, 42.1976339997043], [-88.1207180000211, 42.197719000098]]]}, "properties": {"OBJECTID": 759, "ZCTA5": "60047", "DDA_CODE": "METRO16980M16980", "DDA_TYPE": "SA", "DDA_NAME": "Chicago-Joliet-Naperville, IL HUD Metro FMR Area"}}, {"type": "Feature", "id": 841, "geometry": {"type": "Polygon", "coordinates": [[[-87.9409870000189, 42.1680719998254], [-87.9404039996878, 42.1671519997472], [-87.9321339995877, 42.167045000076], [-87.9225239996463, 42.1668770000466], [-87.9216740002497, 42.1668629997466], [-87.9217589997402, 42.1677110000588], [-87.9228099998766, 42.1712560002827], [-87.9229809995808, 42.1718320001215], [-87.924369000001, 42.1763639999482], [-87.9248519998747, 42.1778249997118], [-87.9258810002698, 42.1808309997855], [-87.9251580001965, 42.1813070003205], [-87.9206089998697, 42.1820439997964], [-87.9188740000181, 42.1833759997325], [-87.9149690001219, 42.1827009999122], [-87.9064789999138, 42.1822010000588], [-87.9058670001686, 42.1807620002329], [-87.9032219997477, 42.1787949996985], [-87.9031339998842, 42.1820410003091], [-87.9019239997392, 42.1820359998319], [-87.8991810003073, 42.1820199999], [-87.8991140003602, 42.1856410002513], [-87.9015479999956, 42.1856549997231], [-87.9015260002543, 42.1870149998052], [-87.9064029997458, 42.1870430001338], [-87.9063750001567, 42.1892900002155], [-87.9062189996228, 42.1892889998355], [-87.9061719997671, 42.1911330002529], [-87.8985240003563, 42.1910660000014], [-87.898562999816, 42.1892460001166], [-87.8976000004416, 42.1892399998284], [-87.8970740000118, 42.1910570001609], [-87.8965710000466, 42.1919560001606], [-87.8941469995586, 42.1913160003097], [-87.8868530001501, 42.1910080001932], [-87.8868389999064, 42.1919449997707], [-87.8868320002337, 42.1924189998294], [-87.886826000386, 42.1928720001947], [-87.8868249996627, 42.192952999715], [-87.8842010000566, 42.1929400001852], [-87.8867750003323, 42.1966439999698], [-87.8868969996327, 42.1976710002186], [-87.8869479996864, 42.1984770001811], [-87.8868809997392, 42.2002340000922], [-87.8868790000894, 42.2008540001954], [-87.8868699998686, 42.2037210003179], [-87.8646470002629, 42.2037259997452], [-87.8617979996275, 42.2037139999213], [-87.8518699996688, 42.2036320000659], [-87.8518870002856, 42.1979239997549], [-87.8518839999125, 42.196379999684], [-87.8520570001649, 42.189119999936], [-87.8471680000794, 42.1890480002906], [-87.8472130002853, 42.1849669997671], [-87.8448630003155, 42.1835840000619], [-87.8472269996307, 42.1836170002657], [-87.8467760004423, 42.1827030002151], [-87.8443360000608, 42.1826700001999], [-87.8437860002399, 42.1817549999391], [-87.8433939997044, 42.1813439997421], [-87.8363250004268, 42.1779550000107], [-87.8351129997337, 42.1744700000538], [-87.8313409999068, 42.1734199997896], [-87.8299669997303, 42.1718759996901], [-87.8290489996634, 42.1674979998222], [-87.8281399998173, 42.1679760002804], [-87.8281440000152, 42.1675339999407], [-87.8274190002921, 42.1674619996832], [-87.827164000024, 42.1684719999126], [-87.8265969995863, 42.1678860002417], [-87.8261329999792, 42.1681340002309], [-87.8256070004477, 42.1681320001329], [-87.8248530004123, 42.1687279999194], [-87.8232549999298, 42.1687010001756], [-87.8232919997397, 42.1672389999749], [-87.8234359996797, 42.1589230002356], [-87.8223000000529, 42.1570419997741], [-87.8210780002124, 42.1525410000098], [-87.8211739995735, 42.1525440002302], [-87.8244220004171, 42.1526899999059], [-87.828446000139, 42.1527149999033], [-87.833499000256, 42.152737999972], [-87.8335770000738, 42.1499299998148], [-87.8319030003216, 42.1474589999617], [-87.8307960001088, 42.1458169996799], [-87.8300839999062, 42.1447549997244], [-87.8312940000512, 42.1450830002724], [-87.8389380001623, 42.1484770000198], [-87.8416809995942, 42.1494099997316], [-87.8434859997659, 42.1496380000481], [-87.8482259998885, 42.1497019998841], [-87.8557379997552, 42.1498380000701], [-87.8678759999416, 42.1497010002098], [-87.8679489997365, 42.1499319998223], [-87.8709640000532, 42.1500729998547], [-87.8723840002605, 42.1507339997115], [-87.8739850002178, 42.1513740000626], [-87.8744990000537, 42.152945999838], [-87.8759999995535, 42.1529470001271], [-87.8834770001584, 42.1529529998632], [-87.8872680002518, 42.1529529998632], [-87.8923489999579, 42.1529980001972], [-87.8972399996932, 42.1530269998922], [-87.9099310000735, 42.1531309997688], [-87.9113489997327, 42.1531359998674], [-87.9106700000403, 42.1546250000741], [-87.9123870003485, 42.1547439999046], [-87.9135499997395, 42.1559059997691], [-87.9133339998295, 42.1590120001795], [-87.9184830002059, 42.159852999919], [-87.9305080004144, 42.1596549999459], [-87.9370689997039, 42.1595480002474], [-87.9366460001046, 42.1585850001463], [-87.936743000189, 42.1583670001317], [-87.9376660002788, 42.1604679996984], [-87.9387090000192, 42.1628429997384], [-87.9393950002825, 42.164403999768], [-87.9409870000189, 42.1680719998254]]]}, "properties": {"OBJECTID": 841, "ZCTA5": "60015", "DDA_CODE": "METRO16980M16980", "DDA_TYPE": "SA", "DDA_NAME": "Chicago-Joliet-Naperville, IL HUD Metro FMR Area"}}, {"type": "Feature", "id": 849, "geometry": {"type": "Polygon", "coordinates": [[[-87.8049690000075, 42.0973710001217], [-87.8058999995949, 42.0991179996681], [-87.8017019997956, 42.099078000073], [-87.8017489996513, 42.1009050002096], [-87.7985889995696, 42.100429000076], [-87.7989939996256, 42.1053760001479], [-87.7991650002281, 42.1069109999119], [-87.8015589996805, 42.1101640001442], [-87.7999810001878, 42.1103570001502], [-87.7999739996168, 42.1181629998293], [-87.7998759997075, 42.1185279996869], [-87.7900399998103, 42.1184249997775], [-87.7900420003584, 42.1183120000014], [-87.7878480000243, 42.1174270000338], [-87.7850079996097, 42.1173899998827], [-87.7851049996941, 42.1195679997367], [-87.7837740000736, 42.1182799998866], [-87.7823899998513, 42.1195920000027], [-87.7800809998894, 42.116154999914], [-87.7776630001476, 42.1161439996686], [-87.7755159996691, 42.1126629997757], [-87.7755800001415, 42.1160729997952], [-87.7755409997835, 42.1160699998457], [-87.7734250001654, 42.1159959999364], [-87.7704629995521, 42.1168179997329], [-87.7703760004118, 42.1197370002232], [-87.7607210002645, 42.1197640002], [-87.7585920002277, 42.1196860000134], [-87.756165000265, 42.1194719999141], [-87.7527359996715, 42.1195289998679], [-87.7512960002711, 42.1196430002881], [-87.7512979999209, 42.1195220001452], [-87.7459229995886, 42.119442000023], [-87.7456509996021, 42.1191139999317], [-87.7451479996368, 42.1193399997539], [-87.7449769999326, 42.1194309996818], [-87.7444510004011, 42.1193350003179], [-87.7473119998338, 42.1226989998589], [-87.7485909995758, 42.1242249998535], [-87.7450999999563, 42.1250140000667], [-87.7417089998959, 42.1262599997635], [-87.7416899268658, 42.1282653882996], [-87.7416620000402, 42.1282270000548], [-87.7411162223011, 42.1274910938379], [-87.7361620000345, 42.1208110002011], [-87.731938000296, 42.1171109997766], [-87.7311928109369, 42.1157517671708], [-87.7305969997314, 42.1146649996822], [-87.7246609997076, 42.1077270002186], [-87.7246028553526, 42.1076743808729], [-87.720407461566, 42.1038776733586], [-87.7171691813921, 42.1009471255121], [-87.7170202505995, 42.1008123480404], [-87.7149663488221, 42.0989537246208], [-87.7122058511068, 42.0964554583597], [-87.7109600000971, 42.0953280001292], [-87.7109449946386, 42.0953180048012], [-87.7130320002326, 42.0934980002783], [-87.7174789995538, 42.0935240002059], [-87.7175079998661, 42.0917040001975], [-87.7214000002419, 42.0918369998363], [-87.721323000249, 42.091144000098], [-87.7223769998601, 42.091156999879], [-87.7232139997362, 42.0917900001963], [-87.7260159996176, 42.0918099999622], [-87.7245100000949, 42.087830000298], [-87.7251760002668, 42.0879610000954], [-87.7252209995743, 42.0872979997961], [-87.7321430003354, 42.086917000136], [-87.7321779995972, 42.0864370003202], [-87.7358220002759, 42.0864959999906], [-87.7412620000072, 42.0865859997323], [-87.7418829999732, 42.0865959997698], [-87.7419159995851, 42.0851919997469], [-87.7449779997575, 42.0854409996828], [-87.7464709997597, 42.0853460002001], [-87.7505809996954, 42.0849620000625], [-87.7516610001441, 42.0848760001402], [-87.7572900000212, 42.084891999964], [-87.7600400000241, 42.0849860000975], [-87.7599920003435, 42.0867260001138], [-87.7641249998454, 42.0867300001202], [-87.7663080003089, 42.0858270002862], [-87.7663040001109, 42.0865030000269], [-87.7678919996494, 42.0869260001229], [-87.7699029996855, 42.0875460001441], [-87.7713789999692, 42.087619999931], [-87.7730879998815, 42.0869360001068], [-87.7759409998165, 42.0870139999272], [-87.7760350004262, 42.0906660001468], [-87.7782520003266, 42.0906890000847], [-87.7779750003171, 42.0933180002819], [-87.7807069998783, 42.093034999936], [-87.7807100002514, 42.0928260000407], [-87.7855879995678, 42.0925549997506], [-87.788483000234, 42.0919059996844], [-87.7884530000968, 42.0934079996773], [-87.7894540000044, 42.0934420001416], [-87.7893939997299, 42.0944039998805], [-87.7904309996225, 42.0944130001382], [-87.7980820003047, 42.0944840002756], [-87.7983130002834, 42.0970160001359], [-87.8056329996312, 42.0972509999546], [-87.8049690000075, 42.0973710001217]]]}, "properties": {"OBJECTID": 849, "ZCTA5": "60093", "DDA_CODE": "METRO16980M16980", "DDA_TYPE": "SA", "DDA_NAME": "Chicago-Joliet-Naperville, IL HUD Metro FMR Area"}}, {"type": "Feature", "id": 883, "geometry": {"type": "Polygon", "coordinates": [[[-87.9941469997443, 42.2268329999263], [-87.9941519997672, 42.2334769999652], [-87.9923569996412, 42.2334959998777], [-87.9913959999166, 42.2334919998266], [-87.989216999651, 42.2334830000432], [-87.9892159998261, 42.2338449997035], [-87.9892140001763, 42.2363140001565], [-87.98852299989, 42.2370910001808], [-87.9843150000451, 42.2368259997025], [-87.9843109998471, 42.233462999781], [-87.9794350001805, 42.2334870000949], [-87.979454000447, 42.2287950000122], [-87.9792560000803, 42.2286889999893], [-87.9790080003832, 42.2285650001508], [-87.9771670002265, 42.2276420003237], [-87.9770170004386, 42.2305400000613], [-87.9769520001413, 42.2334209998748], [-87.9769510003164, 42.233497000223], [-87.9743019996975, 42.2335039999792], [-87.9769139996081, 42.238532999757], [-87.9769139996081, 42.2387940000026], [-87.9780979998139, 42.240536999804], [-87.9770790003629, 42.240522000287], [-87.9771479999599, 42.2408589997495], [-87.9785420002279, 42.2443429997042], [-87.9794059998681, 42.2463219998727], [-87.979454000447, 42.2464359999975], [-87.979519999671, 42.2465869997055], [-87.9820489997409, 42.246121000271], [-87.9833459999245, 42.2478629997043], [-87.9817990003939, 42.2486959997043], [-87.9804119997986, 42.2486769997135], [-87.9806410001275, 42.2499950002014], [-87.979122000186, 42.2549369997793], [-87.9790979998966, 42.2551059998013], [-87.9789079999258, 42.2565749999929], [-87.9786950003888, 42.2573469999999], [-87.9744249997212, 42.2660070001155], [-87.9740599998482, 42.2674749998299], [-87.974001000297, 42.2696620002172], [-87.9690770000514, 42.2693230001904], [-87.9691089998385, 42.2660070001155], [-87.9685120001619, 42.2660049997909], [-87.9641720000725, 42.2665269999065], [-87.9642099997073, 42.2638520002117], [-87.9617209998204, 42.263620999951], [-87.9489039999416, 42.2624180000477], [-87.9471060003409, 42.2542169997569], [-87.9470870000743, 42.2541300002282], [-87.9470560001122, 42.2539900001844], [-87.9470240003251, 42.2538569999879], [-87.9454149999719, 42.2457669997527], [-87.9405650002445, 42.2455929998743], [-87.9404220001294, 42.245588999925], [-87.9406210003211, 42.2442280002773], [-87.9392210002053, 42.2405309997316], [-87.9390529999758, 42.2405350000017], [-87.9369359996345, 42.2390939998765], [-87.9358469998633, 42.2372280002929], [-87.9358739996275, 42.2351260002723], [-87.9334700001294, 42.2292679999216], [-87.9341089996387, 42.2279960000915], [-87.9364259999966, 42.2269240003167], [-87.9377139999594, 42.2260380003086], [-87.9351449997065, 42.2215550003156], [-87.9354689995716, 42.2215589997927], [-87.9334480003881, 42.2198490000029], [-87.9330459998069, 42.2193359998838], [-87.9319939998456, 42.2185069998172], [-87.9359380000999, 42.2180750000219], [-87.9364489995628, 42.2175440000084], [-87.9350750002846, 42.2146590002055], [-87.9337870003218, 42.2101169997708], [-87.9322149997786, 42.2090729997318], [-87.932166000273, 42.2072340002438], [-87.9331510002871, 42.2072239999479], [-87.9331439997161, 42.2071990001994], [-87.9331339996704, 42.2071630000383], [-87.9330459998069, 42.2067959999064], [-87.9332630004401, 42.2016710001818], [-87.933152999937, 42.2009269998974], [-87.935461000074, 42.2012910002796], [-87.9363620004225, 42.2012639997985], [-87.9369120002434, 42.2015420002558], [-87.9372069997961, 42.2015249997507], [-87.937540999707, 42.2012630002734], [-87.9380079996872, 42.2011820000907], [-87.9387740003165, 42.2013199997975], [-87.9392270000531, 42.2016130001238], [-87.93929599965, 42.2022859999531], [-87.9398000003385, 42.2031089996933], [-87.9409019996301, 42.2043450000442], [-87.9432399999043, 42.2057080002595], [-87.9476340004205, 42.2054819999703], [-87.9504849998074, 42.2082649996986], [-87.9508739999698, 42.2081189998666], [-87.952771000203, 42.2102330001886], [-87.9552090000364, 42.2099560000997], [-87.9552090000364, 42.2098690000902], [-87.9554629995812, 42.2097069997302], [-87.9555029997642, 42.2096430000485], [-87.955480000198, 42.2095870001075], [-87.9556579995749, 42.2094550001926], [-87.9556910000852, 42.2094100000981], [-87.9564429995725, 42.2085059998225], [-87.9564440002957, 42.2082429999369], [-87.9576639995881, 42.2082419998568], [-87.9588009999382, 42.2044699996771], [-87.9590279997189, 42.2044659997832], [-87.9591950001235, 42.204466999923], [-87.9612349995735, 42.2043700002567], [-87.9645310000977, 42.2043759997739], [-87.9650109995984, 42.2044769999899], [-87.9649810003595, 42.2103270000267], [-87.964183999768, 42.2075770003187], [-87.9610830001359, 42.2061549998435], [-87.9602989999633, 42.2065849997826], [-87.9602320000161, 42.2067840000002], [-87.9618870004, 42.2099369997561], [-87.9628330000561, 42.2117579999592], [-87.9629250001176, 42.2117579999592], [-87.9649710003137, 42.2117519998124], [-87.9746799999893, 42.2117259998348], [-87.9746389999815, 42.2189919998868], [-87.9795730002727, 42.2189719996901], [-87.9838060002321, 42.2189590001908], [-87.9892540003592, 42.2189559997943], [-87.9940720002996, 42.2189590001908], [-87.9940689999265, 42.2195029996707], [-87.9940630000787, 42.2241090000316], [-87.9941469997443, 42.2268329999263]]]}, "properties": {"OBJECTID": 883, "ZCTA5": "60061", "DDA_CODE": "METRO16980M16980", "DDA_TYPE": "SA", "DDA_NAME": "Chicago-Joliet-Naperville, IL HUD Metro FMR Area"}}, {"type": "Feature", "id": 911, "geometry": {"type": "Polygon", "coordinates": [[[-88.4783050004316, 42.0118920002441], [-88.4784650002652, 42.0191330001888], [-88.4729150000308, 42.0192229999979], [-88.4686000000557, 42.0221729999703], [-88.4672939996512, 42.0224669997681], [-88.4641429997904, 42.0223610003155], [-88.4641829999733, 42.0309029999192], [-88.4625300001376, 42.0308619998133], [-88.4597180002104, 42.0293680001322], [-88.4468839997149, 42.0286169998042], [-88.4454850003224, 42.0299020001917], [-88.4448889995724, 42.0320750001761], [-88.4454459999643, 42.0329820001055], [-88.4484520000602, 42.0342000001869], [-88.4459799998917, 42.0342490000967], [-88.4443780001095, 42.0356740002861], [-88.4437529999455, 42.0387089999742], [-88.442599999702, 42.0416200000112], [-88.4404539999467, 42.0436130000765], [-88.436560999746, 42.0438540002781], [-88.4358319998249, 42.0435660000773], [-88.4345310003417, 42.0403249996995], [-88.4339160002234, 42.0399659998359], [-88.4278639998487, 42.0388830002229], [-88.4256960003521, 42.0394550000908], [-88.425549000039, 42.0405980003306], [-88.4265130001367, 42.0430950001532], [-88.42299200038, 42.0428899999909], [-88.4228829997017, 42.0454120001102], [-88.4203059999512, 42.046962000072], [-88.4200869996681, 42.0469369997056], [-88.4189180004293, 42.0468880002397], [-88.4168939999744, 42.0466280001814], [-88.4108409997747, 42.0458570001001], [-88.4109489997298, 42.0534839998711], [-88.4095810002994, 42.053440999941], [-88.4051690002399, 42.0553339998378], [-88.4055969998621, 42.0558060002232], [-88.4048260001082, 42.0556440001924], [-88.4025580001542, 42.0573139998446], [-88.4036190003363, 42.0625220002062], [-88.4068289997484, 42.0660419998499], [-88.409264000107, 42.0667720000553], [-88.4085109998965, 42.0667399999354], [-88.4057979997035, 42.0668009998792], [-88.4036059999175, 42.0667660001591], [-88.4036400002527, 42.0682760001681], [-88.4036079995673, 42.0774930000325], [-88.4035470003663, 42.081466000209], [-88.3938999997166, 42.0815770001607], [-88.3938729999524, 42.0880560003289], [-88.3938450003634, 42.0881479998159], [-88.3938660002798, 42.0883499999606], [-88.3913589999512, 42.0913360000796], [-88.3889770001943, 42.0952940000095], [-88.3834289996097, 42.0942270001057], [-88.3817359995909, 42.0925169998363], [-88.3810429996549, 42.0903780002475], [-88.379214000092, 42.0888000002409], [-88.379539999607, 42.0791299997672], [-88.3780130001679, 42.078603999766], [-88.374489999863, 42.0775699999812], [-88.3723209996432, 42.0769480001755], [-88.3671660003173, 42.075447000036], [-88.3597280000705, 42.0731379998988], [-88.3577759995856, 42.0725709997122], [-88.3567849997238, 42.0668250001143], [-88.3558690002049, 42.066901000021], [-88.3550809998343, 42.0668250001143], [-88.3551629998501, 42.0704859997155], [-88.3549539996127, 42.0724179998208], [-88.3548599999014, 42.074407000315], [-88.3549169998028, 42.0761919999542], [-88.3548590000765, 42.0793209999878], [-88.3548520004038, 42.0796709997694], [-88.3548630002745, 42.0815700002476], [-88.3547760002358, 42.089088999936], [-88.3546830003494, 42.0890389996977], [-88.3546630002579, 42.0892830000608], [-88.3497790001953, 42.0871370001156], [-88.3493940002309, 42.0962850000028], [-88.3523099999151, 42.0963630003256], [-88.3522489998157, 42.1033439999267], [-88.3399309997043, 42.1033849999022], [-88.3352099998483, 42.1033849999022], [-88.3351780000612, 42.1000359998044], [-88.3351749996882, 42.0996740001585], [-88.3351410002513, 42.0962329997343], [-88.3351889999319, 42.088586999835], [-88.3352230002671, 42.0873719998724], [-88.3352819998183, 42.0866069998092], [-88.3353980001693, 42.084113000066], [-88.3354060436843, 42.0838370009842], [-88.3354140000628, 42.0835640001895], [-88.3354890004059, 42.080819000224], [-88.3354960000786, 42.0806199997295], [-88.3355069999492, 42.0803130002788], [-88.3363310003048, 42.0780899997258], [-88.3391199997674, 42.0816299998589], [-88.3402629999653, 42.0816350002684], [-88.3379940001863, 42.0792359998733], [-88.337712999979, 42.07079900021], [-88.3355119999721, 42.0707910001888], [-88.3355570001779, 42.0670409998215], [-88.3356509998893, 42.0650519999185], [-88.3357799997607, 42.0634900001556], [-88.3359959996708, 42.0620899999858], [-88.336065999991, 42.0617629997077], [-88.33669000033, 42.0595660002054], [-88.3367909997141, 42.0592630000271], [-88.3369980003016, 42.0586480000076], [-88.3378300001548, 42.0569500002476], [-88.3398999997421, 42.0527030002483], [-88.3409190000914, 42.0505340001531], [-88.3410549996355, 42.0501979998781], [-88.3411440002223, 42.0477229999272], [-88.34111499991, 42.043950999841], [-88.3411249999557, 42.0417539999189], [-88.3410939999936, 42.0389079997555], [-88.3410050003051, 42.0367660003054], [-88.3407509998619, 42.0361489996987], [-88.3385339999615, 42.0337699998207], [-88.3381280000806, 42.0322039998947], [-88.3464519997091, 42.0348579999224], [-88.3520520001722, 42.0362590000326], [-88.3524899998401, 42.0351669999754], [-88.3508019998443, 42.0357030003], [-88.3498389995715, 42.0354730001019], [-88.3460869998361, 42.034438999744], [-88.3453830000294, 42.0342099998039], [-88.3444249997795, 42.0339390000851], [-88.3438259995548, 42.0336919999577], [-88.3426580001409, 42.0331059997566], [-88.341263000048, 42.0324460001865], [-88.3394140003936, 42.0284060001289], [-88.3384539995956, 42.0280310001919], [-88.3390000001168, 42.0251590001668], [-88.3396019998163, 42.0252129998882], [-88.3429109998609, 42.0235260002613], [-88.3438339999507, 42.0224970001477], [-88.3454869997865, 42.0200349999908], [-88.3409430003808, 42.021215], [-88.3391239999654, 42.0213160002073], [-88.3367870004144, 42.0179169998924], [-88.3363329999547, 42.0163830000101], [-88.3363129998632, 42.0162409997849], [-88.3362790004263, 42.0143560002487], [-88.3361909996644, 42.0070279999412], [-88.335997000394, 42.000194999674], [-88.3359849998001, 41.9997739999604], [-88.3360480004476, 41.99858099999], [-88.3362690003806, 41.9978020000286], [-88.3367120000713, 41.9969760001457], [-88.3380080004301, 41.9957950003104], [-88.3394160000434, 41.9947399998547], [-88.3404360002176, 41.9933380000566], [-88.3405719997618, 41.99301999974], [-88.3407309997704, 41.9924739999501], [-88.3407850001971, 41.9920439998195], [-88.3407940004179, 41.9907630002886], [-88.3436409996068, 41.9921450002804], [-88.3447210000555, 41.9921469999244], [-88.3487590000211, 41.9920370000527], [-88.3526980002526, 41.9922279998055], [-88.3533640004245, 41.9921910000869], [-88.3537669999323, 41.9921509998797], [-88.3585270001463, 41.9919530001197], [-88.3584350000848, 41.9900200002554], [-88.3603349997928, 41.9900389998413], [-88.3602369998835, 41.9885870001039], [-88.3581449996566, 41.9900310003327], [-88.3561300003209, 41.9891289997064], [-88.3558730004029, 41.9851220001535], [-88.3543309999969, 41.9849550002244], [-88.3559760003351, 41.9849559998254], [-88.3578309998372, 41.9849579996952], [-88.3577949998522, 41.9853299997526], [-88.3588109998284, 41.9849589999639], [-88.3637049999367, 41.9850729997799], [-88.364796000256, 41.985153999982], [-88.3647850003854, 41.9859089997609], [-88.3743719998622, 41.9860389999027], [-88.3753290002873, 41.9860249997153], [-88.3754799999, 41.986022999879], [-88.3758170001839, 41.9860179999543], [-88.3792690003436, 41.9863730003134], [-88.3817270002684, 41.9867810000888], [-88.3849710000157, 41.9873590000242], [-88.3857230004013, 41.9875100000069], [-88.3856999999368, 41.9842909999152], [-88.3953040000304, 41.9840999997184], [-88.401425999827, 41.9839810000788], [-88.4051369995545, 41.9840030003151], [-88.4073350000867, 41.9839239998864], [-88.4100430002567, 41.9838270002149], [-88.4136429996562, 41.9836970002306], [-88.4144169997831, 41.9836880003041], [-88.4227620002262, 41.9835959997206], [-88.4247969996534, 41.9835490000899], [-88.4302930003595, 41.9835089997942], [-88.4325670001613, 41.9834929998025], [-88.4331959996249, 41.983487999679], [-88.4331899997771, 41.9813629998146], [-88.4337739999332, 41.9813560002088], [-88.4348590004047, 41.9813429999849], [-88.434841999788, 41.9793210001438], [-88.4383039999935, 41.9792919997927], [-88.4385600000865, 41.9711379998898], [-88.4340500001177, 41.968963000066], [-88.4370129996576, 41.9688959999222], [-88.4401300000816, 41.9710129998155], [-88.4396060001999, 41.971618000193], [-88.4437989999763, 41.9735959998821], [-88.4485690002361, 41.9758569998573], [-88.4508849998707, 41.9769539999474], [-88.453249999909, 41.9776229998874], [-88.4535550004059, 41.9777090001275], [-88.4535450003601, 41.9756720002235], [-88.4554729996572, 41.9736700002086], [-88.4604880001393, 41.9733480000199], [-88.4630170002093, 41.9739650002137], [-88.4647679999543, 41.9730939998011], [-88.4667420001805, 41.9696540003077], [-88.4730509995749, 41.9718940000318], [-88.4778700002385, 41.9718940000318], [-88.4778719998883, 41.9827650002654], [-88.4731340003139, 41.9828400002565], [-88.4731719999487, 41.9864570002649], [-88.4694379997567, 41.9865319999133], [-88.4706219999624, 41.9879710002454], [-88.4723419997453, 41.9900770003315], [-88.4775379999774, 41.9963519999712], [-88.4732749998809, 41.9963799998063], [-88.4732859997515, 41.9974030001168], [-88.4733450002011, 41.999659999768], [-88.4736609996703, 42.0119270001654], [-88.4783050004316, 42.0118920002441]]]}, "properties": {"OBJECTID": 911, "ZCTA5": "60124", "DDA_CODE": "METRO16980M16980", "DDA_TYPE": "SA", "DDA_NAME": "Chicago-Joliet-Naperville, IL HUD Metro FMR Area"}}, {"type": "Feature", "id": 916, "geometry": {"type": "MultiPolygon", "coordinates": [[[[-88.3406229998154, 42.2491850002976], [-88.3402830000568, 42.2517090001269], [-88.3381849999821, 42.2515060002817], [-88.3355139996219, 42.2522720002157], [-88.335516999995, 42.2522180002786], [-88.3355580000028, 42.2515319998366], [-88.336987000431, 42.2515749997161], [-88.3371249996249, 42.2492759997135], [-88.3406229998154, 42.2491850002976]]], [[[-88.3842520001404, 42.2574420001358], [-88.3842839999274, 42.2605680002134], [-88.377527999746, 42.2605910002743], [-88.3761490004449, 42.2580800002796], [-88.3725490001472, 42.2605019997318], [-88.3788440001962, 42.2676510001091], [-88.3767479997713, 42.2677660000412], [-88.3767729998857, 42.2690220000406], [-88.3775119998525, 42.2690130000073], [-88.3777009999984, 42.2760209997358], [-88.3786070003697, 42.2767350000843], [-88.372446000215, 42.2734840003], [-88.3717180001189, 42.2730960001295], [-88.3689329999559, 42.2716340001405], [-88.3620040004204, 42.2679759999828], [-88.3610899996531, 42.2689450001579], [-88.3591959997929, 42.2679710003247], [-88.3552370003683, 42.2680150000944], [-88.3552320003454, 42.2695840000137], [-88.3510439996936, 42.2696869998274], [-88.3499819996866, 42.2719380003193], [-88.3500269998925, 42.2769649998256], [-88.3452440001122, 42.277087000284], [-88.3452929996177, 42.2818409997771], [-88.3501470004414, 42.2818359998896], [-88.3502100001906, 42.2841370001779], [-88.3551329997129, 42.2841430000896], [-88.3551500003296, 42.2882360003131], [-88.3537510000388, 42.2881769998948], [-88.3531779997533, 42.2882620000068], [-88.3531180003772, 42.28847700013], [-88.3536809997186, 42.2897359997519], [-88.3543119997303, 42.290088999869], [-88.3551460001317, 42.2901330001459], [-88.3551450003068, 42.2913860000092], [-88.3551620000252, 42.2949260001177], [-88.3516110001313, 42.2949739998128], [-88.3510239996021, 42.2947810001104], [-88.3503909999405, 42.2949820000907], [-88.3502980000541, 42.2986140000135], [-88.3405879996553, 42.2985609998815], [-88.3259139997263, 42.2980810000526], [-88.3259220001222, 42.3010870002065], [-88.3249289997122, 42.3010780001019], [-88.3222580002503, 42.3007090000226], [-88.3231240004387, 42.2980720001828], [-88.3215009998419, 42.2980770001106], [-88.3216149996447, 42.3012550001505], [-88.3194110001631, 42.302579999818], [-88.316158000195, 42.3026349997154], [-88.3161260004079, 42.2979750001757], [-88.2995579997204, 42.2987240000446], [-88.2994039997346, 42.2987240000446], [-88.2993090001984, 42.2992100000932], [-88.2967240000519, 42.2992389998094], [-88.2967259997018, 42.2987279999455], [-88.2965340000812, 42.2955820000939], [-88.2870379999426, 42.2957159999981], [-88.2869779996681, 42.2920359998217], [-88.2820769998871, 42.2920740002472], [-88.282005999742, 42.2848340002757], [-88.2771359999231, 42.2848710001988], [-88.2771180003798, 42.282898999751], [-88.2746899996939, 42.2829049997806], [-88.2746689997775, 42.2812469999951], [-88.2722069996547, 42.28125399977], [-88.2642649996177, 42.2812879997101], [-88.2635940003213, 42.2836300002585], [-88.2633850000839, 42.2849229996949], [-88.2621530001976, 42.2849290001963], [-88.2620629997859, 42.2863070003119], [-88.2609439998775, 42.2870579997119], [-88.2609360003799, 42.286922999832], [-88.2610510000076, 42.2849309999202], [-88.2479150002867, 42.2850509998562], [-88.2461750004123, 42.2850649998893], [-88.2461670000163, 42.283149000057], [-88.2456799999446, 42.283010000206], [-88.2442959997224, 42.2829480001975], [-88.244306999593, 42.2850889998437], [-88.2430970003463, 42.2851019996767], [-88.2430670002091, 42.2814879999641], [-88.2473410001763, 42.2814360002915], [-88.2479820002338, 42.2839219998635], [-88.2479189995863, 42.2778489999706], [-88.2361570000419, 42.2779729999916], [-88.2335069995981, 42.2780020001811], [-88.2335230003899, 42.2801459998896], [-88.2304799995858, 42.2809250002029], [-88.2297080000071, 42.2794419997957], [-88.2301809998351, 42.2779950000449], [-88.2293339999132, 42.277969000102], [-88.231647999898, 42.2750859999604], [-88.232597999752, 42.2740119998473], [-88.2367629999393, 42.2704489999133], [-88.2376550000669, 42.2697019997217], [-88.2381780001237, 42.2692630002311], [-88.2406100001092, 42.2672310000199], [-88.2420269999434, 42.2660509999264], [-88.2459100000984, 42.2670000001742], [-88.247788000065, 42.2669589998052], [-88.2477019998513, 42.2633540001407], [-88.2528029996489, 42.263330999758], [-88.2526849996481, 42.2619409997311], [-88.2562299996943, 42.2614870001935], [-88.2562370002653, 42.2623530000609], [-88.2574209995727, 42.2615080001168], [-88.2574399998392, 42.2603479996693], [-88.2603239997364, 42.2599839999603], [-88.2606819999367, 42.2599399999043], [-88.2711670002873, 42.258615000168], [-88.2722130004008, 42.2583159999895], [-88.2733759997918, 42.2575880002756], [-88.2742810003383, 42.2564109998285], [-88.2769700002418, 42.255934999936], [-88.2837790001267, 42.2559379999047], [-88.2837699999058, 42.2552340000202], [-88.2818099999234, 42.2552390000235], [-88.2818230003422, 42.2527509999485], [-88.2810269995757, 42.2531710000845], [-88.2824409999352, 42.2521959998723], [-88.2840519999382, 42.2508410002261], [-88.2841540000454, 42.2507540000302], [-88.2866830001153, 42.2486500002068], [-88.2880720003605, 42.2486459997863], [-88.2888640000307, 42.2486420000306], [-88.2916469996455, 42.2486250002345], [-88.2922209997559, 42.2486199997069], [-88.2964839998524, 42.2485909999637], [-88.306160999741, 42.2485180001614], [-88.3118010003871, 42.2484659998864], [-88.3120919997419, 42.2511669997096], [-88.3161120001642, 42.2511489998637], [-88.3158100000404, 42.25604200006], [-88.3206520002702, 42.2559770001493], [-88.3207590004004, 42.2537770001295], [-88.3208270001724, 42.2522229998561], [-88.3208270001724, 42.2520079997144], [-88.3208580001345, 42.2490989999104], [-88.3256889995954, 42.2487239999603], [-88.3305969999474, 42.2513649996708], [-88.335400999644, 42.2539099998298], [-88.335412000413, 42.253730999683], [-88.3354519996976, 42.2531409997401], [-88.338446000098, 42.2518310002631], [-88.3403950002098, 42.2519089998233], [-88.3402210001325, 42.2553400000048], [-88.3386150001524, 42.2554209998729], [-88.3529440002999, 42.2553060000292], [-88.3527669998496, 42.2548349998104], [-88.3450290000271, 42.2547830000888], [-88.3453060000365, 42.2509579997043], [-88.3487260004092, 42.2507280001547], [-88.3467039996041, 42.2487869998257], [-88.3476069996025, 42.2479789999357], [-88.3550850000323, 42.2479520001302], [-88.3696459999834, 42.2479060000901], [-88.3720770001441, 42.2478989999365], [-88.3720820001669, 42.2503300001094], [-88.3731910000296, 42.2503230002248], [-88.3731879996566, 42.247907000207], [-88.3736730000784, 42.2479209998466], [-88.3752580001421, 42.2480260000375], [-88.3772089999037, 42.2497630002903], [-88.3777960004329, 42.2499179996893], [-88.3794330003751, 42.2502390002191], [-88.3793970003901, 42.2546580003139], [-88.3794109997355, 42.2575979999085], [-88.3842520001404, 42.2574420001358]]]]}, "properties": {"OBJECTID": 916, "ZCTA5": "60012", "DDA_CODE": "METRO16980M16980", "DDA_TYPE": "SA", "DDA_NAME": "Chicago-Joliet-Naperville, IL HUD Metro FMR Area"}}, {"type": "Feature", "id": 946, "geometry": {"type": "Polygon", "coordinates": [[[-88.1796630001575, 41.6519870000676], [-88.178288999981, 41.6579819999811], [-88.1698790001388, 41.6582269997862], [-88.1697829998794, 41.6559769999189], [-88.165005000122, 41.6560799997629], [-88.1653680003452, 41.6669220003178], [-88.1656889998372, 41.6741799997213], [-88.1658279997544, 41.6775349999098], [-88.165883000006, 41.6791759997159], [-88.1658949997015, 41.6794819997438], [-88.1659320004098, 41.6804819997167], [-88.166720999707, 41.6808529999754], [-88.1664770002078, 41.6814430002654], [-88.1661800001069, 41.6822400001835], [-88.166243999681, 41.6886900001577], [-88.1662360001834, 41.688863000077], [-88.166319999849, 41.6903089997965], [-88.166323000222, 41.6904049997546], [-88.1641759997435, 41.6914769999526], [-88.1621019999583, 41.6950439998713], [-88.1591159999539, 41.6986740002351], [-88.1553380002792, 41.7018260000077], [-88.1540729998826, 41.7011600000315], [-88.1526479996525, 41.7023999997699], [-88.1492759998587, 41.7011030001935], [-88.147730999978, 41.7018839998845], [-88.1472620003479, 41.7022260000373], [-88.1472589999748, 41.7021290002788], [-88.1447419996005, 41.70304499984], [-88.1445979996604, 41.7041620001315], [-88.1440810003498, 41.7055969998338], [-88.1429199997103, 41.7071190001639], [-88.142348999973, 41.7072640002288], [-88.1407160002287, 41.7069999999542], [-88.1362229999784, 41.7092130001676], [-88.135949000342, 41.7090310002418], [-88.135693000249, 41.7085070000027], [-88.1352010001544, 41.7081399999272], [-88.1328310000931, 41.7082950001361], [-88.1321459996547, 41.7084980001776], [-88.1303549997266, 41.7088710002941], [-88.1281500004201, 41.7089250002539], [-88.1279989999091, 41.7111079999398], [-88.1270830003903, 41.7078299997296], [-88.12679700016, 41.7068230001309], [-88.125443000075, 41.702965999837], [-88.1253860001736, 41.7028270001055], [-88.1244089996571, 41.7002879999372], [-88.1218100001653, 41.6947299997757], [-88.1222500003813, 41.6934600002174], [-88.11984500016, 41.6926059997676], [-88.119291999966, 41.6922060002733], [-88.1175539997414, 41.6898689996647], [-88.1126329998689, 41.6833800003304], [-88.1110799995922, 41.6813300001363], [-88.1079920003789, 41.677238000193], [-88.1055539996472, 41.6780610003327], [-88.1009419995712, 41.677541000222], [-88.095649999978, 41.6777139999266], [-88.0956330002595, 41.6756029997736], [-88.1067400004011, 41.6755889999645], [-88.1015030001611, 41.6684320002246], [-88.1009290000508, 41.6678499997116], [-88.0977170000906, 41.66487499973], [-88.091181999842, 41.6616019998477], [-88.0911829996669, 41.6615839998208], [-88.0917729996708, 41.6616779997567], [-88.0960419996151, 41.663757999708], [-88.0959250003376, 41.6614309997246], [-88.1056549999296, 41.6611310002835], [-88.1104800004409, 41.6610340003017], [-88.1105309995962, 41.6628779997461], [-88.1108810002989, 41.6755060001232], [-88.1206030003933, 41.6753420002919], [-88.1203969996307, 41.6681179997574], [-88.1234069999245, 41.6680529999138], [-88.125290999739, 41.6680189998353], [-88.1249900003384, 41.6586249997455], [-88.1249450001326, 41.6565759997417], [-88.1249069995994, 41.655566000296], [-88.1249069995994, 41.6554510002585], [-88.1305010002148, 41.6533320002316], [-88.1314080004111, 41.6529689998687], [-88.1333330002334, 41.6521089996871], [-88.1345430003784, 41.6514610000418], [-88.1452970003426, 41.6454839998595], [-88.1453919998788, 41.6494259998098], [-88.1540779999055, 41.6492039996666], [-88.1550350003305, 41.6499610003041], [-88.1552570000884, 41.6522160001151], [-88.1570410003437, 41.6526299999459], [-88.1614059996492, 41.6506549997416], [-88.1626889995891, 41.6465570000414], [-88.1646550003176, 41.6459399999838], [-88.1646269998302, 41.6451809999928], [-88.1685819999552, 41.6450859999251], [-88.1694509996184, 41.6450639997693], [-88.1702680003013, 41.644903999814], [-88.1704659997697, 41.6449380000139], [-88.174293999673, 41.6448300000275], [-88.1742679997338, 41.6449459997819], [-88.1744850003671, 41.6521329996731], [-88.1796630001575, 41.6519870000676]]]}, "properties": {"OBJECTID": 946, "ZCTA5": "60490", "DDA_CODE": "METRO16980M16980", "DDA_TYPE": "SA", "DDA_NAME": "Chicago-Joliet-Naperville, IL HUD Metro FMR Area"}}, {"type": "Feature", "id": 980, "geometry": {"type": "Polygon", "coordinates": [[[-88.260419097189, 41.6797878554092], [-88.2533779995841, 41.6798890002977], [-88.2503990001508, 41.679936000003], [-88.2502590004087, 41.6799380000325], [-88.2437049998936, 41.6800429998179], [-88.2439159997808, 41.6872950002458], [-88.2351760002257, 41.6874469996877], [-88.2353879999378, 41.6938770002225], [-88.2392259998869, 41.6946459996825], [-88.2470080000904, 41.6945309996885], [-88.2471470000076, 41.6987849999708], [-88.2468139999216, 41.6988649998005], [-88.242699999788, 41.6998499997342], [-88.2417149997739, 41.7002210003199], [-88.241489999643, 41.7061659997538], [-88.2444570002791, 41.7061199997046], [-88.2445419997696, 41.709064000215], [-88.2487649996832, 41.7089939999875], [-88.2487770002771, 41.7094599999133], [-88.2397049995627, 41.7096230000729], [-88.2397539999665, 41.7113620001537], [-88.2359760002919, 41.7114590000657], [-88.2352120002107, 41.7114780000866], [-88.2351519999363, 41.7096619997412], [-88.234949000445, 41.7035109999627], [-88.2349140002849, 41.7024739997987], [-88.2348969996681, 41.7019749999675], [-88.2348880003456, 41.7016939999079], [-88.2341669999222, 41.6801950002899], [-88.233956000035, 41.67475900009], [-88.2336759996525, 41.6747569998995], [-88.2287880002903, 41.6748079997049], [-88.2287249996428, 41.6730320000129], [-88.2238149996409, 41.6731190001724], [-88.2238359995573, 41.6738389998484], [-88.2239460000605, 41.6767380000928], [-88.2190870001123, 41.6768209996872], [-88.2151219999416, 41.6768849996733], [-88.2142170002934, 41.6769009999953], [-88.2093530003223, 41.6769769999611], [-88.2045479999025, 41.6770540002321], [-88.204535000382, 41.676817999833], [-88.2043610003047, 41.6729360003019], [-88.2041010000137, 41.6729439999478], [-88.2039899996856, 41.6723900003136], [-88.2039000001723, 41.6698049999858], [-88.184944999705, 41.6700470002688], [-88.1847670003281, 41.6664109998142], [-88.1825150002676, 41.6664719997486], [-88.184796999567, 41.6712130002271], [-88.1846009997484, 41.6737019997961], [-88.1845520002429, 41.6760959997836], [-88.1843339997848, 41.6767169997419], [-88.1826590002077, 41.6800480002188], [-88.1818280001794, 41.6807589998572], [-88.1793019995842, 41.6806350001621], [-88.1743780002369, 41.6812009998889], [-88.1664770002078, 41.6814430002654], [-88.166720999707, 41.6808529999754], [-88.1659320004098, 41.6804819997167], [-88.1658949997015, 41.6794819997438], [-88.165883000006, 41.6791759997159], [-88.1658279997544, 41.6775349999098], [-88.1656889998372, 41.6741799997213], [-88.1653680003452, 41.6669220003178], [-88.165005000122, 41.6560799997629], [-88.1697829998794, 41.6559769999189], [-88.1698790001388, 41.6582269997862], [-88.178288999981, 41.6579819999811], [-88.1796630001575, 41.6519870000676], [-88.1744850003671, 41.6521329996731], [-88.1742679997338, 41.6449459997819], [-88.174293999673, 41.6448300000275], [-88.1704659997697, 41.6449380000139], [-88.1702680003013, 41.644903999814], [-88.1694509996184, 41.6450639997693], [-88.1685819999552, 41.6450859999251], [-88.1646269998302, 41.6451809999928], [-88.164600999891, 41.6444550000117], [-88.1643630002396, 41.6379369999122], [-88.1706509997176, 41.6377980000115], [-88.1804409995841, 41.6380190001864], [-88.1833350004253, 41.6386259997079], [-88.1833129997856, 41.6381250001896], [-88.1853730002255, 41.637431999723], [-88.1859029999549, 41.6374160003343], [-88.1866560001654, 41.6374009999388], [-88.1900780001879, 41.6378659998362], [-88.1836209997572, 41.6421239996817], [-88.182500000199, 41.6446509998751], [-88.1887690003087, 41.6445529996823], [-88.189007999785, 41.6518000000758], [-88.1904740000231, 41.6517809998776], [-88.1904980003125, 41.6465189999029], [-88.1950280003728, 41.6397550001878], [-88.1979690001713, 41.6397069997119], [-88.1980469999891, 41.6418589996788], [-88.2028640001046, 41.6417910000395], [-88.2026299997528, 41.6371190001772], [-88.2030599999231, 41.6371139997989], [-88.2081459996521, 41.6370299996964], [-88.2127140002455, 41.6369569999419], [-88.218981999632, 41.6368519997086], [-88.2199149997675, 41.6368369998532], [-88.220079999624, 41.6368340001502], [-88.2224379999897, 41.6367990000246], [-88.2310029996425, 41.6366650000972], [-88.2353889997627, 41.6365930002817], [-88.239185999704, 41.6365320002445], [-88.2392629996968, 41.6365300002093], [-88.2394049999871, 41.636528999856], [-88.2394950003988, 41.6365269998207], [-88.2395730002166, 41.6365260001387], [-88.2433600001121, 41.6364750002236], [-88.2515420003486, 41.6363430003351], [-88.2591200003375, 41.6362000002626], [-88.2591959996072, 41.6382540001485], [-88.2593920003241, 41.6434650000362], [-88.2596280003256, 41.6507380000742], [-88.2598590003043, 41.6579379997448], [-88.2599639998863, 41.6610860002133], [-88.260419097189, 41.6797878554092]]]}, "properties": {"OBJECTID": 980, "ZCTA5": "60585", "DDA_CODE": "METRO16980M16980", "DDA_TYPE": "SA", "DDA_NAME": "Chicago-Joliet-Naperville, IL HUD Metro FMR Area"}}, {"type": "Feature", "id": 981, "geometry": {"type": "Polygon", "coordinates": [[[-88.2883640004385, 41.6430919999634], [-88.2886230000063, 41.6503659999567], [-88.2811019999187, 41.6504660003077], [-88.2810380003447, 41.6487199999318], [-88.2786900000247, 41.6487429996742], [-88.2787300002077, 41.6505000002574], [-88.2756150003318, 41.6505369999256], [-88.2691899996882, 41.6506099997349], [-88.2694290000628, 41.6580300002656], [-88.2696600000414, 41.6651299999188], [-88.2601019999786, 41.6652469999359], [-88.2605480000424, 41.6797860002953], [-88.260419097189, 41.6797878554092], [-88.2599639998863, 41.6610860002133], [-88.2598590003043, 41.6579379997448], [-88.2596280003256, 41.6507380000742], [-88.2593920003241, 41.6434650000362], [-88.2591959996072, 41.6382540001485], [-88.2591200003375, 41.6362000002626], [-88.2618390003782, 41.6361729999785], [-88.2687500003704, 41.6360800001072], [-88.2685560002017, 41.6317199998211], [-88.2706729996446, 41.631755000019], [-88.2744479998445, 41.6330789997439], [-88.2745469995787, 41.6359639998341], [-88.2745740002412, 41.6383200001837], [-88.278531000016, 41.6383200001837], [-88.2785000000539, 41.6399699999086], [-88.2785700003741, 41.6432190002216], [-88.2883640004385, 41.6430919999634]]]}, "properties": {"OBJECTID": 981, "ZCTA5": "60585", "DDA_CODE": "METRO16980MM3780", "DDA_TYPE": "SA", "DDA_NAME": "Kendall County, IL HUD Metro FMR Area"}}, {"type": "Feature", "id": 1037, "geometry": {"type": "Polygon", "coordinates": [[[-88.2591200003375, 41.6362000002626], [-88.2515420003486, 41.6363430003351], [-88.2433600001121, 41.6364750002236], [-88.2395730002166, 41.6365260001387], [-88.2394950003988, 41.6365269998207], [-88.2394049999871, 41.636528999856], [-88.2392629996968, 41.6365300002093], [-88.239185999704, 41.6365320002445], [-88.2353889997627, 41.6365930002817], [-88.2310029996425, 41.6366650000972], [-88.2224379999897, 41.6367990000246], [-88.220079999624, 41.6368340001502], [-88.2199149997675, 41.6368369998532], [-88.218981999632, 41.6368519997086], [-88.2127140002455, 41.6369569999419], [-88.2081459996521, 41.6370299996964], [-88.2030599999231, 41.6371139997989], [-88.2026299997528, 41.6371190001772], [-88.2028640001046, 41.6417910000395], [-88.1980469999891, 41.6418589996788], [-88.1979690001713, 41.6397069997119], [-88.1950280003728, 41.6397550001878], [-88.1904980003125, 41.6465189999029], [-88.1904740000231, 41.6517809998776], [-88.189007999785, 41.6518000000758], [-88.1887690003087, 41.6445529996823], [-88.182500000199, 41.6446509998751], [-88.1836209997572, 41.6421239996817], [-88.1900780001879, 41.6378659998362], [-88.1866560001654, 41.6374009999388], [-88.1859029999549, 41.6374160003343], [-88.1853730002255, 41.637431999723], [-88.1833129997856, 41.6381250001896], [-88.1833350004253, 41.6386259997079], [-88.1804409995841, 41.6380190001864], [-88.1706509997176, 41.6377980000115], [-88.1643630002396, 41.6379369999122], [-88.164600999891, 41.6444550000117], [-88.1646269998302, 41.6451809999928], [-88.1646550003176, 41.6459399999838], [-88.1626889995891, 41.6465570000414], [-88.1614059996492, 41.6506549997416], [-88.1570410003437, 41.6526299999459], [-88.1552570000884, 41.6522160001151], [-88.1550350003305, 41.6499610003041], [-88.1540779999055, 41.6492039996666], [-88.1453919998788, 41.6494259998098], [-88.1452970003426, 41.6454839998595], [-88.1452939999695, 41.6452470003178], [-88.1452880001217, 41.6450360002925], [-88.1451490002046, 41.6404790001759], [-88.1385360001382, 41.6457719998541], [-88.1249049999496, 41.6484009998271], [-88.1248060002154, 41.6427369996741], [-88.1272540000945, 41.6425540000526], [-88.1272520004447, 41.6389080002603], [-88.125510999847, 41.6389440002278], [-88.1244990000688, 41.6389659997877], [-88.1240079997991, 41.6316899997323], [-88.1240019999513, 41.6314999999647], [-88.1239640003165, 41.6301649997649], [-88.1237700001477, 41.6242380000797], [-88.1316159999252, 41.6240589998101], [-88.1333909999598, 41.6240329996884], [-88.1369860002346, 41.623958000234], [-88.1385550004048, 41.6239200001996], [-88.1407189997034, 41.6238720000182], [-88.1438000001424, 41.6238100001506], [-88.1445419995839, 41.6238370002411], [-88.1446639997827, 41.6238409997561], [-88.1542200001957, 41.6236899997609], [-88.1589059998916, 41.6236000003295], [-88.1629630001238, 41.6235179998427], [-88.1630200000252, 41.6234899997345], [-88.1636359999684, 41.6235929998088], [-88.1635079999218, 41.6161529997627], [-88.1629559995528, 41.6161609997456], [-88.1629549997279, 41.6155969998584], [-88.1628869999558, 41.6100529999605], [-88.1620020003992, 41.6092640000608], [-88.1602950001367, 41.6090549999971], [-88.1610550000199, 41.6088329998242], [-88.1610359997533, 41.6084030001847], [-88.1628440002981, 41.6075320002645], [-88.1627470002137, 41.6017739999055], [-88.1544779999386, 41.6019199997397], [-88.1547249998108, 41.6031169997174], [-88.1536750003977, 41.605597000077], [-88.1537909998503, 41.6079220000284], [-88.1536999996137, 41.60915000011], [-88.1488490000614, 41.6092219996781], [-88.1485779998998, 41.6020469998329], [-88.1520960001817, 41.6019650001557], [-88.1518209998221, 41.5946749998362], [-88.1498719997103, 41.5947009997], [-88.1460250004387, 41.5947499997507], [-88.1458560003843, 41.5974689998575], [-88.143667000073, 41.6003060002568], [-88.1434980000186, 41.5962010003101], [-88.1397289996665, 41.5959480000164], [-88.1385839998188, 41.5948789998298], [-88.1434629998585, 41.5947909998194], [-88.1453059996651, 41.5947590000302], [-88.1466129998945, 41.5935270001133], [-88.1465330004268, 41.5912180002595], [-88.14853900044, 41.5911799997483], [-88.1483050000883, 41.5938880000108], [-88.149854000167, 41.5936720001193], [-88.1524750002984, 41.5934469997157], [-88.1577509999982, 41.5885020001383], [-88.1577069996172, 41.5873450001815], [-88.159515000162, 41.5868490002191], [-88.1601779999608, 41.586233000282], [-88.1625809996341, 41.5876829996932], [-88.1639289998713, 41.588489999722], [-88.1641480001544, 41.5886209997233], [-88.1642229995992, 41.5884649997992], [-88.1680720003173, 41.5908109997206], [-88.1706549999156, 41.5900670003302], [-88.1750159999214, 41.5876879998734], [-88.1771440001333, 41.5879029998678], [-88.1771569996538, 41.5882500003327], [-88.1777230002666, 41.5875880002259], [-88.1816499999041, 41.5901279999816], [-88.1822530003268, 41.5896740002689], [-88.1878980000975, 41.5941800000959], [-88.1891950002811, 41.5941680000632], [-88.1919179996215, 41.594133000291], [-88.201570000294, 41.5940020000539], [-88.2098439996937, 41.5939169998758], [-88.2112739999467, 41.5939229999158], [-88.2119690004309, 41.5939149998624], [-88.2160989995597, 41.5938719998943], [-88.2174200000328, 41.5938550001021], [-88.2209399999646, 41.5937699997304], [-88.2208050002454, 41.591066000096], [-88.2252879995517, 41.5909799996946], [-88.2246440000194, 41.5924039998786], [-88.2257319999657, 41.5927100003158], [-88.2269439997605, 41.5935219997134], [-88.2274059997178, 41.5936649997095], [-88.2288119996814, 41.5936390001003], [-88.2354120002273, 41.5934710000469], [-88.2393919995683, 41.5933289999728], [-88.2411039998536, 41.5929110000706], [-88.244133000414, 41.5902699997069], [-88.2544479999871, 41.5900620003342], [-88.2543159997426, 41.5870170000371], [-88.2569779998819, 41.5869699997201], [-88.2572740001579, 41.5934690000197], [-88.2578559997659, 41.6077149999048], [-88.2583420000127, 41.6179699999626], [-88.2583489996854, 41.618147999707], [-88.2585460002272, 41.6226459999754], [-88.2591200003375, 41.6362000002626]], [[-88.1626929997871, 41.5908489997772], [-88.1625930002279, 41.5890490000083], [-88.1600139999293, 41.5880139997721], [-88.1540360000727, 41.5935649999147], [-88.1556899997334, 41.5936999997354], [-88.1579469998168, 41.5934899999669], [-88.161491000038, 41.5935600001896], [-88.1622679996396, 41.5931269998212], [-88.1626929997871, 41.5908489997772]]]}, "properties": {"OBJECTID": 1037, "ZCTA5": "60544", "DDA_CODE": "METRO16980M16980", "DDA_TYPE": "SA", "DDA_NAME": "Chicago-Joliet-Naperville, IL HUD Metro FMR Area"}}, {"type": "Feature", "id": 1110, "geometry": {"type": "Polygon", "coordinates": [[[-88.414609000302, 41.8623629999122], [-88.4145499998524, 41.8675909997842], [-88.4144849995551, 41.8732520002501], [-88.4144760002326, 41.8740399999486], [-88.4105040003892, 41.8743160001228], [-88.4038439995689, 41.8781489997274], [-88.4027139997898, 41.87781799983], [-88.3996099997846, 41.8788520001146], [-88.3946699996456, 41.8792089999888], [-88.3903839999828, 41.8825209999899], [-88.3850599997042, 41.8824609997307], [-88.3850200004195, 41.8846550001241], [-88.3752480000964, 41.883902000281], [-88.375223999807, 41.8849349999313], [-88.3751519998369, 41.8897970001244], [-88.3750210003157, 41.8970480003202], [-88.3594750003505, 41.8973790002281], [-88.3498989998459, 41.8976309999996], [-88.3496260000345, 41.8976349998712], [-88.3403910000118, 41.8977220000256], [-88.3317710001074, 41.8979150002909], [-88.3313769999221, 41.8979300000758], [-88.3308709995838, 41.8979449998571], [-88.3244149998763, 41.8980639996914], [-88.3231920002108, 41.8980889997183], [-88.3204759996448, 41.8982450000931], [-88.3182250003075, 41.8982750001729], [-88.3159730002471, 41.8982689997569], [-88.3063530002599, 41.8982450000931], [-88.3046030003398, 41.8982470000097], [-88.3033670002555, 41.8982500002188], [-88.3029210001917, 41.8982480003023], [-88.2922700001597, 41.8984349999148], [-88.2895710002104, 41.898163000115], [-88.2871679996389, 41.8988370000884], [-88.2859130001864, 41.8981939998582], [-88.2817279999076, 41.898795999824], [-88.2768890000509, 41.8989100000048], [-88.2770100004247, 41.8953849997641], [-88.2770909997173, 41.8930129998518], [-88.2724870000372, 41.8932099997851], [-88.27242000009, 41.8951879998524], [-88.2624500002985, 41.895207999973], [-88.2624789997125, 41.8848549999205], [-88.2672809997593, 41.8853379999669], [-88.2673119997215, 41.8838220003144], [-88.2715120000688, 41.8846350000432], [-88.2715510004269, 41.8874059999195], [-88.2756909996015, 41.887569000182], [-88.2773640004271, 41.8875780003074], [-88.2771119996337, 41.8864929998977], [-88.277064999778, 41.8860279999091], [-88.2780289998757, 41.8835509996664], [-88.278122999587, 41.8832390003253], [-88.2781350001809, 41.8830209999586], [-88.2781329996328, 41.8826409996704], [-88.2781319998079, 41.8824389998891], [-88.2781259999601, 41.8820630003305], [-88.2782640000523, 41.8756429997042], [-88.2791460001343, 41.8699120002855], [-88.2761020004035, 41.8698830003319], [-88.2761099999011, 41.8690700002234], [-88.2820660000165, 41.8689960002407], [-88.2868909996295, 41.8689280000003], [-88.2861399999671, 41.8719310000724], [-88.3001739996636, 41.8720399998667], [-88.3001879999072, 41.8761550002874], [-88.3019179997359, 41.8759270001006], [-88.3034340002027, 41.8769839998908], [-88.3036740004022, 41.8772949997227], [-88.3038509999542, 41.8817509997427], [-88.3038660000228, 41.8817149999628], [-88.304922000182, 41.8791329998585], [-88.3073540001675, 41.8755540002883], [-88.3078909995697, 41.8739659996992], [-88.3103190002556, 41.8653109996823], [-88.3127810003783, 41.8645240002362], [-88.3141680000753, 41.8657909998767], [-88.3172269998747, 41.8664109996721], [-88.3174240004165, 41.8642649999022], [-88.3280879999689, 41.8640229998947], [-88.3281769996574, 41.8639089996733], [-88.3316969995892, 41.8639479999304], [-88.3358529995556, 41.8648629999068], [-88.340417999776, 41.8649449998137], [-88.3440339999672, 41.8648999999594], [-88.3477360003722, 41.8648690001157], [-88.3574049998649, 41.8648899998389], [-88.3579909996708, 41.8648909999848], [-88.3682900002486, 41.8649219998178], [-88.3693410003849, 41.8650509997171], [-88.3712610001844, 41.8654830000046], [-88.3713930004289, 41.8654729999752], [-88.3732310002126, 41.8651589997281], [-88.3747989996595, 41.8646620002775], [-88.3724319999713, 41.8622630000201], [-88.3724189995525, 41.8614129999752], [-88.373283999916, 41.8591750002086], [-88.3756489999544, 41.8588159996871], [-88.3756770004418, 41.8565719997084], [-88.3756819995664, 41.8547009998266], [-88.3755050000143, 41.8537739998107], [-88.3696190002193, 41.852999000191], [-88.3695999999527, 41.8482260003023], [-88.3756389999086, 41.8481329998973], [-88.3757479996886, 41.8481309997504], [-88.3757710001531, 41.8457259996837], [-88.3820479997605, 41.8460689997189], [-88.4002869998272, 41.8470259996971], [-88.401866999868, 41.8469550002414], [-88.3963600001896, 41.8534310002705], [-88.3957879997291, 41.8541060000737], [-88.3826450003354, 41.8618399997903], [-88.3883749995966, 41.8617069999891], [-88.3916739995954, 41.8616600001391], [-88.414609000302, 41.8623629999122]]]}, "properties": {"OBJECTID": 1110, "ZCTA5": "60134", "DDA_CODE": "METRO16980M16980", "DDA_TYPE": "SA", "DDA_NAME": "Chicago-Joliet-Naperville, IL HUD Metro FMR Area"}}, {"type": "Feature", "id": 1123, "geometry": {"type": "Polygon", "coordinates": [[[-88.0068680002619, 42.4216439998235], [-88.0072270002871, 42.4224509996822], [-88.0057869999884, 42.4224409997064], [-88.0038699996636, 42.4228669999137], [-88.0037819998001, 42.4235440000195], [-88.0037740003025, 42.42404200005], [-88.0037569996857, 42.4251499998195], [-87.9971849996273, 42.4247330001869], [-87.9958969996645, 42.4266759999278], [-87.9953669999351, 42.4265719998164], [-87.9952999999879, 42.4279050001198], [-87.9943390002633, 42.4278919999557], [-87.993900999697, 42.4288720002749], [-87.9960990002292, 42.4308809999744], [-87.9962580002378, 42.4309510002931], [-87.9973369999632, 42.4313199999708], [-87.9988319996153, 42.4314799999375], [-88.0004009997855, 42.4321519999785], [-88.0010340003454, 42.4316040002109], [-88.0016150001284, 42.4314589996958], [-88.0025430002411, 42.4317320003], [-88.0016059999076, 42.4323979999325], [-88.003497000293, 42.4324199996981], [-88.003453999737, 42.4333759997729], [-88.0021299997892, 42.4342650000841], [-88.0009489999565, 42.4368190000361], [-87.9993890000072, 42.4374020001441], [-88.0003559995796, 42.4400699997963], [-87.9994430004339, 42.4410000003227], [-88.0006350001372, 42.4442339999183], [-88.0007029999093, 42.4442350002312], [-87.9992840004252, 42.4460820000226], [-88.000460000235, 42.4469929996706], [-88.0006479996577, 42.449181999735], [-88.003489999722, 42.4488830000136], [-88.0035049997906, 42.4576279997533], [-87.9918360001326, 42.4577960002552], [-87.9917609997895, 42.4659080003199], [-87.9820019998852, 42.4657979999037], [-87.9819220004176, 42.4694189998536], [-87.9806980000289, 42.4694049997773], [-87.9806339995565, 42.4730079997883], [-87.9818500004476, 42.4730209998681], [-87.9816939999136, 42.4803019997805], [-87.9719709999943, 42.4801970001645], [-87.9572429996386, 42.4800459997201], [-87.9523789996675, 42.4799830001114], [-87.9499240001158, 42.4775459999443], [-87.9478429997595, 42.4788899997065], [-87.9464629997352, 42.4819340001387], [-87.9466130004214, 42.4799279997071], [-87.9449940000225, 42.4799099996968], [-87.9449360002962, 42.4817870000887], [-87.9424869996939, 42.4817559997006], [-87.9432259996606, 42.4871040002424], [-87.9423400002791, 42.4870959999047], [-87.9374059999878, 42.4870450002949], [-87.9329570001184, 42.4869979998253], [-87.9335630000158, 42.4856009999071], [-87.9332190000592, 42.4836239998978], [-87.9338979997516, 42.4820820002142], [-87.9333999998092, 42.4804830002444], [-87.9349199995756, 42.480570999955], [-87.936883999756, 42.4791519997152], [-87.9401469997698, 42.4788500000436], [-87.9426309996339, 42.4771289998383], [-87.9435970002797, 42.4746989999428], [-87.9457439998599, 42.4728450002908], [-87.9458569998378, 42.4691630003305], [-87.9426440000527, 42.4678320002337], [-87.9426440000527, 42.4653400000572], [-87.9314199997353, 42.4652200001917], [-87.9311939997795, 42.4652170002584], [-87.9291640003751, 42.4651940001022], [-87.9266980000544, 42.4651670000232], [-87.9262410001199, 42.4651620001301], [-87.9232409998718, 42.4651280001832], [-87.9200289999116, 42.4650930002381], [-87.9200620004219, 42.462670999718], [-87.9182570002501, 42.461460000108], [-87.9133730001875, 42.4614290002538], [-87.9132979998444, 42.4650179997219], [-87.9083190002457, 42.464969999954], [-87.9034080004189, 42.4649230001318], [-87.8992950001102, 42.4648810001903], [-87.8993190003996, 42.457700000213], [-87.8986060003721, 42.4576899998963], [-87.8983999996094, 42.457687000265], [-87.8961140001121, 42.457651000038], [-87.8936670000579, 42.4576130002547], [-87.8934960003537, 42.4648209998464], [-87.8851629996061, 42.4647349998275], [-87.8835959999841, 42.4647180000717], [-87.8814870000387, 42.4646959997183], [-87.8811199996176, 42.4630669998128], [-87.8807549997446, 42.4614219999853], [-87.8806640004063, 42.4610209998657], [-87.8805299996137, 42.4604230000317], [-87.8798719998378, 42.4574779999658], [-87.8837499999699, 42.4575169999319], [-87.8839909999943, 42.4507720001267], [-87.8938119998229, 42.4509729999539], [-87.8938779999451, 42.4466850002947], [-87.8979920000787, 42.4465839997414], [-87.8957559999118, 42.4449010002328], [-87.8952320000301, 42.4431879999883], [-87.8940129996643, 42.4431830003288], [-87.8939640001588, 42.4394310000674], [-87.8910719998658, 42.4393920001095], [-87.8910600001702, 42.4412689996897], [-87.8930560001376, 42.4403380001291], [-87.8935990002858, 42.4427119997279], [-87.8840820002309, 42.4425350001194], [-87.8841869998129, 42.4392700001184], [-87.8761419998437, 42.4391890001236], [-87.8761569999123, 42.4356549996972], [-87.8765519999225, 42.4284270002968], [-87.8842389996914, 42.4284830000983], [-87.8842780000494, 42.4230109997588], [-87.8842880000952, 42.4212250000472], [-87.8843709999359, 42.4175430002492], [-87.8904869998847, 42.4176189999934], [-87.8905220000448, 42.4140049997598], [-87.8917699998247, 42.4140180001505], [-87.8984880003713, 42.4140599997111], [-87.8996830004477, 42.4140709998282], [-87.8996239999981, 42.4213480000345], [-87.9039749999582, 42.4214060002197], [-87.9040190003392, 42.4141080000271], [-87.9041049996546, 42.407382999756], [-87.9078089997094, 42.4073949999552], [-87.9100130000893, 42.4036570000185], [-87.9115899997571, 42.4035950001346], [-87.9154000001171, 42.3997989997737], [-87.9154700004373, 42.3997879998071], [-87.9187610000402, 42.3996539999995], [-87.9212900001102, 42.3996739999196], [-87.9237050003773, 42.403894999988], [-87.9254419998786, 42.4074089999636], [-87.9236690003923, 42.4077170000211], [-87.9236059997448, 42.4109860002084], [-87.9187979998502, 42.4106389996795], [-87.9186780001996, 42.4142420001346], [-87.9282670002246, 42.4143529997], [-87.9287290001819, 42.4143360001975], [-87.9290310003057, 42.4143520002365], [-87.9301800003513, 42.4144940001552], [-87.9331620001578, 42.4145630000789], [-87.9378119998686, 42.4145210001921], [-87.9380079996872, 42.4145189999441], [-87.9380019998394, 42.4137979999085], [-87.9379950001668, 42.4128169999155], [-87.9379840002961, 42.4110530003169], [-87.9378689997701, 42.4080249998929], [-87.9377139999594, 42.4075170003024], [-87.9413900004251, 42.4082200001864], [-87.9418439999865, 42.4075130000229], [-87.9418549998572, 42.4052480003008], [-87.9447839999602, 42.4048070002583], [-87.9446209997536, 42.4020699998163], [-87.9480620000426, 42.4020799997238], [-87.9481470004315, 42.3959560001374], [-87.9468529997226, 42.3944180001063], [-87.9465239998346, 42.3932379998967], [-87.9484629999006, 42.3934300003198], [-87.9489099997894, 42.39301200027], [-87.9491330002705, 42.3934969999388], [-87.9495070003643, 42.3935310002825], [-87.9541470000294, 42.3939550002507], [-87.9622370002044, 42.3941670001557], [-87.9631600002942, 42.3937620003152], [-87.9631500002485, 42.3942010001364], [-87.9686579997518, 42.3952930001409], [-87.9709590002161, 42.3959839999491], [-87.9765139995751, 42.3976790002034], [-87.9778140001318, 42.3980749998166], [-87.9797280000834, 42.3986320001708], [-87.980292000148, 42.3987540003113], [-87.9824980001778, 42.3989450000711], [-87.9833889995822, 42.4012780000898], [-87.9884790004074, 42.4033029999433], [-87.9913699999773, 42.4042019997635], [-87.99144899962, 42.4036040001644], [-87.9935199999305, 42.4052609998534], [-87.9999739999882, 42.4078449997983], [-88.0027840002655, 42.4079229998143], [-88.0039530004026, 42.4079289998625], [-88.0038529999452, 42.4151500000708], [-88.0038520001203, 42.4152129999219], [-88.0038310002039, 42.4177030002318], [-88.0065469998716, 42.4176979998655], [-88.0065400001989, 42.4185209997489], [-88.0052260002968, 42.4193979999696], [-88.0068680002619, 42.4216439998235]]]}, "properties": {"OBJECTID": 1123, "ZCTA5": "60083", "DDA_CODE": "METRO16980M16980", "DDA_TYPE": "SA", "DDA_NAME": "Chicago-Joliet-Naperville, IL HUD Metro FMR Area"}}, {"type": "Feature", "id": 1125, "geometry": {"type": "Polygon", "coordinates": [[[-87.8681610003469, 42.0912839997531], [-87.8682459998374, 42.0951549997421], [-87.8681400004305, 42.1066609999311], [-87.867059000157, 42.106271000045], [-87.8652260003961, 42.1058620001317], [-87.8639240001896, 42.1057590002982], [-87.8617690002135, 42.1057489999495], [-87.8587920004299, 42.1057429997396], [-87.8587999999276, 42.1049159996934], [-87.8565420000193, 42.1049170000747], [-87.8565889998749, 42.1057359998272], [-87.8550080000092, 42.1057319996864], [-87.8539030003445, 42.1057300002825], [-87.8536890000843, 42.1057300002825], [-87.8490279996045, 42.1057179998584], [-87.8469510003445, 42.1057060000986], [-87.8453610002579, 42.1056959997416], [-87.8453989998927, 42.1020870001656], [-87.8441879999228, 42.1020810002756], [-87.8441760002273, 42.1034320002805], [-87.8392760002711, 42.1034380000426], [-87.8392939998145, 42.1019239998417], [-87.8343980000564, 42.101950000314], [-87.8343600004215, 42.1056390000093], [-87.834336999957, 42.1075050003323], [-87.8293759999015, 42.1075010003033], [-87.8293790002746, 42.1056050000861], [-87.8293480003124, 42.1033539999882], [-87.830858999858, 42.1017289999586], [-87.8341500003592, 42.0983270000086], [-87.8374850003431, 42.0948040001805], [-87.8321109998358, 42.0948749998801], [-87.8295349999102, 42.0953049998738], [-87.8295580003747, 42.096665000209], [-87.8295180001917, 42.0983639999565], [-87.8247189996197, 42.0983239998858], [-87.8258319996803, 42.1055859997094], [-87.8189490001755, 42.1055460001957], [-87.8163840001206, 42.0992469998733], [-87.8152040001128, 42.0963460002122], [-87.8144090000695, 42.0944329997437], [-87.81252600008, 42.0898800001555], [-87.8122959999262, 42.0893150001481], [-87.8115429997157, 42.0873839997685], [-87.8084780000686, 42.0801099997741], [-87.8088830001245, 42.0801159997425], [-87.8145470001618, 42.0799410003202], [-87.8154819999472, 42.079570999743], [-87.8161029999132, 42.0789739999808], [-87.8175769996488, 42.0779809999541], [-87.8196580000051, 42.0777259998853], [-87.8211269997178, 42.0777280001722], [-87.829801000049, 42.0777840001792], [-87.830389000403, 42.0778120001642], [-87.8340340000083, 42.0785150001673], [-87.8350769997487, 42.0786070001548], [-87.8395039998768, 42.0786349997767], [-87.8417710000059, 42.0788919997768], [-87.8425590003765, 42.0791139998238], [-87.8445269998565, 42.0801190000599], [-87.8457400003746, 42.0812810003025], [-87.8474500001117, 42.0843390000046], [-87.849451999927, 42.0864120001609], [-87.8525540002823, 42.0875029999489], [-87.8534320001663, 42.0875890003101], [-87.8589559995632, 42.0876040001286], [-87.8659500002943, 42.0873909997068], [-87.8671079996625, 42.0873350001783], [-87.8681610003469, 42.0912839997531]], [[-87.862182999592, 42.0948730001337], [-87.8613959999446, 42.0907799998151], [-87.8600379996616, 42.0907709997084], [-87.8589420002178, 42.0907259998223], [-87.8589370001949, 42.0913150002349], [-87.8589279999741, 42.0921300000263], [-87.8589179999283, 42.0927480000341], [-87.858888999616, 42.095543000288], [-87.8604689996569, 42.0948930002607], [-87.862182999592, 42.0948730001337]], [[-87.8588710000727, 42.0976839999891], [-87.858888999616, 42.095543000288], [-87.8540079999265, 42.0959090002801], [-87.8532399996474, 42.098119000044], [-87.8491260004121, 42.0981180002219], [-87.8491180000161, 42.0987499999087], [-87.8506119998433, 42.0987429998908], [-87.8505850000791, 42.1002760000359], [-87.8538060002601, 42.1003179997831], [-87.853843999895, 42.1021060002579], [-87.8588309998897, 42.1021480001259], [-87.8588719998976, 42.1007279999163], [-87.8588640004, 42.0996640001832], [-87.8561129996739, 42.0997319997179], [-87.856143999636, 42.1003089996968], [-87.854828999909, 42.1003070001218], [-87.8548280000842, 42.0992439997941], [-87.8588850003164, 42.09918700026], [-87.8588710000727, 42.0976839999891]]]}, "properties": {"OBJECTID": 1125, "ZCTA5": "60026", "DDA_CODE": "METRO16980M16980", "DDA_TYPE": "SA", "DDA_NAME": "Chicago-Joliet-Naperville, IL HUD Metro FMR Area"}}, {"type": "Feature", "id": 1162, "geometry": {"type": "Polygon", "coordinates": [[[-88.3836739998321, 42.1539699998673], [-88.3836010000372, 42.16124200017], [-88.3836510002659, 42.1684800002614], [-88.3811849999451, 42.1684930001603], [-88.3812030003868, 42.1757249999514], [-88.3787599996323, 42.1757580002625], [-88.377499000332, 42.1757549998113], [-88.3719320003791, 42.1757410001447], [-88.3690280003905, 42.1757369997639], [-88.3640790000306, 42.1757359998351], [-88.3545119997469, 42.175708999754], [-88.3482080003753, 42.1757130001366], [-88.3458209996973, 42.1756660001189], [-88.3354149998877, 42.1757059999662], [-88.3348550000211, 42.1757050000369], [-88.3303569997479, 42.1756979998656], [-88.3291390001053, 42.1756950000773], [-88.3236759999095, 42.175689999764], [-88.3204270001393, 42.1757850003227], [-88.3163289998992, 42.1766470003269], [-88.314615999789, 42.1766389996796], [-88.3111269998193, 42.1762950001814], [-88.3109710001837, 42.1762800000484], [-88.3072210000981, 42.175940000297], [-88.3063070002292, 42.1757410001447], [-88.306645000338, 42.1752189999043], [-88.3063640001306, 42.1750400002774], [-88.3059869996637, 42.1756339996902], [-88.3057900000202, 42.1755590002033], [-88.3053769995683, 42.175362000053], [-88.3053089997963, 42.1753249997942], [-88.3050900004115, 42.1751889997902], [-88.3049809997332, 42.1751149997142], [-88.3044829997908, 42.1746960000703], [-88.3018059995829, 42.1759749996803], [-88.2999610001265, 42.1829030002412], [-88.2997069996833, 42.1829009999445], [-88.299472000405, 42.1846569997589], [-88.2990539999303, 42.1856380002691], [-88.3007129996138, 42.1900820000875], [-88.2864939999694, 42.1905019999765], [-88.2865319996043, 42.1916510001975], [-88.2856959995531, 42.1916519998747], [-88.2856880000555, 42.1901249999033], [-88.2816359998461, 42.1901469999835], [-88.2742009999723, 42.1901730001893], [-88.2739669996206, 42.1887449997193], [-88.2703909996123, 42.1873789997817], [-88.2701720002275, 42.1901930001869], [-88.2701410002654, 42.1904450000126], [-88.2626989998205, 42.190297000205], [-88.2631010004018, 42.1911690002296], [-88.2592249999195, 42.1913149999617], [-88.2592159996987, 42.1907250001937], [-88.2519139998943, 42.1915460000661], [-88.2490169995783, 42.1910190000806], [-88.2475010000099, 42.1911069997763], [-88.2438089996506, 42.1918449998294], [-88.2412650004104, 42.1928109997396], [-88.2412829999538, 42.1919309996953], [-88.2416989998804, 42.1921949999301], [-88.2455140002633, 42.1908229998643], [-88.2454990001946, 42.1867550002504], [-88.2454759997301, 42.1833469999683], [-88.2430560003385, 42.1833749999245], [-88.2429369996144, 42.1760529997769], [-88.2575019997635, 42.1757870001787], [-88.2575119998093, 42.1742709999362], [-88.2575360000987, 42.1721950003075], [-88.2575379997485, 42.1685860001268], [-88.2619909998159, 42.1685750003312], [-88.2618870000588, 42.1649509998661], [-88.2574769996492, 42.1647610000187], [-88.2575889998022, 42.1590139999], [-88.2577339995671, 42.1540790002163], [-88.2576890002596, 42.154072999921], [-88.257602000221, 42.1489539999651], [-88.2575970001981, 42.148802000201], [-88.2593780000804, 42.1487839998104], [-88.2674980003926, 42.1485530000047], [-88.267515999936, 42.1468490002365], [-88.2675059998902, 42.1463769997151], [-88.2676039997995, 42.1396440002582], [-88.2675729998374, 42.1395309996927], [-88.27242000009, 42.1394950002954], [-88.2724359999835, 42.1389290002725], [-88.273117000224, 42.1386780001825], [-88.2735630002879, 42.1387509997328], [-88.2747659998619, 42.1393170000145], [-88.2772179999389, 42.1394870002786], [-88.2762079998104, 42.1376189999795], [-88.2771509999917, 42.1373839999281], [-88.2773869999933, 42.1372929998072], [-88.2792750000057, 42.1384349999145], [-88.279709000374, 42.1396579999192], [-88.2804960000213, 42.1396659999145], [-88.2852689997558, 42.1449670001753], [-88.2893159999423, 42.1462689998179], [-88.2904859999043, 42.1486549998585], [-88.2930590003552, 42.1487160002867], [-88.2945680002509, 42.1501969999166], [-88.2932040001201, 42.1527590001144], [-88.2952000000876, 42.1527899998361], [-88.2954340004393, 42.1534649998943], [-88.2965900001577, 42.1534750000384], [-88.2972449995605, 42.1514219997948], [-88.2988100004311, 42.1506880001071], [-88.3098110002674, 42.1502020002469], [-88.3095550001744, 42.1499319998223], [-88.3112940002239, 42.1489340002449], [-88.3112149996829, 42.1461389996727], [-88.311105000078, 42.1390270002738], [-88.3111569999566, 42.1356699996908], [-88.3197669998152, 42.1357309999734], [-88.3209800003333, 42.1370620000404], [-88.3209550002189, 42.1360889999889], [-88.3309330004063, 42.1361400003177], [-88.3309219996374, 42.1324239999195], [-88.335508999599, 42.1325119998714], [-88.3356409998435, 42.1366260002146], [-88.3336430002263, 42.136569000321], [-88.333753999656, 42.1398009998485], [-88.3358579995785, 42.1398129998139], [-88.3357100003388, 42.1434169997529], [-88.3431140002505, 42.1433809999007], [-88.3430949999839, 42.1446389996924], [-88.3454960000073, 42.1446700000606], [-88.3455670001524, 42.1452170002348], [-88.3504450003672, 42.1451849997228], [-88.3504289995754, 42.1470050002277], [-88.3545000000513, 42.1469790002559], [-88.3544160003857, 42.1540000000554], [-88.3592900004026, 42.154003999813], [-88.3677150003133, 42.1540119999935], [-88.3694030003092, 42.1540159997503], [-88.3695179999369, 42.154013999872], [-88.3695709996404, 42.1540180002947], [-88.3836739998321, 42.1539699998673]]]}, "properties": {"OBJECTID": 1162, "ZCTA5": "60102", "DDA_CODE": "METRO16980M16980", "DDA_TYPE": "SA", "DDA_NAME": "Chicago-Joliet-Naperville, IL HUD Metro FMR Area"}}, {"type": "Feature", "id": 1296, "geometry": {"type": "Polygon", "coordinates": [[[-87.8520570001649, 42.189119999936], [-87.8518839999125, 42.196379999684], [-87.8518870002856, 42.1979239997549], [-87.8518699996688, 42.2036320000659], [-87.8469859996062, 42.2035819997124], [-87.8469649996898, 42.2107880000887], [-87.8447019997587, 42.2108699999709], [-87.8421819999096, 42.2123709999818], [-87.842202999826, 42.2145690000809], [-87.8421760000618, 42.2180300000811], [-87.837334999657, 42.2180049999523], [-87.8279709997629, 42.2180599998234], [-87.8275859997984, 42.2180660000363], [-87.8240530003461, 42.2180759999463], [-87.8219219997611, 42.2180480000613], [-87.8217660001255, 42.2180480000613], [-87.821678000262, 42.2179370003238], [-87.8215510000404, 42.2177720002454], [-87.8213719999402, 42.2177710003162], [-87.8133949997431, 42.2070179997551], [-87.8136750001256, 42.2070230002522], [-87.8163339998919, 42.2106229999624], [-87.8178729999248, 42.2106359998468], [-87.8179049997119, 42.2070550000976], [-87.8179030000621, 42.2052300002136], [-87.8179609997884, 42.1997769997321], [-87.8179700000092, 42.1965970002038], [-87.817971999659, 42.1961700003178], [-87.808346999649, 42.1960860001097], [-87.8083309997555, 42.1981089999295], [-87.8083280002808, 42.1984919997064], [-87.8083890003801, 42.1985889997455], [-87.8079619996846, 42.19913300032], [-87.8083190000599, 42.1997200001471], [-87.8083140000371, 42.2001410000843], [-87.8083099998391, 42.2008030001074], [-87.8083020003415, 42.2019560001059], [-87.8082889999227, 42.2034029998656], [-87.8082670001814, 42.2034820002174], [-87.8043539998892, 42.203461999767], [-87.8074029996428, 42.2094990001949], [-87.8067649999584, 42.2097600000621], [-87.8071649999914, 42.2105660001815], [-87.8061769996043, 42.2105620000082], [-87.8086739998872, 42.2154649996851], [-87.8090110001711, 42.2162280002001], [-87.8094599997096, 42.2158460001171], [-87.8107130004106, 42.2157039996922], [-87.812453000285, 42.2151859999802], [-87.8126089999207, 42.2154769999381], [-87.8152559999914, 42.21472200015], [-87.8154900003431, 42.2151219998622], [-87.8169060003524, 42.2173949998639], [-87.8163079999526, 42.218381000099], [-87.8184880000431, 42.2180360002968], [-87.8207080003165, 42.2180489999861], [-87.8215779998045, 42.2180480000613], [-87.8269949999696, 42.2253519999073], [-87.8276069997148, 42.2261760002625], [-87.8277830003402, 42.2264139998502], [-87.8278109999293, 42.2274690001284], [-87.8275990002172, 42.227184000234], [-87.825597000402, 42.2259200000509], [-87.8207479996012, 42.2253969999517], [-87.8161749998832, 42.2245420002764], [-87.8145730001011, 42.2253860000621], [-87.8096200004415, 42.224823000189], [-87.808331801951, 42.2242030790007], [-87.8074140004118, 42.2229779998649], [-87.8072321481606, 42.2225773128293], [-87.8050371273403, 42.2177408740317], [-87.8028844809502, 42.2129977991794], [-87.8017916875936, 42.2105899726055], [-87.8017739997657, 42.2105510001956], [-87.8017646123709, 42.2105379111348], [-87.796890649185, 42.2037424060886], [-87.7968379998245, 42.2036689997299], [-87.7958999996661, 42.2013519998697], [-87.7952850004462, 42.2005296027858], [-87.7917891292629, 42.1958548149456], [-87.7873543560127, 42.1899244962482], [-87.7873213483159, 42.1898803574841], [-87.7840678399013, 42.185529664004], [-87.7796066346222, 42.1795639996163], [-87.7786320981845, 42.1782608183008], [-87.7770019999986, 42.1760810003003], [-87.7723339791848, 42.1709666708275], [-87.7688020002187, 42.167097000169], [-87.7685606624277, 42.1667146231422], [-87.7682071232612, 42.1661544727894], [-87.7680246017651, 42.1658652851271], [-87.7640859213339, 42.1596248119907], [-87.7613499997282, 42.1552900000189], [-87.7591420521509, 42.1522549694675], [-87.7716469997578, 42.152360000214], [-87.7723149995795, 42.1523620001446], [-87.7775779997588, 42.1523760003235], [-87.7794010003722, 42.1524020000766], [-87.7895219997764, 42.1524729998602], [-87.7938550001932, 42.1525500000045], [-87.7960550003751, 42.1525359998642], [-87.7986620002629, 42.1525489997092], [-87.8091450000654, 42.1525269998675], [-87.8210780002124, 42.1525410000098], [-87.8223000000529, 42.1570419997741], [-87.8234359996797, 42.1589230002356], [-87.8232919997397, 42.1672389999749], [-87.8232549999298, 42.1687010001756], [-87.8248530004123, 42.1687279999194], [-87.8256070004477, 42.1681320001329], [-87.8261329999792, 42.1681340002309], [-87.8265969995863, 42.1678860002417], [-87.827164000024, 42.1684719999126], [-87.8274190002921, 42.1674619996832], [-87.8281440000152, 42.1675339999407], [-87.8281399998173, 42.1679760002804], [-87.8290489996634, 42.1674979998222], [-87.8299669997303, 42.1718759996901], [-87.8313409999068, 42.1734199997896], [-87.8351129997337, 42.1744700000538], [-87.8363250004268, 42.1779550000107], [-87.8433939997044, 42.1813439997421], [-87.8437860002399, 42.1817549999391], [-87.8443360000608, 42.1826700001999], [-87.8467760004423, 42.1827030002151], [-87.8472269996307, 42.1836170002657], [-87.8448630003155, 42.1835840000619], [-87.8472130002853, 42.1849669997671], [-87.8471680000794, 42.1890480002906], [-87.8520570001649, 42.189119999936]]]}, "properties": {"OBJECTID": 1296, "ZCTA5": "60035", "DDA_CODE": "METRO16980M16980", "DDA_TYPE": "SA", "DDA_NAME": "Chicago-Joliet-Naperville, IL HUD Metro FMR Area"}}, {"type": "Feature", "id": 1305, "geometry": {"type": "Polygon", "coordinates": [[[-87.6338949997197, 41.8844690001329], [-87.6339650000399, 41.8869849998077], [-87.6324870001063, 41.8870619997607], [-87.6310230004164, 41.887509999774], [-87.6295370000869, 41.8875080001899], [-87.6280039999017, 41.887505999937], [-87.6268819996203, 41.8880479999702], [-87.6252430000282, 41.8888559998996], [-87.6243550000985, 41.8889300002944], [-87.6227399998975, 41.8888630003021], [-87.6204640004459, 41.8885849998729], [-87.6175889998713, 41.8884559999869], [-87.6137871355528, 41.8883184498884], [-87.6138039996256, 41.8879360000343], [-87.6127809999767, 41.8878519999535], [-87.6129836670913, 41.8856793236028], [-87.6131040305596, 41.8843889814813], [-87.6131779996367, 41.8835959997673], [-87.6165369999101, 41.8823960000552], [-87.6165055076711, 41.8809135351121], [-87.6207909997858, 41.8808730002156], [-87.6228960004315, 41.8808459996771], [-87.6230090004094, 41.8808439998845], [-87.6244379999392, 41.8808249998449], [-87.6244770002972, 41.8821090000181], [-87.6244520001829, 41.8844709998121], [-87.6253579996559, 41.8844980001564], [-87.6262480001338, 41.8844959998093], [-87.6279110000153, 41.8844909999444], [-87.6278700000074, 41.8832179999419], [-87.6294349999796, 41.8832149996955], [-87.629456999721, 41.8844820000528], [-87.6324350002278, 41.88447300016], [-87.6338949997197, 41.8844690001329]]]}, "properties": {"OBJECTID": 1305, "ZCTA5": "60601", "DDA_CODE": "METRO16980M16980", "DDA_TYPE": "SA", "DDA_NAME": "Chicago-Joliet-Naperville, IL HUD Metro FMR Area"}}, {"type": "Feature", "id": 1373, "geometry": {"type": "Polygon", "coordinates": [[[-88.4796109999378, 41.9421160001954], [-88.4796619999914, 41.9439849999417], [-88.4794920001121, 41.9449009997459], [-88.4778319997053, 41.9487349999638], [-88.4777620002834, 41.9491269997334], [-88.477841999751, 41.9646589997155], [-88.4778559999947, 41.9682580002573], [-88.4778700002385, 41.9718940000318], [-88.4730509995749, 41.9718940000318], [-88.4667420001805, 41.9696540003077], [-88.4647679999543, 41.9730939998011], [-88.4630170002093, 41.9739650002137], [-88.4604880001393, 41.9733480000199], [-88.4554729996572, 41.9736700002086], [-88.4535450003601, 41.9756720002235], [-88.4535550004059, 41.9777090001275], [-88.453249999909, 41.9776229998874], [-88.4508849998707, 41.9769539999474], [-88.4485690002361, 41.9758569998573], [-88.4437989999763, 41.9735959998821], [-88.4396060001999, 41.971618000193], [-88.4401300000816, 41.9710129998155], [-88.4370129996576, 41.9688959999222], [-88.4340500001177, 41.968963000066], [-88.4385600000865, 41.9711379998898], [-88.4383039999935, 41.9792919997927], [-88.434841999788, 41.9793210001438], [-88.4348590004047, 41.9813429999849], [-88.4337739999332, 41.9813560002088], [-88.4331899997771, 41.9813629998146], [-88.4331959996249, 41.983487999679], [-88.4325670001613, 41.9834929998025], [-88.4302930003595, 41.9835089997942], [-88.4247969996534, 41.9835490000899], [-88.4227620002262, 41.9835959997206], [-88.4144169997831, 41.9836880003041], [-88.4136429996562, 41.9836970002306], [-88.4100430002567, 41.9838270002149], [-88.4073350000867, 41.9839239998864], [-88.4051369995545, 41.9840030003151], [-88.401425999827, 41.9839810000788], [-88.3953040000304, 41.9840999997184], [-88.3856999999368, 41.9842909999152], [-88.3857230004013, 41.9875100000069], [-88.3849710000157, 41.9873590000242], [-88.3817270002684, 41.9867810000888], [-88.3792690003436, 41.9863730003134], [-88.3758170001839, 41.9860179999543], [-88.3754799999, 41.986022999879], [-88.3753290002873, 41.9860249997153], [-88.3743719998622, 41.9860389999027], [-88.3647850003854, 41.9859089997609], [-88.364796000256, 41.985153999982], [-88.3637049999367, 41.9850729997799], [-88.3588109998284, 41.9849589999639], [-88.3577949998522, 41.9853299997526], [-88.3578309998372, 41.9849579996952], [-88.3579630000817, 41.9839939997641], [-88.3598979999498, 41.9829840001788], [-88.3600140003007, 41.9800060001305], [-88.359635000184, 41.970153999782], [-88.3594889996959, 41.9701520001151], [-88.356333999637, 41.9701920001185], [-88.3537650002825, 41.9702240001032], [-88.3533610000514, 41.9702299997645], [-88.3468669998108, 41.9703129998089], [-88.3434880003443, 41.9703569997], [-88.3425190002237, 41.9695519997219], [-88.3425190002237, 41.9675689999828], [-88.348904999611, 41.9674400000804], [-88.3496210000116, 41.9676969997521], [-88.3494329996906, 41.9664919997119], [-88.3476479996104, 41.9665149998695], [-88.3476019995796, 41.965132999938], [-88.3463699996933, 41.964537999973], [-88.3462180002557, 41.9629899997628], [-88.344921000072, 41.963078000279], [-88.3437450002622, 41.9646210000861], [-88.3405399999747, 41.9646280001953], [-88.3381199996847, 41.9646210000861], [-88.3346120003468, 41.9646040001039], [-88.3346399999359, 41.9690750000989], [-88.3390910003534, 41.9692430001131], [-88.3405919998532, 41.9697310000589], [-88.3406629999984, 41.9777889999671], [-88.3363970004271, 41.9778420001227], [-88.3285130001164, 41.9775610000926], [-88.3209750003104, 41.9747369997189], [-88.3223750004262, 41.9731900000081], [-88.3229050001556, 41.9690449999067], [-88.3196379999438, 41.9690409998354], [-88.3192739998957, 41.969003000148], [-88.3190710004045, 41.968307000212], [-88.3142380003955, 41.9599810001957], [-88.3132359997647, 41.9539240002585], [-88.3127729999824, 41.9503859998936], [-88.3127069998602, 41.949878999893], [-88.3126580003547, 41.9495019997624], [-88.3119009999462, 41.9428969997625], [-88.3125670001181, 41.9428520000241], [-88.312972000174, 41.9419750002509], [-88.3169940002462, 41.9358970001569], [-88.3203569998191, 41.9359429998277], [-88.3217660001557, 41.9359199999965], [-88.3223789997258, 41.9334039997241], [-88.3228490000791, 41.9330010002842], [-88.3240490001784, 41.9341399998652], [-88.3272240003287, 41.9340470001628], [-88.3275270002774, 41.9316799999866], [-88.328155999741, 41.9316670003182], [-88.3350249999004, 41.9326530001353], [-88.3368869999735, 41.9345049999165], [-88.3413140001016, 41.9333359998745], [-88.3401530003604, 41.9292510001667], [-88.3401349999187, 41.9260239998997], [-88.3400830000402, 41.9235490000456], [-88.3399990003746, 41.9186070001919], [-88.3399919998036, 41.9173370003147], [-88.3399909999787, 41.9171919997503], [-88.3399929996285, 41.9170780001261], [-88.3399909999787, 41.9126339998114], [-88.3465439997706, 41.9129239999305], [-88.3466109997177, 41.910914000054], [-88.3445350002827, 41.9108469997257], [-88.3443610002054, 41.9081220002876], [-88.3399149998107, 41.9075170002226], [-88.3399149998107, 41.9037360001759], [-88.3399290000544, 41.9018540000955], [-88.3403910000118, 41.8977220000256], [-88.3496260000345, 41.8976349998712], [-88.3498989998459, 41.8976309999996], [-88.3594750003505, 41.8973790002281], [-88.3750210003157, 41.8970480003202], [-88.3792890004351, 41.8970150000656], [-88.3854920004226, 41.896932000201], [-88.3844429999361, 41.904247000087], [-88.3844189996467, 41.9044149998057], [-88.3895350004111, 41.9048960000017], [-88.3896040000081, 41.9108959996933], [-88.3909249995829, 41.9108640000052], [-88.3908579996357, 41.914903999743], [-88.3856630001268, 41.9136550001195], [-88.3799970004398, 41.9142570000445], [-88.3799970004398, 41.9143489998128], [-88.3856620003019, 41.9137449999874], [-88.3896769998031, 41.9147649998702], [-88.3910280004133, 41.9150510002168], [-88.4014190001543, 41.9150159998482], [-88.4011079998097, 41.9060610003288], [-88.4089319998459, 41.9066649999915], [-88.4089059999067, 41.9070180002678], [-88.4079429996339, 41.9092620002557], [-88.4048029996437, 41.9145870002835], [-88.4046219998937, 41.9151029997168], [-88.4044600004103, 41.9158310003], [-88.4045599999695, 41.9203210001669], [-88.4093810002828, 41.9202470000519], [-88.4118690003449, 41.9195040003193], [-88.41401699975, 41.9202850000675], [-88.41401699975, 41.9220469999302], [-88.4175939995832, 41.9219029999637], [-88.418925000102, 41.9209499996848], [-88.418961000087, 41.9233409999102], [-88.4212249998431, 41.9233050001778], [-88.4225539998137, 41.919669000121], [-88.4233809996441, 41.9199409998757], [-88.4288220000986, 41.9209720002985], [-88.4359449998028, 41.9228050000868], [-88.4356009998463, 41.9244350001729], [-88.4337339997502, 41.9244290002104], [-88.4349270001768, 41.9226219999776], [-88.4311119997939, 41.9216139997977], [-88.4289600001908, 41.9238359996846], [-88.4290060002216, 41.9279160001422], [-88.4337770003062, 41.9277600000885], [-88.4337940000247, 41.9292389998104], [-88.4349530001161, 41.9291659998214], [-88.4453089996969, 41.9285130001146], [-88.4456910001867, 41.929697000004], [-88.4491380003235, 41.9296430000967], [-88.4495979997328, 41.9338219999983], [-88.4503790004307, 41.9343219999542], [-88.4495960000829, 41.934504000192], [-88.4480550004001, 41.9345029997992], [-88.4482579998914, 41.935935000207], [-88.4491540002171, 41.9361740000555], [-88.4532819996961, 41.9372649997231], [-88.4533360001228, 41.9372800002854], [-88.453330000275, 41.9362759999419], [-88.4581470003904, 41.9361760001204], [-88.479452999754, 41.9361169998515], [-88.4795849999985, 41.9391519997406], [-88.4773150003947, 41.9392390001116], [-88.4680259999453, 41.9394149997927], [-88.4630139998362, 41.9394959999231], [-88.4646950001594, 41.940517999717], [-88.4689659997536, 41.9404449999409], [-88.4750340000219, 41.9405449997504], [-88.4796109999378, 41.9421160001954]], [[-88.4218509998319, 41.9444080002051], [-88.4223859995843, 41.9434180000345], [-88.4217839998848, 41.9380869996806], [-88.4162549995668, 41.9385120003062], [-88.4154789997901, 41.9366790000725], [-88.4046620000767, 41.9380110001177], [-88.4045959999545, 41.9342879998595], [-88.4032140002803, 41.9336479997277], [-88.4013789999714, 41.9346680002405], [-88.4027599998206, 41.9382460002054], [-88.4003939999573, 41.9381269997659], [-88.3978489999938, 41.9374899997696], [-88.3972020000885, 41.9391870002343], [-88.3977240003204, 41.9415790001466], [-88.3989589996814, 41.9434379997446], [-88.3997279997854, 41.9442529999684], [-88.4013820003444, 41.9453820001599], [-88.408975000402, 41.9417840001178], [-88.4050930000719, 41.9401499997561], [-88.404691000389, 41.9395760003056], [-88.4218509998319, 41.9444080002051]]]}, "properties": {"OBJECTID": 1373, "ZCTA5": "60175", "DDA_CODE": "METRO16980M16980", "DDA_TYPE": "SA", "DDA_NAME": "Chicago-Joliet-Naperville, IL HUD Metro FMR Area"}}, {"type": "Feature", "id": 1376, "geometry": {"type": "MultiPolygon", "coordinates": [[[[-88.1035789995962, 41.7944299998844], [-88.1036830002516, 41.7954250003305], [-88.1029640003763, 41.7955570000549], [-88.1028599997209, 41.7945710001405], [-88.1002639997038, 41.7950620001885], [-88.1001850000611, 41.7940450000229], [-88.1004310001084, 41.7939980000328], [-88.1002539996581, 41.7931319997753], [-88.1023269996184, 41.7927029996867], [-88.1032720003479, 41.7924210000222], [-88.1033099999827, 41.792557000324], [-88.1033850003258, 41.7935720001464], [-88.1035789995962, 41.7944299998844]]], [[[-88.1063820002008, 41.7930079998558], [-88.1069069999074, 41.7947470000487], [-88.1060659998333, 41.7948529997222], [-88.1061930000549, 41.7959849999099], [-88.1047899995661, 41.7962160000773], [-88.1047390004108, 41.7957670001219], [-88.1038709996743, 41.7959300002576], [-88.1037989997042, 41.7953969999886], [-88.1049960003287, 41.795148999967], [-88.1049030004423, 41.7941680000335], [-88.1048449998177, 41.7935620002628], [-88.105058000253, 41.7935020002589], [-88.1053040003003, 41.793531999933], [-88.1057899996488, 41.7937099998537], [-88.1059529998554, 41.7937029997495], [-88.1058859999083, 41.7930810000697], [-88.1063820002008, 41.7930079998558]]], [[[-88.2348289998961, 41.8122119998684], [-88.2318980001433, 41.8152150001561], [-88.2311680003973, 41.8198950000651], [-88.2309010004336, 41.819927999972], [-88.2243460000936, 41.8204459998115], [-88.2216410002966, 41.8205390002876], [-88.217050000137, 41.820686999831], [-88.2256919997827, 41.8127110003282], [-88.22568500011, 41.8124760001894], [-88.2277959997052, 41.8125730000264], [-88.2348289998961, 41.8122119998684]]], [[[-88.2407380001557, 41.7954190003061], [-88.2404899995603, 41.7981140001487], [-88.2400569999153, 41.8008800002568], [-88.2400259999531, 41.8010460001956], [-88.2301299997814, 41.8016450002801], [-88.2297039998091, 41.8060729998233], [-88.2292669999661, 41.8072690000904], [-88.2279549997138, 41.8074889996656], [-88.2207790003061, 41.8084090001128], [-88.2160049998484, 41.810332999805], [-88.2148979996356, 41.8103859998299], [-88.2139179996444, 41.8103879998174], [-88.2107700001566, 41.8103799998672], [-88.2097030001267, 41.8103790002081], [-88.2084779999131, 41.8103759998918], [-88.2084059999431, 41.8126729999254], [-88.209616999913, 41.8127119999509], [-88.210169000282, 41.8127290002292], [-88.2138060003897, 41.8127279999373], [-88.2138099996893, 41.8126469996721], [-88.2172069995975, 41.8126039997708], [-88.2172090001456, 41.8126959999605], [-88.2171830002063, 41.8136639998856], [-88.2169930002355, 41.813913999769], [-88.2169870003878, 41.8153270002868], [-88.2141870001562, 41.8153020000236], [-88.2141849996081, 41.8165010000808], [-88.2141820001333, 41.8207170001672], [-88.213644000008, 41.8207250001652], [-88.2038490001187, 41.8205230002441], [-88.2048759999655, 41.8171039998392], [-88.2050140000578, 41.8159540001632], [-88.2049820002707, 41.8155319999351], [-88.2048490002013, 41.8147580000196], [-88.2042680004183, 41.8129660000163], [-88.2042170003647, 41.8128110000119], [-88.2040730004246, 41.8128129999236], [-88.190474999848, 41.8129419997896], [-88.1863490000188, 41.8112959997216], [-88.1870389995818, 41.8066739998896], [-88.1866989998232, 41.8066249996819], [-88.184696000183, 41.8067130002194], [-88.1848960001995, 41.8055900003144], [-88.1849470002532, 41.8055860000398], [-88.1850500001853, 41.8051010000552], [-88.1850100000024, 41.805103999949], [-88.1850660000789, 41.8046019999116], [-88.1867070002191, 41.8029330003177], [-88.1865409996394, 41.7983539999694], [-88.1850650002539, 41.7984130002732], [-88.1846250000379, 41.7982260000429], [-88.1850479996372, 41.7973200001294], [-88.1844939996183, 41.7970099997105], [-88.1822829995657, 41.7971139999275], [-88.1817469999885, 41.7970289998722], [-88.1810309995879, 41.797737999694], [-88.1817829999735, 41.7984149999647], [-88.1802769995525, 41.798352000276], [-88.1805989997678, 41.7992220003222], [-88.1772679999819, 41.7992289998236], [-88.1763109995569, 41.7994760003005], [-88.1763010004095, 41.7999729998715], [-88.1714039999281, 41.7992639999979], [-88.1571109997656, 41.7992079999778], [-88.1569779996962, 41.8051969999363], [-88.1570379999706, 41.8060269996762], [-88.1570360003208, 41.8063080000158], [-88.1570179998792, 41.8095879998551], [-88.1578270001662, 41.812565999974], [-88.1558069999093, 41.8132229999273], [-88.156217999813, 41.8135130000109], [-88.1512569997575, 41.8135830001345], [-88.1508180002647, 41.8135909996847], [-88.150074000275, 41.8136129997815], [-88.1467669998802, 41.8136700002102], [-88.1466830002147, 41.8313749997715], [-88.1465180003582, 41.8313719997693], [-88.1461080002794, 41.8313739997708], [-88.1456420001241, 41.8313749997715], [-88.144216000069, 41.8313099996934], [-88.1430539996046, 41.8312290001731], [-88.1423339999044, 41.831147999881], [-88.1371410000453, 41.8304740001687], [-88.1340699996521, 41.8300920000808], [-88.133276000332, 41.829985999803], [-88.1260220002082, 41.829049000077], [-88.1240329999134, 41.8288679998124], [-88.1163360000988, 41.8288120002334], [-88.1161079995949, 41.8288100001519], [-88.1160909998764, 41.8263460002246], [-88.1126420000897, 41.8259189997679], [-88.1126289996709, 41.8287869998796], [-88.1099549998361, 41.8287900000029], [-88.1091229999828, 41.8288790002499], [-88.1053899996157, 41.8288910000556], [-88.1054659997837, 41.8287630002269], [-88.1102300001957, 41.8197740002612], [-88.112736999626, 41.8163100001447], [-88.1132449996141, 41.8155600001823], [-88.1137790004398, 41.8147300000913], [-88.1142849998798, 41.8138899998975], [-88.1161329997092, 41.8108269999033], [-88.1162880004182, 41.8108800001891], [-88.1174170003724, 41.8089390002458], [-88.1172750000821, 41.8089350001804], [-88.1188419997042, 41.8063970000403], [-88.1189480000094, 41.8062209999852], [-88.1191689999423, 41.805848000085], [-88.1126089995795, 41.8057419998482], [-88.1110600003991, 41.8057410001168], [-88.1110400003076, 41.8053110003197], [-88.1110269998888, 41.8010360001389], [-88.1138499996866, 41.7991510000745], [-88.1108519999866, 41.7985699999771], [-88.1157650003615, 41.7985229999568], [-88.1163489996193, 41.7996010002576], [-88.1175629999622, 41.7995809996915], [-88.1172900001508, 41.7961090000975], [-88.1191120000409, 41.7960329996653], [-88.1189610004282, 41.7950830000535], [-88.1167329997588, 41.7954570002277], [-88.1135810000731, 41.7955959997846], [-88.115196000274, 41.7942490002219], [-88.1149009998229, 41.7940089997629], [-88.1147240002709, 41.7905440001521], [-88.1124100002861, 41.79059799977], [-88.1122730000188, 41.7880179997122], [-88.1151979999238, 41.7865039999495], [-88.1240250004158, 41.7821619998987], [-88.1284319995541, 41.7808409998274], [-88.1284750001101, 41.7808320000875], [-88.1300900003111, 41.7805220003125], [-88.1320529997682, 41.7803589998491], [-88.1334670001277, 41.780153000068], [-88.137488000375, 41.7800420002108], [-88.1375000000705, 41.7799620002911], [-88.1390490001492, 41.7799189998911], [-88.1448660003473, 41.7795780000913], [-88.1451640002732, 41.7798310000732], [-88.1460420001572, 41.7795460003058], [-88.146744000314, 41.7795429998855], [-88.1471519998447, 41.7797780002311], [-88.1531990001966, 41.7796189997722], [-88.1543249997777, 41.779589000286], [-88.1589760002118, 41.7794640001546], [-88.1668810004389, 41.7792509998354], [-88.170170000392, 41.7791620002945], [-88.1782260002318, 41.7789449997144], [-88.1843189997161, 41.7787779999935], [-88.184808000336, 41.7787639998728], [-88.1869690001599, 41.7787069998762], [-88.2055789999473, 41.7782919999481], [-88.2055980002139, 41.7813729997722], [-88.2055830001453, 41.7835919999953], [-88.2057370001311, 41.7835930000722], [-88.2057289997352, 41.7845429998361], [-88.2077470003422, 41.7828089999139], [-88.2079669995519, 41.7814190001997], [-88.2057489998266, 41.7813809999945], [-88.2057239997123, 41.7782890001389], [-88.2057250004355, 41.7781989997718], [-88.2057260002604, 41.778119999725], [-88.2220160002153, 41.7776710002988], [-88.2220160002153, 41.7777530000631], [-88.225168999726, 41.77761200033], [-88.2320310002126, 41.7766570001209], [-88.2316639997915, 41.7814680002548], [-88.2315829996007, 41.783366999696], [-88.2303220003004, 41.7991090003247], [-88.2374530004006, 41.7991540002469], [-88.2379589998405, 41.7988260002092], [-88.2379940000006, 41.7958600002665], [-88.2407380001557, 41.7954190003061]]]]}, "properties": {"OBJECTID": 1376, "ZCTA5": "60563", "DDA_CODE": "METRO16980M16980", "DDA_TYPE": "SA", "DDA_NAME": "Chicago-Joliet-Naperville, IL HUD Metro FMR Area"}}, {"type": "Feature", "id": 1404, "geometry": {"type": "Polygon", "coordinates": [[[-87.6694909997711, 41.8877940002632], [-87.6695219997332, 41.8888370002363], [-87.6670689998313, 41.8888520001469], [-87.6654539996304, 41.8888580001102], [-87.6628099999327, 41.8887179999285], [-87.662210999708, 41.8890049997033], [-87.6589259999528, 41.8889239996691], [-87.6573469997369, 41.8889439997449], [-87.6569740003663, 41.8889480001605], [-87.6545669995968, 41.8889779999262], [-87.6522359998936, 41.8889940002413], [-87.6487250001827, 41.8890329999059], [-87.6486840001748, 41.8873750002902], [-87.6475479996496, 41.887392000132], [-87.6475059998168, 41.8867970003058], [-87.6474050004328, 41.8831460000083], [-87.647360000227, 41.8817779998988], [-87.6473219996938, 41.880491999959], [-87.6472020000432, 41.8766719999215], [-87.6457030001932, 41.8766919998195], [-87.6445149997895, 41.8767079998671], [-87.6439809998622, 41.8773499997269], [-87.6439599999457, 41.8767150002629], [-87.6410269996448, 41.8767520001446], [-87.6373770000167, 41.8767990002707], [-87.6361710000696, 41.874902999875], [-87.6360349996272, 41.8744479997849], [-87.6336289995809, 41.8744810003267], [-87.6336570000683, 41.8755230002597], [-87.6351769998347, 41.8768259998437], [-87.6336939998782, 41.8768500001978], [-87.6331099997222, 41.87686300033], [-87.6330560001938, 41.8744880002975], [-87.633122000316, 41.8744880002975], [-87.6330560001938, 41.8721609998625], [-87.6335730004027, 41.8721510002087], [-87.6335320003949, 41.8706260002525], [-87.6346150003182, 41.8699229996878], [-87.6343779995935, 41.8673710000091], [-87.6347900002204, 41.8673639999278], [-87.6353190001249, 41.867361000275], [-87.6350329998947, 41.8624019997742], [-87.6356489998378, 41.8600269996708], [-87.6369789996334, 41.8599270001396], [-87.6390139999589, 41.8600179996792], [-87.6390199998067, 41.8602290000396], [-87.6440679999008, 41.8604050001785], [-87.6445139999646, 41.8613810002471], [-87.6444679999339, 41.8599540001489], [-87.6465800002523, 41.8599129996844], [-87.6467059997507, 41.8599109999058], [-87.6467790004439, 41.8623470002879], [-87.6468990000945, 41.8623439997307], [-87.646915999813, 41.8625490000181], [-87.6472790000361, 41.8625540002617], [-87.6472959997545, 41.8632499997093], [-87.646811000231, 41.8635599999679], [-87.6468210002767, 41.8638660000828], [-87.6478530001465, 41.8638649999209], [-87.6477920000471, 41.8623320001765], [-87.6508929996792, 41.862281000039], [-87.6509370000602, 41.8634989998027], [-87.6510459998401, 41.8670869997273], [-87.6566809995651, 41.8669970003264], [-87.6566970003569, 41.8674800002204], [-87.661593000115, 41.8673949998998], [-87.6615710003737, 41.8669159998207], [-87.6664140004284, 41.8668550001815], [-87.6665490001476, 41.8692609999365], [-87.6677430003991, 41.8692429998758], [-87.6678139996459, 41.871606999697], [-87.6666160000948, 41.8716259998014], [-87.666686000415, 41.8742510001891], [-87.6667390001184, 41.8763510000678], [-87.6667690002557, 41.8771310000494], [-87.6691739995787, 41.8769969999958], [-87.6691939996702, 41.8775849998198], [-87.6676539998123, 41.8776089998888], [-87.6676880001475, 41.8788800000851], [-87.6668189995861, 41.8788939997312], [-87.6668410002257, 41.880167000269], [-87.6676589998352, 41.8801530002328], [-87.6668429998755, 41.8807970000579], [-87.6668520000963, 41.8814549998348], [-87.6669130001957, 41.8823779996806], [-87.6669449999827, 41.883297999996], [-87.6670520001129, 41.8878260001449], [-87.6694909997711, 41.8877940002632]]]}, "properties": {"OBJECTID": 1404, "ZCTA5": "60607", "DDA_CODE": "METRO16980M16980", "DDA_TYPE": "SA", "DDA_NAME": "Chicago-Joliet-Naperville, IL HUD Metro FMR Area"}}, {"type": "Feature", "id": 1410, "geometry": {"type": "MultiPolygon", "coordinates": [[[[-88.6014119999547, 41.9744909998231], [-88.6103440000287, 41.9767159997803], [-88.6080540003334, 41.98139900016], [-88.6012889999311, 41.981473000101], [-88.6014119999547, 41.9744909998231]]], [[[-88.6887669997908, 41.9258389999456], [-88.6887709999888, 41.929457999944], [-88.6871270003738, 41.9295099997341], [-88.6792999999646, 41.929491000137], [-88.6792770003983, 41.9332330002197], [-88.6760140003845, 41.9332679999523], [-88.6726850002484, 41.9329540000793], [-88.6692359995634, 41.9329869998002], [-88.6538290004137, 41.9331769998055], [-88.6405470002045, 41.9331299997303], [-88.6363870000401, 41.9327580002305], [-88.6334980001201, 41.9316799999866], [-88.6319010003608, 41.93212900017], [-88.6303780002214, 41.9325259999039], [-88.630497999872, 41.9365369997732], [-88.6297410003618, 41.9377579996978], [-88.6256310004262, 41.9406000000799], [-88.6206600003249, 41.9409009999377], [-88.6207430001656, 41.9519330001873], [-88.6013990004343, 41.9521509997753], [-88.6013519996803, 41.9230250001551], [-88.6013519996803, 41.9137320000069], [-88.6013509998554, 41.9108160001088], [-88.6013450000076, 41.9094010000791], [-88.6013559998782, 41.9063399997386], [-88.6014179998025, 41.8986199997435], [-88.6014189996274, 41.8983830002098], [-88.601437999894, 41.8940000001787], [-88.6014720002292, 41.8911690000072], [-88.6016859995911, 41.8733249999743], [-88.6018889999807, 41.8570639998131], [-88.6019380003845, 41.8503680001868], [-88.6019890004382, 41.8460520002619], [-88.6020360002938, 41.8424510001578], [-88.6022065436539, 41.8285124772928], [-88.6106429997795, 41.8290459999658], [-88.6139989996797, 41.8283830000642], [-88.6217039998903, 41.8282760002544], [-88.6215549999274, 41.8354939999459], [-88.6332649995933, 41.835399999837], [-88.6409120000775, 41.835286000132], [-88.640707999863, 41.8498069998843], [-88.6600469995715, 41.8497559997954], [-88.6596850000715, 41.8712190000594], [-88.6402719998449, 41.871223000247], [-88.640239000233, 41.8744179998856], [-88.6401890000042, 41.8787699999874], [-88.6402540003016, 41.8935109998947], [-88.6398490002456, 41.8948520002338], [-88.6460649997536, 41.8991979997311], [-88.6493279997675, 41.9003910002924], [-88.6518219996773, 41.9008439996844], [-88.6654560002389, 41.9008289999154], [-88.6654000001624, 41.9055350002269], [-88.665011, 41.9059369998283], [-88.661640999856, 41.9066939999666], [-88.6547929996131, 41.9067189999576], [-88.6528820000344, 41.9072599999318], [-88.6520610000519, 41.9079089999717], [-88.6523139997718, 41.9112939999469], [-88.6517439998594, 41.9158680002548], [-88.6654029996372, 41.9178580001685], [-88.6654939998738, 41.9224719998255], [-88.6835379999468, 41.9222400001879], [-88.6835399995966, 41.9239139998781], [-88.6887619997679, 41.9238519999549], [-88.6887669997908, 41.9258389999456]]]]}, "properties": {"OBJECTID": 1410, "ZCTA5": "60151", "DDA_CODE": "METRO16980MM2050", "DDA_TYPE": "SA", "DDA_NAME": "DeKalb County, IL HUD Metro FMR Area"}}, {"type": "Feature", "id": 1454, "geometry": {"type": "Polygon", "coordinates": [[[-88.079693000109, 42.0493059997135], [-88.0796920002841, 42.0494410000097], [-88.0796110000933, 42.0556480001569], [-88.0795809999561, 42.0580830000271], [-88.0747139996119, 42.0581780003046], [-88.0732270003558, 42.0601800002516], [-88.0719839997005, 42.0607329999835], [-88.0598559995599, 42.0608990000052], [-88.0586689998794, 42.0608479998197], [-88.0568660002558, 42.0606300002259], [-88.0570600004246, 42.0610199999806], [-88.0794780000239, 42.0637659996999], [-88.0794129997265, 42.0657660001964], [-88.0787109995697, 42.0670010000052], [-88.0723219998093, 42.0670910000565], [-88.0740869997981, 42.0683840003125], [-88.0779499998616, 42.0689629999357], [-88.0779039998308, 42.0787150000569], [-88.0736559998029, 42.0771059999147], [-88.0711069996415, 42.0764129999476], [-88.0710239998008, 42.0765460003058], [-88.0678679999171, 42.0756810002417], [-88.0677659998098, 42.0781120000852], [-88.065780999713, 42.0780469997893], [-88.0622830004208, 42.0780909998635], [-88.0622940002915, 42.0773039999442], [-88.0622990003144, 42.077205999825], [-88.060988999712, 42.077174999783], [-88.059489000037, 42.0771659997464], [-88.0594980002579, 42.0772650000782], [-88.0586799997501, 42.0772610001419], [-88.0580410002407, 42.0768859998243], [-88.0555699998971, 42.0771520002798], [-88.0537660004486, 42.0771659997464], [-88.0537139996717, 42.0771699996887], [-88.0530810000101, 42.075342999964], [-88.0534419996851, 42.0753229996741], [-88.0534400000353, 42.0752410000868], [-88.0528740003209, 42.0752939997427], [-88.0483889995682, 42.0756829999263], [-88.0464799996394, 42.0770759999776], [-88.0455800000141, 42.0758819999005], [-88.0460880000022, 42.0741360000232], [-88.0438910001933, 42.0740970002108], [-88.0439099995615, 42.0726120002437], [-88.0439149995844, 42.0697260001296], [-88.0439149995844, 42.0695030003118], [-88.0409720001361, 42.0695270001922], [-88.0401290004122, 42.0675620001108], [-88.0401789997426, 42.066987000297], [-88.0396699999295, 42.0667669998084], [-88.0337089997914, 42.0640870001834], [-88.0329289998167, 42.0638089999752], [-88.0330939996731, 42.0633850001299], [-88.0329139997481, 42.0614279998793], [-88.0351380002195, 42.0613379998033], [-88.0352419999765, 42.0589310003334], [-88.0344150001462, 42.0580619998484], [-88.0304740002649, 42.0576090003035], [-88.0304719997168, 42.0557190003198], [-88.0304709998919, 42.0508189997498], [-88.030465999869, 42.0506489997815], [-88.0303500004164, 42.0484869998166], [-88.0306890003501, 42.0429429999693], [-88.0310729995913, 42.0369650001664], [-88.0310759999644, 42.0367959999421], [-88.0312540002396, 42.0250419998346], [-88.0347390000113, 42.0252529999982], [-88.0357969998203, 42.0254780003152], [-88.0370710004377, 42.0261549997348], [-88.0381130003532, 42.0250749999158], [-88.0456439995882, 42.0249860000214], [-88.0455819996639, 42.0286549999433], [-88.0558519999294, 42.0283359997214], [-88.0603130003927, 42.0281409998956], [-88.0603030003469, 42.0298850002901], [-88.0602460004455, 42.0326560002775], [-88.0602029998895, 42.0355229998387], [-88.0602020000646, 42.0355670000282], [-88.0601950003919, 42.0372899997965], [-88.0603140002176, 42.0378130001995], [-88.0606909997861, 42.0389239998249], [-88.0607490004108, 42.0391360000297], [-88.0626270003774, 42.0390440002165], [-88.062642000446, 42.041071000192], [-88.064614999949, 42.0417189997363], [-88.0651110002415, 42.0438629997004], [-88.0647699997597, 42.0497220001703], [-88.065825000094, 42.049704000316], [-88.0711059998166, 42.0495549996953], [-88.079693000109, 42.0493059997135]]]}, "properties": {"OBJECTID": 1454, "ZCTA5": "60173", "DDA_CODE": "METRO16980M16980", "DDA_TYPE": "SA", "DDA_NAME": "Chicago-Joliet-Naperville, IL HUD Metro FMR Area"}}, {"type": "Feature", "id": 1494, "geometry": {"type": "Polygon", "coordinates": [[[-87.7134489999841, 41.547956999673], [-87.7134690000756, 41.5497529997429], [-87.7132799999297, 41.5497310000079], [-87.7085249997385, 41.5497319996905], [-87.7037999996846, 41.5497489996694], [-87.6987769997049, 41.5498320001351], [-87.6985290000078, 41.5498320001351], [-87.6940319995595, 41.5498360002034], [-87.694051999651, 41.5515149999785], [-87.6892529999772, 41.551643999708], [-87.6860619999334, 41.551737000307], [-87.6845999998933, 41.5517470001827], [-87.6842480004391, 41.5518019998077], [-87.6840090000645, 41.5518010001572], [-87.6836960000701, 41.5517249997818], [-87.674808000377, 41.5517340000078], [-87.6748950004157, 41.5507579999427], [-87.6747139997674, 41.5499430002592], [-87.6747179999654, 41.5496339998039], [-87.6743120000845, 41.54994500029], [-87.6651170002448, 41.5497189997826], [-87.6650159999625, 41.5465019998953], [-87.6650019997187, 41.5461189997054], [-87.6649520003883, 41.5447079997986], [-87.6648729998473, 41.5425980000252], [-87.6647299997322, 41.5420300002286], [-87.6640329995982, 41.5408349996712], [-87.663865000267, 41.540618000022], [-87.6627089996504, 41.5390179998166], [-87.6625699997332, 41.5388000002705], [-87.6550660002624, 41.5387629997009], [-87.6552289995707, 41.5372139997495], [-87.6552069998294, 41.5348350000117], [-87.655041999973, 41.5278390000938], [-87.6567290001439, 41.5278430001777], [-87.6591000000301, 41.5277780001295], [-87.6598590000884, 41.527783000239], [-87.6604840002524, 41.5269890002035], [-87.6605610002453, 41.5256739997937], [-87.660535000306, 41.5242010003293], [-87.6623010001197, 41.524201999734], [-87.6646469998915, 41.5242270003142], [-87.6647570003947, 41.5277540002711], [-87.6647659997172, 41.5278599998588], [-87.6696690000463, 41.5278609998794], [-87.6737999998984, 41.5278740001466], [-87.6745339998423, 41.5278919998397], [-87.6782620001866, 41.5280329998407], [-87.6863270002472, 41.5280110001135], [-87.6864939997535, 41.5280110001135], [-87.6938890003427, 41.5279949998182], [-87.6990570000874, 41.5279820002479], [-87.7035879999725, 41.5279679999834], [-87.7132869996024, 41.5279370000595], [-87.7132969996481, 41.5288960001993], [-87.7132949999983, 41.5291370001999], [-87.7133429996789, 41.5359510000422], [-87.7133440004021, 41.5360609998957], [-87.7133839996868, 41.5392870001067], [-87.7041729999535, 41.5392319999209], [-87.7036940002777, 41.5400879999806], [-87.7036900000798, 41.5392310000761], [-87.7035529998124, 41.539227000024], [-87.7035970001934, 41.5302499997312], [-87.6975890001995, 41.5302630001908], [-87.6989009995534, 41.5304850001874], [-87.698082000119, 41.5314909999114], [-87.698086000317, 41.5334259998698], [-87.7000730000636, 41.5334259998698], [-87.700057999995, 41.5352679998279], [-87.6985469995511, 41.5370580000665], [-87.6969859997768, 41.537058999945], [-87.6962200000459, 41.5406499997434], [-87.6939560002898, 41.5407029997513], [-87.6939660003356, 41.542523000055], [-87.6963620003361, 41.5425200000006], [-87.7013200000185, 41.5425130000973], [-87.7037029996002, 41.5425149996856], [-87.7115059997201, 41.5425090002482], [-87.7133900004329, 41.542503000138], [-87.7134299997175, 41.5457839997471], [-87.7134299997175, 41.5461289997778], [-87.7134489999841, 41.547956999673]]]}, "properties": {"OBJECTID": 1494, "ZCTA5": "60422", "DDA_CODE": "METRO16980M16980", "DDA_TYPE": "SA", "DDA_NAME": "Chicago-Joliet-Naperville, IL HUD Metro FMR Area"}}, {"type": "Feature", "id": 1522, "geometry": {"type": "MultiPolygon", "coordinates": [[[[-88.0915619997836, 42.0268439999498], [-88.0917900002876, 42.0310240003215], [-88.0847520000738, 42.0313569999583], [-88.0847439996779, 42.0324240000161], [-88.0847350003553, 42.0334990002274], [-88.0847289996093, 42.034429000163], [-88.0799840003622, 42.0346460001248], [-88.0798470000948, 42.0346519997196], [-88.0798110001098, 42.0384180001846], [-88.0734330002201, 42.0385960002669], [-88.0701430004421, 42.0386039996742], [-88.0700039996266, 42.0350889998252], [-88.0693559998964, 42.035111999888], [-88.0602029998895, 42.0355229998387], [-88.0602460004455, 42.0326560002775], [-88.0603030003469, 42.0298850002901], [-88.0603130003927, 42.0281409998956], [-88.0558519999294, 42.0283359997214], [-88.0564009999254, 42.0250760002214], [-88.0579759999434, 42.0250049998444], [-88.0579790003164, 42.0269410001204], [-88.0603219997152, 42.0268780000402], [-88.0603409999817, 42.0263120001318], [-88.0603640004463, 42.0247199999018], [-88.0617829999303, 42.024719000258], [-88.0652950003645, 42.0269310000271], [-88.0685180001954, 42.0277789998136], [-88.0696529999973, 42.0277300002543], [-88.0751439997822, 42.0275040002999], [-88.079914000042, 42.0273080003208], [-88.0826439999533, 42.027195999966], [-88.0862750002132, 42.0270450000632], [-88.0909969998941, 42.0268699998243], [-88.0915619997836, 42.0268439999498]]], [[[-88.1042139998059, 42.0483379996766], [-88.1043750003627, 42.0492149998758], [-88.0994369998735, 42.0490879998551], [-88.0994340003987, 42.0485680000057], [-88.0981410004131, 42.0484879997537], [-88.0980929998342, 42.0461340002077], [-88.0994400002465, 42.0448830002468], [-88.099524999737, 42.0412139997208], [-88.1019480004, 42.0411269998452], [-88.104181000194, 42.0414019997965], [-88.1042120001561, 42.0432640003039], [-88.104281999578, 42.0477180001814], [-88.1042060003083, 42.0482160002778], [-88.1042139998059, 42.0483379996766]]], [[[-88.1543239999528, 42.0299540000977], [-88.1544290004331, 42.0318790002784], [-88.1446470000642, 42.0319460001956], [-88.1388559998054, 42.0320189998857], [-88.1387529998732, 42.0395529997754], [-88.1389339996232, 42.0467300000027], [-88.1377589996383, 42.0467899998603], [-88.1261710001711, 42.0472840000696], [-88.1239950002786, 42.0473570001529], [-88.1234160001454, 42.0473779998689], [-88.1221280001826, 42.0474249997163], [-88.1214569999878, 42.0474000001992], [-88.1215619995698, 42.043941999764], [-88.1215630002931, 42.0405500000407], [-88.1215630002931, 42.0403850002687], [-88.121119999704, 42.0403640002427], [-88.1191360003304, 42.039391000324], [-88.119115000414, 42.0368360001029], [-88.1188330003817, 42.0371890002804], [-88.115116999733, 42.0369990001809], [-88.1140759996424, 42.0370419998985], [-88.1093980003425, 42.0372149999268], [-88.1070440001747, 42.0372940002497], [-88.106004999734, 42.0373290002009], [-88.1019640002936, 42.037465000038], [-88.0994899995769, 42.0374919996816], [-88.0995070001937, 42.0350910001211], [-88.099568000293, 42.0265640003196], [-88.0996939997914, 42.0265610001405], [-88.104838000145, 42.0263850002863], [-88.1048439999928, 42.0262129997609], [-88.1052280001323, 42.0257540002127], [-88.1099170002012, 42.0255740002704], [-88.1099380001176, 42.0262039998409], [-88.1139269996795, 42.0260460002216], [-88.1139629996645, 42.0249809998212], [-88.1191589998966, 42.0237170002561], [-88.1191580000717, 42.0258380002338], [-88.1197320001821, 42.0258150001517], [-88.1196760001056, 42.0251319999552], [-88.1230179997621, 42.0249959997533], [-88.1230970003031, 42.0256759998554], [-88.1235380003441, 42.025657000233], [-88.1234859995673, 42.0250100000427], [-88.1235590002605, 42.0238859998883], [-88.1251440003242, 42.0231750002807], [-88.1258969996364, 42.0230600003086], [-88.1259750003525, 42.023696999721], [-88.1258179999937, 42.0242219998366], [-88.1259040002074, 42.0255580001767], [-88.1289089995801, 42.0254379996794], [-88.1319430001634, 42.0253040000687], [-88.1345590002719, 42.0251969997036], [-88.1344989999975, 42.0242429998579], [-88.138025999602, 42.024090000307], [-88.1380320003481, 42.0250410001958], [-88.1401029997603, 42.0249520002538], [-88.1400890004149, 42.023503999673], [-88.1402380003778, 42.0234770000933], [-88.1445130001699, 42.0232629997069], [-88.1444999997511, 42.0247640002292], [-88.1446799996762, 42.0247519998396], [-88.1468460004213, 42.0249150002113], [-88.1543239999528, 42.0299540000977]]]]}, "properties": {"OBJECTID": 1522, "ZCTA5": "60194", "DDA_CODE": "METRO16980M16980", "DDA_TYPE": "SA", "DDA_NAME": "Chicago-Joliet-Naperville, IL HUD Metro FMR Area"}}, {"type": "Feature", "id": 1535, "geometry": {"type": "Polygon", "coordinates": [[[-87.790049999856, 42.1392469999689], [-87.7900669995745, 42.1410959998148], [-87.7899240003576, 42.1454540000057], [-87.7895219997764, 42.1524729998602], [-87.7794010003722, 42.1524020000766], [-87.7775779997588, 42.1523760003235], [-87.7723149995795, 42.1523620001446], [-87.7716469997578, 42.152360000214], [-87.7591420521509, 42.1522549694675], [-87.7548043625284, 42.1462924078482], [-87.750166914977, 42.1399178027457], [-87.7495628838873, 42.1390875048401], [-87.7435038473083, 42.1307587915463], [-87.7416899268658, 42.1282653882996], [-87.7417089998959, 42.1262599997635], [-87.7450999999563, 42.1250140000667], [-87.7485909995758, 42.1242249998535], [-87.7473119998338, 42.1226989998589], [-87.7444510004011, 42.1193350003179], [-87.7449769999326, 42.1194309996818], [-87.7451479996368, 42.1193399997539], [-87.7456509996021, 42.1191139999317], [-87.7459229995886, 42.119442000023], [-87.7512979999209, 42.1195220001452], [-87.7512960002711, 42.1196430002881], [-87.7527359996715, 42.1195289998679], [-87.756165000265, 42.1194719999141], [-87.7585920002277, 42.1196860000134], [-87.7607210002645, 42.1197640002], [-87.7703760004118, 42.1197370002232], [-87.7702740003045, 42.1233549998737], [-87.7723740000291, 42.1233249998222], [-87.7803629999217, 42.1235269998507], [-87.77998499963, 42.1342670002909], [-87.7798519995606, 42.1378710001314], [-87.7799810003303, 42.1378719999926], [-87.7847440000191, 42.1378829997964], [-87.7867829996442, 42.1378959999861], [-87.789725000166, 42.1379330001525], [-87.790049999856, 42.1392469999689]]]}, "properties": {"OBJECTID": 1535, "ZCTA5": "60022", "DDA_CODE": "METRO16980M16980", "DDA_TYPE": "SA", "DDA_NAME": "Chicago-Joliet-Naperville, IL HUD Metro FMR Area"}}, {"type": "Feature", "id": 1539, "geometry": {"type": "Polygon", "coordinates": [[[-88.1827720001856, 41.857193000177], [-88.1827310001777, 41.8580350000972], [-88.1818780004081, 41.8581330000765], [-88.1795150000195, 41.858598000314], [-88.1793750002774, 41.8614710001942], [-88.1814509997125, 41.8614480002867], [-88.1803309999792, 41.8640590002745], [-88.1801279995896, 41.8675000003188], [-88.1811150001518, 41.8679219997982], [-88.1791250000322, 41.8686439999457], [-88.1796580001347, 41.8707039999062], [-88.1790720003287, 41.8709519996822], [-88.1779750001616, 41.8713360000912], [-88.177844999567, 41.8713479999623], [-88.1752679998165, 41.8713779999647], [-88.1752069997171, 41.8730269997967], [-88.1753120001974, 41.8739180001606], [-88.1753070001745, 41.8755129997942], [-88.1752979999537, 41.8757040003221], [-88.1751599998614, 41.8787290002187], [-88.1700649999117, 41.8788849997201], [-88.1702990002634, 41.8814089996763], [-88.1704919997089, 41.886002000027], [-88.1654429997899, 41.8861499999863], [-88.1617100003211, 41.8862859998634], [-88.1599870001651, 41.8867950000306], [-88.1572880002159, 41.887945000108], [-88.1568610004186, 41.8881139996972], [-88.1557059996269, 41.8882800001682], [-88.1516710000343, 41.8881610001603], [-88.1511139996424, 41.8881390002751], [-88.1514829997133, 41.8891380002219], [-88.1507260002032, 41.8935599997938], [-88.1458420001406, 41.8936340000888], [-88.1458339997447, 41.894356999671], [-88.1457640003228, 41.8991130001396], [-88.1506829996472, 41.8990220000898], [-88.1506459998373, 41.9007960002774], [-88.150623000271, 41.9020919996831], [-88.1505749996921, 41.9047999998892], [-88.149305000171, 41.9044599999179], [-88.148063000239, 41.9041209996737], [-88.1477030003888, 41.9028369999728], [-88.1458530000113, 41.9036040001766], [-88.1458060001556, 41.9019940002357], [-88.1458029997826, 41.9016970002753], [-88.1457729996453, 41.9010929997483], [-88.1405839999842, 41.9012770003235], [-88.1361469998104, 41.9013370002948], [-88.1352930002159, 41.9016990000838], [-88.1318600003227, 41.9012790001452], [-88.1296409998742, 41.9010270000595], [-88.1296409998742, 41.8950669999925], [-88.1264220002413, 41.8950480001704], [-88.1264099996474, 41.8918460000744], [-88.1264070001727, 41.8914060002316], [-88.1254849999078, 41.8901539997025], [-88.1254770004102, 41.8877619996966], [-88.1274559997609, 41.8877370003086], [-88.127490000096, 41.8918279996874], [-88.1280680004044, 41.8918120000822], [-88.1312929998851, 41.8917490000093], [-88.131301000281, 41.8933280000482], [-88.1361429996124, 41.8932799996728], [-88.1361429996124, 41.8932679999077], [-88.1361590004043, 41.8908970000231], [-88.1361280004421, 41.8902449996823], [-88.1365450001937, 41.8902220000965], [-88.1375400002535, 41.890141000268], [-88.1411990001025, 41.8904870000562], [-88.1410500001395, 41.8935379997619], [-88.1446160001021, 41.8938200001445], [-88.1441680003884, 41.8935909997652], [-88.1458420001406, 41.8935249996786], [-88.1458510003614, 41.8923629998118], [-88.1458839999734, 41.8890299999325], [-88.1455729996288, 41.88902199978], [-88.1444090004129, 41.8900079998315], [-88.1433559997284, 41.887861000039], [-88.1455910000705, 41.8878869998334], [-88.1458289997218, 41.8878880002882], [-88.1471359999512, 41.887989999789], [-88.1471660000884, 41.8872689999557], [-88.1474640000142, 41.8863090001976], [-88.1458859996232, 41.8853609999735], [-88.1457080002463, 41.885253999814], [-88.1431359996204, 41.8839330002579], [-88.1431490000392, 41.883122999873], [-88.1417480000985, 41.883220000329], [-88.1377789997298, 41.8811820000668], [-88.1375119997661, 41.8810450001332], [-88.1360439998782, 41.8802909999773], [-88.1360630001448, 41.8799449998125], [-88.1368210003782, 41.8798939996801], [-88.1367950004389, 41.8773189999006], [-88.1360320001827, 41.8774600002622], [-88.1360349996574, 41.8769120002903], [-88.137479999979, 41.876660999674], [-88.1373560001305, 41.8761860000095], [-88.1372139998403, 41.8725360001304], [-88.1370170001968, 41.8707629997783], [-88.1369400002039, 41.8704699999905], [-88.1461490002873, 41.8698210001102], [-88.1461490002873, 41.8697240000527], [-88.1461900002951, 41.8638170001563], [-88.1463230003646, 41.8572910001084], [-88.1471629997154, 41.8572019998971], [-88.1552820002027, 41.8570600000777], [-88.1609119999048, 41.8569880001148], [-88.1617889999638, 41.8549719996911], [-88.1657569996093, 41.8539669996835], [-88.1658040003633, 41.8497319999756], [-88.1738359999136, 41.8495779996911], [-88.1738519998072, 41.8474929998839], [-88.1745659996596, 41.8469209997861], [-88.1705159999984, 41.8432880003273], [-88.1708580003051, 41.8422990000757], [-88.1749809997613, 41.842288999767], [-88.1805949995698, 41.8449680000098], [-88.1805500002623, 41.8485509997851], [-88.1791939996291, 41.8494080001893], [-88.1776489997484, 41.8495430002439], [-88.1756439995601, 41.8478270001146], [-88.1756450002833, 41.8495439999607], [-88.1775419996183, 41.8509039998399], [-88.1786940000369, 41.8536609997049], [-88.1805510000872, 41.853648000207], [-88.1805379996684, 41.8567780000387], [-88.1827720001856, 41.857193000177]]]}, "properties": {"OBJECTID": 1539, "ZCTA5": "60190", "DDA_CODE": "METRO16980M16980", "DDA_TYPE": "SA", "DDA_NAME": "Chicago-Joliet-Naperville, IL HUD Metro FMR Area"}}, {"type": "Feature", "id": 1540, "geometry": {"type": "Polygon", "coordinates": [[[-87.7245100000949, 42.087830000298], [-87.7260159996176, 42.0918099999622], [-87.7232139997362, 42.0917900001963], [-87.7223769998601, 42.091156999879], [-87.721323000249, 42.091144000098], [-87.7214000002419, 42.0918369998363], [-87.7175079998661, 42.0917040001975], [-87.7174789995538, 42.0935240002059], [-87.7130320002326, 42.0934980002783], [-87.7109449946386, 42.0953180048012], [-87.706585280122, 42.0924140936475], [-87.7026683443105, 42.0898051063802], [-87.7022150095024, 42.0895031498286], [-87.7027970001272, 42.0878949999056], [-87.7028230000665, 42.0859259997724], [-87.7126680001845, 42.0861630000359], [-87.7126919995756, 42.0848380002925], [-87.7129650002854, 42.0848510000324], [-87.7145059999682, 42.0848120001379], [-87.7157360002047, 42.0849710003267], [-87.7175859996839, 42.0848990001774], [-87.7175920004301, 42.0832959998323], [-87.7185919996144, 42.0826130001244], [-87.7204889998477, 42.0825709999863], [-87.7225989996179, 42.0827230000049], [-87.7234349996691, 42.0849299997794], [-87.7239619999238, 42.0863559997682], [-87.7245100000949, 42.087830000298]]]}, "properties": {"OBJECTID": 1540, "ZCTA5": "60043", "DDA_CODE": "METRO16980M16980", "DDA_TYPE": "SA", "DDA_NAME": "Chicago-Joliet-Naperville, IL HUD Metro FMR Area"}}, {"type": "Feature", "id": 1543, "geometry": {"type": "Polygon", "coordinates": [[[-88.2547540003088, 41.5352959998839], [-88.2549409999066, 41.5401380002843], [-88.2477060000493, 41.5403029997345], [-88.2477820002173, 41.5427170001401], [-88.2428810004363, 41.5428290001667], [-88.2381499996362, 41.5429370001768], [-88.2366840002965, 41.5429500001036], [-88.2349899995546, 41.5429650002745], [-88.2308560002278, 41.5430049998166], [-88.2248209995714, 41.5430600001553], [-88.2210949997753, 41.5430910002278], [-88.2187509996533, 41.543110999963], [-88.2091259996433, 41.5432199999577], [-88.2018420002805, 41.5433000000465], [-88.2019200000984, 41.5453300002767], [-88.1996000002658, 41.5453440001451], [-88.1995049998312, 41.5436209998617], [-88.1994899997626, 41.5433400000539], [-88.1993600000663, 41.53967699996], [-88.1945179998365, 41.539751999869], [-88.1896959996982, 41.5398099997928], [-88.1895550001312, 41.5361689997776], [-88.181726999897, 41.536265000119], [-88.1841909996696, 41.5411369997681], [-88.1829489997376, 41.5435359999338], [-88.1833599996413, 41.5471339998401], [-88.1845329999764, 41.5493289999881], [-88.18458400003, 41.5507379998837], [-88.1843909996862, 41.5507390002229], [-88.1838550001089, 41.5511399998814], [-88.1811219998245, 41.5558159997145], [-88.1812420003734, 41.5579709998293], [-88.1807340003853, 41.5579649998095], [-88.1804230000407, 41.551175000099], [-88.180404999599, 41.5507750003241], [-88.180368999614, 41.5499600001826], [-88.1803350001772, 41.5491889997121], [-88.1801030003736, 41.5439560002693], [-88.180084000107, 41.5435449999552], [-88.179863999999, 41.5382629997592], [-88.1801050000234, 41.5362859998384], [-88.1798740000447, 41.5362900000724], [-88.1795989996851, 41.5290290000093], [-88.1788389998019, 41.5290360000271], [-88.1788089996647, 41.5282829998213], [-88.1806919996542, 41.529016999977], [-88.1835200003732, 41.5287169997908], [-88.1839010001397, 41.5281589999678], [-88.1845210002808, 41.527254999993], [-88.1841689999283, 41.521701999865], [-88.1887940004231, 41.5216449999624], [-88.188903000203, 41.5216369997007], [-88.189011999983, 41.5216290001105], [-88.1968979999435, 41.5100290001036], [-88.1976729998953, 41.5081090002215], [-88.197983000415, 41.5069810001758], [-88.1981409997005, 41.5060619997004], [-88.1981819997084, 41.5024940001475], [-88.1981690001879, 41.50214199993], [-88.1980760003015, 41.4997510002932], [-88.1979630003235, 41.4967989999753], [-88.1977249997739, 41.4907019999771], [-88.197574999986, 41.4864520000194], [-88.1974179996272, 41.4779929997656], [-88.1973490000302, 41.4746590003113], [-88.1973089998473, 41.4740949998565], [-88.1972810002582, 41.4737000002832], [-88.1976860003141, 41.4735330002526], [-88.2075170001884, 41.4694730001916], [-88.2076259999684, 41.4696960002538], [-88.207857999772, 41.4701519997949], [-88.207973000298, 41.4705270001715], [-88.2079919996663, 41.4707729998703], [-88.2079599998792, 41.4709349998188], [-88.2077680002586, 41.4712510000908], [-88.2076309999913, 41.4716179997834], [-88.207929999742, 41.4717510001604], [-88.2209519996602, 41.4694529999101], [-88.232381000017, 41.4673710003285], [-88.235018000042, 41.4663139999772], [-88.2352089998377, 41.4704279998897], [-88.2411840002195, 41.4702860000511], [-88.2524090003619, 41.4699949997702], [-88.2525599999747, 41.4736890002743], [-88.2526789998003, 41.4758330002088], [-88.2527020002648, 41.4765970003067], [-88.2529600000077, 41.4845799997326], [-88.2531990003823, 41.4917260000673], [-88.2537700001196, 41.5062489996866], [-88.2540589998246, 41.5140429998511], [-88.2542899998033, 41.5207209998473], [-88.254304000047, 41.5209869998468], [-88.2545030002386, 41.5279979998739], [-88.2545099999113, 41.5282500000191], [-88.2547500001108, 41.5351770002344], [-88.2547540003088, 41.5352959998839]]]}, "properties": {"OBJECTID": 1543, "ZCTA5": "60404", "DDA_CODE": "METRO16980M16980", "DDA_TYPE": "SA", "DDA_NAME": "Chicago-Joliet-Naperville, IL HUD Metro FMR Area"}}, {"type": "Feature", "id": 1564, "geometry": {"type": "Polygon", "coordinates": [[[-88.2433149999062, 42.0662009997217], [-88.2433259997769, 42.0670510002718], [-88.2430339996988, 42.0670440000901], [-88.2381859996213, 42.0669849996716], [-88.2382099999107, 42.0715250000957], [-88.2382760000329, 42.0849210001761], [-88.2302710002467, 42.0822429997933], [-88.223529000309, 42.0811399998169], [-88.2108389997535, 42.0800000000308], [-88.2011419997735, 42.0776189997787], [-88.2006210002649, 42.0774720002727], [-88.1895860000934, 42.0743529997218], [-88.1896029998118, 42.0723870001073], [-88.1899490003165, 42.0711030002652], [-88.1924380002035, 42.0674039999526], [-88.1843759996175, 42.06702599981], [-88.1835809995742, 42.0672259998941], [-88.1798010002498, 42.0673260000333], [-88.1662229997646, 42.067242000167], [-88.1634119996624, 42.0672239999431], [-88.1606259996745, 42.0669709999598], [-88.150475000133, 42.0673260000333], [-88.1468899999039, 42.0673269996738], [-88.1446599995847, 42.0672360003152], [-88.1440179997023, 42.0671260002643], [-88.1402540002714, 42.0671229999995], [-88.1411709996151, 42.0683830000218], [-88.1411759996379, 42.0689549996833], [-88.1411770003612, 42.0730459999846], [-88.1409060001995, 42.0740659999837], [-88.140994000063, 42.0792620003126], [-88.1265469999148, 42.0793809997255], [-88.1264120001955, 42.077964999721], [-88.1216980000123, 42.0780369997379], [-88.1216980000123, 42.0850249998851], [-88.1143979998577, 42.0852890001755], [-88.1143269997126, 42.0869490000835], [-88.1042949999968, 42.0870369998558], [-88.1069959995958, 42.0876819997942], [-88.1069470000904, 42.0961130000801], [-88.1117879995969, 42.0960909999633], [-88.1119769997428, 42.0892080002513], [-88.1126859995723, 42.0891639998862], [-88.1179789998888, 42.0903570000856], [-88.1217149997307, 42.0912380003004], [-88.1217170002788, 42.0886559998852], [-88.1312529997021, 42.088666000263], [-88.1307759996761, 42.091842000108], [-88.1307820004222, 42.0949059999399], [-88.1296249999807, 42.0945109996779], [-88.1289350004177, 42.0968029999904], [-88.1265999996182, 42.096828000054], [-88.126568999656, 42.1029880003091], [-88.1281050002143, 42.1029499999809], [-88.1280209996504, 42.1069109999119], [-88.1215540000722, 42.107017999933], [-88.1215520004224, 42.1105989998831], [-88.1152699998939, 42.1105809999623], [-88.1127519996946, 42.1105880000062], [-88.1069899997481, 42.1105799996704], [-88.106925000349, 42.1033779997295], [-88.0972750002247, 42.1033300002379], [-88.0972779996994, 42.1025620000978], [-88.0973129998595, 42.0942739999397], [-88.0973859996544, 42.0887299997106], [-88.0924310003451, 42.0887350002273], [-88.0924039996826, 42.0846059999213], [-88.092099000084, 42.0814289997374], [-88.0973299995779, 42.0814640000399], [-88.0975539998839, 42.077904999978], [-88.0997230001037, 42.0779089998737], [-88.0997509996928, 42.0761629997531], [-88.1024000003117, 42.0762159999726], [-88.1024170000301, 42.0714310000255], [-88.1013540001982, 42.071432999844], [-88.1012789998551, 42.0742629999645], [-88.099785000028, 42.0742559999114], [-88.0997509996928, 42.0761279998607], [-88.0979070000613, 42.0761189996757], [-88.0979360003737, 42.0742310002868], [-88.0924520002615, 42.0740229999879], [-88.0838900000833, 42.0734140001747], [-88.0825850004021, 42.067010999795], [-88.089466000257, 42.0670319996816], [-88.0905340001118, 42.0670349999507], [-88.0908560003271, 42.065680000267], [-88.0908470001063, 42.0651569998549], [-88.0914720002702, 42.0652340000981], [-88.0919529995959, 42.0652939998157], [-88.1023199999457, 42.0664819997546], [-88.1119009995748, 42.0665100000575], [-88.1190209998043, 42.0665089997373], [-88.1244820003503, 42.0665089997373], [-88.1446720001786, 42.0665109997109], [-88.161559999635, 42.066494000267], [-88.1796299996472, 42.0664870000239], [-88.1790920004202, 42.0637679997599], [-88.1790299995976, 42.0609630001146], [-88.1790349996205, 42.0563449999738], [-88.1842369997004, 42.0565729997042], [-88.184223000355, 42.0537330001505], [-88.186307000186, 42.0537460002588], [-88.1934580003776, 42.0535890002607], [-88.1935749996552, 42.0482149996694], [-88.1937770002199, 42.0466589997978], [-88.1939970003279, 42.0455209997693], [-88.1982799996176, 42.0452409996929], [-88.1985730004189, 42.0452239998915], [-88.2031670000533, 42.0450590002489], [-88.2152890003461, 42.0449609997166], [-88.2155649996323, 42.0449589997313], [-88.2198660002621, 42.0449659996793], [-88.2212870002942, 42.0451119997522], [-88.221662000213, 42.045172999793], [-88.2280839995853, 42.0464119997446], [-88.2282669998834, 42.0464460000412], [-88.2289780002611, 42.0465529999925], [-88.2291720004298, 42.0465730000071], [-88.2307540001205, 42.0466929999622], [-88.2330339997701, 42.0466900000661], [-88.2343190002581, 42.0467929997516], [-88.2342489999379, 42.0485650001982], [-88.2352719995869, 42.0485430002713], [-88.2352640000893, 42.0492020001743], [-88.2346380001004, 42.0518219999736], [-88.2329020004239, 42.049128000283], [-88.2302839997672, 42.0491539997137], [-88.2311480003058, 42.0528880000755], [-88.2340890001044, 42.0528920002136], [-88.2347350001848, 42.0574890002935], [-88.2365570000749, 42.0569840002396], [-88.2376569997168, 42.0568510002455], [-88.2382230003295, 42.0567779997341], [-88.2383530000258, 42.0528520001549], [-88.2403320002749, 42.052746000011], [-88.2421519996169, 42.052420000184], [-88.2426579999552, 42.0526780001402], [-88.2426529999323, 42.0531479998593], [-88.2426899997422, 42.0564709996802], [-88.2432990000127, 42.056464000333], [-88.2432939999898, 42.0602130000958], [-88.2433030002107, 42.0617029999878], [-88.2433140000813, 42.0658959998686], [-88.2433149999062, 42.0662009997217]], [[-88.2268140000641, 42.0562970002422], [-88.2282900003479, 42.0542810000997], [-88.2236830002948, 42.0544109999415], [-88.223305000003, 42.0562409999536], [-88.2229739995669, 42.0576209998252], [-88.216501000141, 42.0576670003049], [-88.2133850004402, 42.0605499998263], [-88.2133720000214, 42.0607259997722], [-88.2156979997017, 42.0608009999002], [-88.2161849997735, 42.0608809999836], [-88.2193549999009, 42.0617760001731], [-88.2202600004474, 42.0661290002821], [-88.2231910002002, 42.0661840001948], [-88.2229569998484, 42.0652389997988], [-88.2227280004179, 42.0642140002237], [-88.222648000052, 42.0609550001878], [-88.2254519995832, 42.0583290002706], [-88.2261439996943, 42.0579290001109], [-88.2253210000619, 42.057199000278], [-88.2268140000641, 42.0562970002422]]]}, "properties": {"OBJECTID": 1564, "ZCTA5": "60192", "DDA_CODE": "METRO16980M16980", "DDA_TYPE": "SA", "DDA_NAME": "Chicago-Joliet-Naperville, IL HUD Metro FMR Area"}}, {"type": "Feature", "id": 1567, "geometry": {"type": "Polygon", "coordinates": [[[-87.9693049996571, 41.9098309998481], [-87.9703580003415, 41.9103640000376], [-87.9689089998219, 41.9122629998633], [-87.9688820000578, 41.9117620000771], [-87.9676650002401, 41.9117939999835], [-87.9671510004042, 41.9128320001138], [-87.9660609999098, 41.9129549998607], [-87.9662209997434, 41.9145830001369], [-87.9664049998664, 41.9196390000673], [-87.966491999905, 41.9223980001998], [-87.9663570001858, 41.9241249998122], [-87.9665489998064, 41.9242139997335], [-87.9667050003403, 41.9277699997264], [-87.9667899998309, 41.9300789999238], [-87.9668159997701, 41.9311059998182], [-87.9657150003034, 41.9300799997177], [-87.9545760003748, 41.9306419996698], [-87.9537489996461, 41.9307309998562], [-87.9536170002999, 41.9307390001297], [-87.9396399996066, 41.9314119999128], [-87.9365210004311, 41.9315550000324], [-87.9338929997287, 41.9316620001366], [-87.9337949998194, 41.9316599999301], [-87.9319410001422, 41.9316040001399], [-87.9299519998474, 41.9315430001095], [-87.9253859998021, 41.9314499999618], [-87.9202880003777, 41.9312999998475], [-87.9203260000125, 41.9249589998459], [-87.9203279996623, 41.9240980001795], [-87.920341999906, 41.9215659999649], [-87.9203619999975, 41.9174159997553], [-87.9203929999596, 41.9140369998286], [-87.9204230000968, 41.9068430002763], [-87.9205600003642, 41.8996969999591], [-87.9205670000369, 41.8975960001094], [-87.920566000212, 41.897316000297], [-87.9206239999383, 41.88975199971], [-87.9206249997632, 41.8896900000383], [-87.9206070002199, 41.8830780001079], [-87.920606000395, 41.8827009997606], [-87.9205079995874, 41.8769089997478], [-87.9205050001126, 41.8765829999319], [-87.9204959998918, 41.8764100000785], [-87.9204880003942, 41.875574999846], [-87.9204590000819, 41.8731140000214], [-87.9189970000418, 41.8734769999113], [-87.9182430000064, 41.8736619997827], [-87.9167449999813, 41.8708830001324], [-87.9171020003567, 41.8695220002468], [-87.9170589998007, 41.8695419997063], [-87.9170100002952, 41.8695639999742], [-87.9168860004466, 41.8696200000138], [-87.9155080000722, 41.8696439997291], [-87.9138109998554, 41.8697150000882], [-87.9150660002063, 41.8690499999472], [-87.9170439997321, 41.8644620001691], [-87.9170649996485, 41.8623129999857], [-87.9164090004207, 41.8622990000528], [-87.9155480002551, 41.8622530001561], [-87.9153020002078, 41.8554249999818], [-87.9175459998724, 41.8551070000469], [-87.9174210001989, 41.8478740000933], [-87.9125770003193, 41.8478669998851], [-87.9167790003165, 41.8477759997855], [-87.9192380000662, 41.8476809999037], [-87.9197850004124, 41.8570600000777], [-87.9196869996048, 41.8584059999437], [-87.9185119996199, 41.8622930002718], [-87.9203300002104, 41.8621640001602], [-87.9250879998763, 41.861977000081], [-87.9253399997714, 41.8619719997923], [-87.928436000279, 41.8584239997103], [-87.9297280004397, 41.8569449998846], [-87.9298899999231, 41.8582919997439], [-87.9299579996952, 41.8586500002872], [-87.930920000143, 41.8616509997084], [-87.9385659999041, 41.8612980002505], [-87.9395629996137, 41.8612780002191], [-87.9442309997662, 41.8611490000669], [-87.9486200002595, 41.861026000224], [-87.9538509997534, 41.8610659997691], [-87.9583409996306, 41.8611500002713], [-87.9588710002584, 41.8611490000669], [-87.9602849997195, 41.8656139997102], [-87.9610439997778, 41.8682610001825], [-87.9612210002282, 41.8700269999027], [-87.9613119995664, 41.8748549997022], [-87.9613219996122, 41.8755210003005], [-87.9613180003125, 41.8791749999593], [-87.9614150003969, 41.8834299998327], [-87.9614959996894, 41.8864560003059], [-87.9616499996752, 41.8864750000086], [-87.961995000355, 41.889070999779], [-87.9639670000331, 41.8897349998276], [-87.9640769996379, 41.890214999843], [-87.9691780003338, 41.890031000163], [-87.9690610001579, 41.8972799999264], [-87.9667940000288, 41.8975320000886], [-87.9665479999815, 41.8975579999585], [-87.9665439997836, 41.8977560002152], [-87.9658979997032, 41.8978360001177], [-87.9657339996717, 41.8978509999211], [-87.9655880000818, 41.8978700002466], [-87.9654009995857, 41.8978880002681], [-87.9654099998066, 41.8984610000857], [-87.9661770002607, 41.9017140003171], [-87.9662879996905, 41.9029909996781], [-87.9681439999159, 41.9054389997381], [-87.9683289998638, 41.9056070003316], [-87.9688960003015, 41.9057329998181], [-87.9689370003094, 41.9061340000094], [-87.9682069996651, 41.9061470002002], [-87.9679370002266, 41.9067170003063], [-87.9672169996281, 41.9068250001048], [-87.9667649997165, 41.9071600000879], [-87.9666860000738, 41.9077690000988], [-87.9668340002118, 41.9086839997784], [-87.9670059997409, 41.9090989998655], [-87.9687380001177, 41.9098069998502], [-87.9693049996571, 41.9098309998481]]]}, "properties": {"OBJECTID": 1567, "ZCTA5": "60126", "DDA_CODE": "METRO16980M16980", "DDA_TYPE": "SA", "DDA_NAME": "Chicago-Joliet-Naperville, IL HUD Metro FMR Area"}}, {"type": "Feature", "id": 1583, "geometry": {"type": "Polygon", "coordinates": [[[-88.2217790003888, 42.0267409999575], [-88.2214670002193, 42.0282520003317], [-88.216420999775, 42.0298939996891], [-88.2093800000865, 42.0302409997122], [-88.2074800003785, 42.0302029998539], [-88.2030680003191, 42.0314049998522], [-88.2018270002119, 42.0314899999508], [-88.2011529996442, 42.0328889998748], [-88.200572999686, 42.033721999711], [-88.198532000411, 42.0360120002478], [-88.1965880003221, 42.0388269999264], [-88.1963770004349, 42.0389370002952], [-88.1962180004263, 42.0389360002078], [-88.1961000004255, 42.0390929997275], [-88.1950380004185, 42.040802999882], [-88.1945139996385, 42.0418210001003], [-88.1926609997862, 42.0419139999363], [-88.1925760002957, 42.0389350001204], [-88.1897429995539, 42.0389260000001], [-88.1887979997228, 42.0389220003168], [-88.1877750000738, 42.0390260000054], [-88.1851699998359, 42.0390260000054], [-88.1840889995624, 42.0398089998045], [-88.1789960001607, 42.0390200001563], [-88.1746429996525, 42.0390650000115], [-88.1647570004249, 42.0391269999378], [-88.1593300002141, 42.0391390002824], [-88.1559140000394, 42.0391450001203], [-88.1494599999817, 42.0391440000361], [-88.1464580000838, 42.0391470002885], [-88.1446589997598, 42.0392389999526], [-88.1404319996483, 42.0394509997737], [-88.1387529998732, 42.0395529997754], [-88.1388559998054, 42.0320189998857], [-88.1446470000642, 42.0319460001956], [-88.1544290004331, 42.0318790002784], [-88.1543239999528, 42.0299540000977], [-88.1542620000285, 42.0209009996722], [-88.1495040003626, 42.020917999974], [-88.1446730000035, 42.0209879998736], [-88.1447149998363, 42.0174650001594], [-88.1447130001865, 42.0174029997919], [-88.1447280002551, 42.0161419997504], [-88.1447519996462, 42.011005000311], [-88.1447630004152, 42.0104809997369], [-88.1495860003784, 42.0104030000007], [-88.1493610002475, 42.0088590001721], [-88.1496499999525, 42.0088509996915], [-88.1508919998845, 42.0086820001505], [-88.1510120004335, 42.0075220001692], [-88.153953000232, 42.0082250000158], [-88.1591340003955, 42.0089969999604], [-88.1592010003427, 42.0043899997018], [-88.1591460000911, 42.0025419998153], [-88.1591560001368, 42.0007750000121], [-88.1641940001852, 42.0006739998948], [-88.1641950000101, 41.9989409999623], [-88.169829999735, 41.998931000139], [-88.1667049998134, 41.9957990000364], [-88.1659480003033, 41.9952180003035], [-88.1741830002433, 41.9950429999398], [-88.1741160002961, 41.9968790003329], [-88.1741289998166, 41.9989300000898], [-88.1742459999925, 42.0013330001566], [-88.1754939997723, 42.0016510003254], [-88.1753869996422, 42.0019210001533], [-88.1752000000444, 42.0023670002326], [-88.1782429999502, 42.0022829999148], [-88.1786089996481, 42.0023630002517], [-88.180332999629, 42.0027429999781], [-88.1812740001605, 42.0029659998641], [-88.1838269996216, 42.0035429997134], [-88.1839060001626, 42.0035609999589], [-88.1839000003148, 42.0059410001002], [-88.1847580001073, 42.0059339998593], [-88.1866539996173, 42.0058270002764], [-88.1887430003695, 42.0060270001366], [-88.1898730001485, 42.0060270001366], [-88.1924340000055, 42.0060649997586], [-88.1931649995764, 42.0057789997625], [-88.1946440002332, 42.0059960000593], [-88.1948190001354, 42.0076820002503], [-88.1951410003507, 42.0094300000035], [-88.1951289997568, 42.0096919998192], [-88.1938659999084, 42.0096710003323], [-88.1938590002356, 42.0111710001173], [-88.1984090003874, 42.0111230002983], [-88.1984749996113, 42.0128250000649], [-88.2031949996423, 42.0128139999229], [-88.2031670000533, 42.0098839998601], [-88.203181000297, 42.0089090001493], [-88.2031970001905, 42.0082090002292], [-88.2063070000435, 42.0092780000744], [-88.2076159999226, 42.0097180000325], [-88.2086059999596, 42.0100509997964], [-88.2097070003247, 42.0104220001763], [-88.2118720003465, 42.0112289997947], [-88.2132680002643, 42.0117790002524], [-88.2172869999634, 42.0128619998007], [-88.2181809997409, 42.0133529999752], [-88.2196989998575, 42.0145620001476], [-88.2184679997961, 42.0152799998348], [-88.2177449997228, 42.0197530002939], [-88.214188999806, 42.022280999768], [-88.2192979999995, 42.0252659999285], [-88.2217790003888, 42.0267409999575]], [[-88.2101869998254, 42.0208110002359], [-88.2102210001606, 42.0162000002343], [-88.2073320002405, 42.016986000217], [-88.2056700001839, 42.0166150000813], [-88.2030990002812, 42.0166550002612], [-88.2031000001061, 42.0191970003331], [-88.2033339995595, 42.0192320002387], [-88.2101869998254, 42.0208110002359]], [[-88.2074379996474, 42.0155840000114], [-88.207344999761, 42.014200999982], [-88.2068760001309, 42.0153070002255], [-88.2046199998725, 42.0151889999912], [-88.2045589997731, 42.0159709999954], [-88.2058929997667, 42.0161310001821], [-88.2074379996474, 42.0155840000114]]]}, "properties": {"OBJECTID": 1583, "ZCTA5": "60107", "DDA_CODE": "METRO16980M16980", "DDA_TYPE": "SA", "DDA_NAME": "Chicago-Joliet-Naperville, IL HUD Metro FMR Area"}}, {"type": "Feature", "id": 1586, "geometry": {"type": "Polygon", "coordinates": [[[-88.7147239995885, 41.9073590001377], [-88.7147129997179, 41.9193789999019], [-88.7141419999806, 41.9192229996952], [-88.7071289998811, 41.9180970002358], [-88.7034909999486, 41.917489999811], [-88.6987039999704, 41.9161719998844], [-88.6986610003127, 41.9214150000742], [-88.6987540001991, 41.9221799998102], [-88.6991450000114, 41.9227559999045], [-88.6992789999057, 41.9227750001706], [-88.6994720002495, 41.9230769998416], [-88.6994250003938, 41.9232920001395], [-88.6991299999427, 41.9293130001899], [-88.6989269995531, 41.9330860001972], [-88.6989249999033, 41.9376210001794], [-88.6989280002764, 41.9381549998107], [-88.6988570001313, 41.9389569998833], [-88.6970629998302, 41.9425399997614], [-88.6970949996172, 41.9459289997144], [-88.6954729997436, 41.9459229997692], [-88.6946989996167, 41.9475679999093], [-88.6936530004015, 41.9490789998911], [-88.6888060001489, 41.9492990002077], [-88.6818630003697, 41.9495640001427], [-88.6816929995921, 41.9473809999225], [-88.6790740000088, 41.947383000304], [-88.6791629996972, 41.9372150002731], [-88.6760129996613, 41.9370760002199], [-88.6760140003845, 41.9332679999523], [-88.6792770003983, 41.9332330002197], [-88.6792999999646, 41.929491000137], [-88.6871270003738, 41.9295099997341], [-88.6887709999888, 41.929457999944], [-88.6887669997908, 41.9258389999456], [-88.6887619997679, 41.9238519999549], [-88.6835399995966, 41.9239139998781], [-88.6835379999468, 41.9222400001879], [-88.6654939998738, 41.9224719998255], [-88.6654029996372, 41.9178580001685], [-88.6695360000374, 41.9184609998633], [-88.6721470001231, 41.9188430002181], [-88.6742979999012, 41.9191570000328], [-88.6742600002664, 41.9150980002424], [-88.6759830004223, 41.9150470000993], [-88.6762820001731, 41.9116260002958], [-88.6742810001828, 41.9113849998881], [-88.6743160003429, 41.9077659996684], [-88.6694570003947, 41.9077309999849], [-88.6694189998615, 41.9030349999078], [-88.6696669995586, 41.9027519998764], [-88.6697939997802, 41.9024990000292], [-88.6700819996603, 41.9020510001714], [-88.6703310000807, 41.9017929997045], [-88.6708840002746, 41.9013150002673], [-88.679284000071, 41.901222000189], [-88.6790990001231, 41.911964000053], [-88.6848739995901, 41.9126470000155], [-88.6871590001609, 41.9129879998992], [-88.6888530000046, 41.9133830003121], [-88.6888539998295, 41.9132579999381], [-88.6888920003626, 41.9075599998606], [-88.7147239995885, 41.9073590001377]]]}, "properties": {"OBJECTID": 1586, "ZCTA5": "60112", "DDA_CODE": "METRO16980MM2050", "DDA_TYPE": "SA", "DDA_NAME": "DeKalb County, IL HUD Metro FMR Area"}}, {"type": "Feature", "id": 1600, "geometry": {"type": "MultiPolygon", "coordinates": [[[[-87.858888999616, 42.095543000288], [-87.8588710000727, 42.0976839999891], [-87.8588850003164, 42.09918700026], [-87.8548280000842, 42.0992439997941], [-87.854828999909, 42.1003070001218], [-87.856143999636, 42.1003089996968], [-87.8561129996739, 42.0997319997179], [-87.8588640004, 42.0996640001832], [-87.8588719998976, 42.1007279999163], [-87.8588309998897, 42.1021480001259], [-87.853843999895, 42.1021060002579], [-87.8538060002601, 42.1003179997831], [-87.8505850000791, 42.1002760000359], [-87.8506119998433, 42.0987429998908], [-87.8491180000161, 42.0987499999087], [-87.8491260004121, 42.0981180002219], [-87.8532399996474, 42.098119000044], [-87.8540079999265, 42.0959090002801], [-87.858888999616, 42.095543000288]]], [[[-87.8613959999446, 42.0907799998151], [-87.862182999592, 42.0948730001337], [-87.8604689996569, 42.0948930002607], [-87.858888999616, 42.095543000288], [-87.8589179999283, 42.0927480000341], [-87.8589279999741, 42.0921300000263], [-87.8589370001949, 42.0913150002349], [-87.8589420002178, 42.0907259998223], [-87.8600379996616, 42.0907709997084], [-87.8613959999446, 42.0907799998151]]], [[[-87.9116609999022, 42.1531399996796], [-87.9113489997327, 42.1531359998674], [-87.9099310000735, 42.1531309997688], [-87.8972399996932, 42.1530269998922], [-87.8923489999579, 42.1529980001972], [-87.8872680002518, 42.1529529998632], [-87.8834770001584, 42.1529529998632], [-87.8759999995535, 42.1529470001271], [-87.8744990000537, 42.152945999838], [-87.8739850002178, 42.1513740000626], [-87.8723840002605, 42.1507339997115], [-87.8709640000532, 42.1500729998547], [-87.8679489997365, 42.1499319998223], [-87.8678759999416, 42.1497010002098], [-87.8557379997552, 42.1498380000701], [-87.8482259998885, 42.1497019998841], [-87.8434859997659, 42.1496380000481], [-87.8416809995942, 42.1494099997316], [-87.8389380001623, 42.1484770000198], [-87.8312940000512, 42.1450830002724], [-87.8300839999062, 42.1447549997244], [-87.8307960001088, 42.1458169996799], [-87.8319030003216, 42.1474589999617], [-87.8335770000738, 42.1499299998148], [-87.833499000256, 42.152737999972], [-87.828446000139, 42.1527149999033], [-87.8244220004171, 42.1526899999059], [-87.8211739995735, 42.1525440002302], [-87.8210780002124, 42.1525410000098], [-87.8091450000654, 42.1525269998675], [-87.7986620002629, 42.1525489997092], [-87.7960550003751, 42.1525359998642], [-87.7938550001932, 42.1525500000045], [-87.7895219997764, 42.1524729998602], [-87.7899240003576, 42.1454540000057], [-87.7900669995745, 42.1410959998148], [-87.790049999856, 42.1392469999689], [-87.789725000166, 42.1379330001525], [-87.7867829996442, 42.1378959999861], [-87.7847440000191, 42.1378829997964], [-87.7799810003303, 42.1378719999926], [-87.7798519995606, 42.1378710001314], [-87.77998499963, 42.1342670002909], [-87.7803629999217, 42.1235269998507], [-87.7723740000291, 42.1233249998222], [-87.7702740003045, 42.1233549998737], [-87.7703760004118, 42.1197370002232], [-87.7704629995521, 42.1168179997329], [-87.7734250001654, 42.1159959999364], [-87.7755409997835, 42.1160699998457], [-87.7755800001415, 42.1160729997952], [-87.7755159996691, 42.1126629997757], [-87.7776630001476, 42.1161439996686], [-87.7800809998894, 42.116154999914], [-87.7823899998513, 42.1195920000027], [-87.7837740000736, 42.1182799998866], [-87.7851049996941, 42.1195679997367], [-87.7850079996097, 42.1173899998827], [-87.7878480000243, 42.1174270000338], [-87.7900420003584, 42.1183120000014], [-87.7900399998103, 42.1184249997775], [-87.7998759997075, 42.1185279996869], [-87.7999739996168, 42.1181629998293], [-87.7999810001878, 42.1103570001502], [-87.8015589996805, 42.1101640001442], [-87.7991650002281, 42.1069109999119], [-87.7989939996256, 42.1053760001479], [-87.8105750003184, 42.1054979996795], [-87.8147749997674, 42.105519999865], [-87.8148290001941, 42.0978000000289], [-87.8141260002123, 42.0944340002904], [-87.8144090000695, 42.0944329997437], [-87.8152040001128, 42.0963460002122], [-87.8163840001206, 42.0992469998733], [-87.8189490001755, 42.1055460001957], [-87.8258319996803, 42.1055859997094], [-87.8247189996197, 42.0983239998858], [-87.8295180001917, 42.0983639999565], [-87.8295580003747, 42.096665000209], [-87.8295349999102, 42.0953049998738], [-87.8321109998358, 42.0948749998801], [-87.8374850003431, 42.0948040001805], [-87.8341500003592, 42.0983270000086], [-87.830858999858, 42.1017289999586], [-87.8293480003124, 42.1033539999882], [-87.8293790002746, 42.1056050000861], [-87.8293759999015, 42.1075010003033], [-87.834336999957, 42.1075050003323], [-87.8343600004215, 42.1056390000093], [-87.8343980000564, 42.101950000314], [-87.8392939998145, 42.1019239998417], [-87.8392760002711, 42.1034380000426], [-87.8441760002273, 42.1034320002805], [-87.8441879999228, 42.1020810002756], [-87.8453989998927, 42.1020870001656], [-87.8453610002579, 42.1056959997416], [-87.8469510003445, 42.1057060000986], [-87.8490279996045, 42.1057179998584], [-87.8536890000843, 42.1057300002825], [-87.8539030003445, 42.1057300002825], [-87.8550080000092, 42.1057319996864], [-87.8565889998749, 42.1057359998272], [-87.8565420000193, 42.1049170000747], [-87.8587999999276, 42.1049159996934], [-87.8587920004299, 42.1057429997396], [-87.8617690002135, 42.1057489999495], [-87.8639240001896, 42.1057590002982], [-87.8652260003961, 42.1058620001317], [-87.867059000157, 42.106271000045], [-87.8681400004305, 42.1066609999311], [-87.8682459998374, 42.0951549997421], [-87.8681610003469, 42.0912839997531], [-87.8671079996625, 42.0873350001783], [-87.8672349998841, 42.0873250002573], [-87.8701949999492, 42.0868950001628], [-87.8709549998324, 42.0876719999279], [-87.8784950001865, 42.0877169999806], [-87.8785189995777, 42.0868460001949], [-87.8840589997663, 42.0877480002057], [-87.8879729998834, 42.0873099997062], [-87.8880669995948, 42.0948229997886], [-87.8880740001658, 42.1021260001033], [-87.8845580004319, 42.1020299998546], [-87.8874969996824, 42.1044949997137], [-87.8879350002486, 42.1051070002584], [-87.8888240000032, 42.1067869997301], [-87.8904230003106, 42.1094699997701], [-87.8878909998677, 42.1094090001901], [-87.887767999844, 42.1236259997845], [-87.8877660001942, 42.1237460000017], [-87.8877619999962, 42.1239510002633], [-87.8875679998275, 42.1357259998323], [-87.8877510001256, 42.138189999668], [-87.887691999676, 42.1385659997417], [-87.8996189999752, 42.1397430003167], [-87.9038550003076, 42.1397720000893], [-87.9037719995686, 42.1413399996691], [-87.9050539996837, 42.1426729999792], [-87.906621000204, 42.1465020000815], [-87.910684000284, 42.1505259999023], [-87.9116609999022, 42.1531399996796]]]]}, "properties": {"OBJECTID": 1600, "ZCTA5": "60062", "DDA_CODE": "METRO16980M16980", "DDA_TYPE": "SA", "DDA_NAME": "Chicago-Joliet-Naperville, IL HUD Metro FMR Area"}}, {"type": "Feature", "id": 1748, "geometry": {"type": "Polygon", "coordinates": [[[-87.9272250003091, 41.6654600000061], [-87.9274780000291, 41.672829000078], [-87.9129460003902, 41.6730400003178], [-87.9130719998886, 41.6773829998645], [-87.9134610000511, 41.6874969999376], [-87.9137339998625, 41.6964279997451], [-87.9007579999751, 41.6977790003089], [-87.8975829998248, 41.6979180002204], [-87.8819089998131, 41.6971359999024], [-87.8751409999361, 41.6957800000689], [-87.8748859996679, 41.6887579999255], [-87.8555600003782, 41.6886650001658], [-87.8455489996805, 41.6888769996818], [-87.8460709999123, 41.6862040000237], [-87.8463810004321, 41.6853019998063], [-87.839389000249, 41.684618000166], [-87.8357039995625, 41.6842369999966], [-87.8310229998895, 41.6837509999822], [-87.8269930003198, 41.683229999929], [-87.8164650003114, 41.6817010002024], [-87.8164460000449, 41.681190000277], [-87.8165549998248, 41.6812040002096], [-87.8165289998855, 41.6809789999185], [-87.8164789996568, 41.680774999887], [-87.8160850003698, 41.675005999987], [-87.8144800002146, 41.6749459998438], [-87.8137489997455, 41.6749590000362], [-87.8137939999513, 41.6713110001212], [-87.8160250000954, 41.6705800002679], [-87.8159189997902, 41.6676229999669], [-87.8120010003734, 41.6677209999578], [-87.8113259999808, 41.6669319998026], [-87.8123770001171, 41.6661170001224], [-87.8120520004271, 41.6654450000999], [-87.8108940001606, 41.6638999997616], [-87.8107329996038, 41.6604669997541], [-87.8106289998467, 41.6604699996991], [-87.8103789996015, 41.6571770000996], [-87.8155210003052, 41.6571840003287], [-87.8155050004117, 41.6567449999256], [-87.8130759999009, 41.6567929997897], [-87.8130120003268, 41.6549430002042], [-87.8141560003495, 41.6549479998701], [-87.8154059997792, 41.6538029997832], [-87.8153570002737, 41.6531020000283], [-87.8150380004315, 41.6482309997301], [-87.819045000435, 41.6493630002007], [-87.8185869997773, 41.6530369997929], [-87.8193809999957, 41.6530190000568], [-87.820099999871, 41.6493469997467], [-87.8212919995743, 41.6493219999105], [-87.8214120001232, 41.652975999884], [-87.8218039997604, 41.652971000065], [-87.821778999646, 41.6525979999858], [-87.8228180000868, 41.6519470002191], [-87.8244409997853, 41.6526570000467], [-87.8243880000819, 41.6513630001391], [-87.8274069996983, 41.649678999793], [-87.8253630000502, 41.652901999972], [-87.8281049996572, 41.6528420000353], [-87.8285950001019, 41.6496479998591], [-87.8295950001846, 41.6496240002898], [-87.829728000254, 41.6499949998491], [-87.8297809999575, 41.6509879998881], [-87.8322289998365, 41.650946999961], [-87.8331839997134, 41.6499069998448], [-87.8346199998142, 41.6498780003128], [-87.8347040003781, 41.6525940002413], [-87.8347060000279, 41.6526980002279], [-87.8364860000853, 41.6526599996843], [-87.8367830001862, 41.6526539997377], [-87.8395630003263, 41.6525880002886], [-87.8409039999926, 41.6525579998454], [-87.8414229998513, 41.652548000142], [-87.8489849999468, 41.6523890000859], [-87.8538809997049, 41.6522850002717], [-87.8540759996986, 41.6522809998366], [-87.8540630001781, 41.6516089997355], [-87.8552349997899, 41.6522580000149], [-87.8572709999403, 41.6522240003218], [-87.8589659996089, 41.6522059996874], [-87.8590789995868, 41.6522030000286], [-87.8638079998387, 41.652079999804], [-87.8641479995973, 41.6520739998034], [-87.8638789999838, 41.6449140000326], [-87.864089999871, 41.6449219998036], [-87.8733270004418, 41.6447860002049], [-87.878070999864, 41.6446389998321], [-87.8783400003758, 41.6511420000853], [-87.8754139997476, 41.6518499998289], [-87.8832200002404, 41.6517020000176], [-87.8855910001266, 41.6516470002279], [-87.8880170002644, 41.6516049999297], [-87.8886189999638, 41.6515939999589], [-87.8892159996404, 41.6515809997469], [-87.8892259996861, 41.6523049997584], [-87.8898440001774, 41.652297000233], [-87.8898319995835, 41.6515699997721], [-87.8904159997396, 41.6515579996754], [-87.8928550002962, 41.6515120001787], [-87.9071910001164, 41.6512999997394], [-87.9083190002457, 41.6551160002339], [-87.9083579997054, 41.6564109999643], [-87.9123949998461, 41.6571259997498], [-87.9126509999392, 41.6643520000305], [-87.912691999947, 41.6657439996748], [-87.9272250003091, 41.6654600000061]]]}, "properties": {"OBJECTID": 1748, "ZCTA5": "60464", "DDA_CODE": "METRO16980M16980", "DDA_TYPE": "SA", "DDA_NAME": "Chicago-Joliet-Naperville, IL HUD Metro FMR Area"}}, {"type": "Feature", "id": 1754, "geometry": {"type": "Polygon", "coordinates": [[[-87.6795559999972, 41.9818340003311], [-87.6795369997306, 41.9819350002973], [-87.6795180003623, 41.9830679999274], [-87.6748359999661, 41.9833230000593], [-87.6746090001854, 41.9833570000443], [-87.6740230003795, 41.9834070000284], [-87.6740090001358, 41.9829539998602], [-87.6728450000215, 41.9829689996873], [-87.6728600000902, 41.9834269998775], [-87.6704409996251, 41.9834650003081], [-87.6687569998272, 41.9834900002626], [-87.6685640003817, 41.9825520001029], [-87.6678930001869, 41.9825659997185], [-87.6656460001493, 41.9826000001076], [-87.6656789997613, 41.9835400001424], [-87.664955999688, 41.983547999799], [-87.6635510004476, 41.9835700001849], [-87.6619470001174, 41.9835950000982], [-87.6618960000637, 41.9817680000221], [-87.6612929996411, 41.9817779998709], [-87.6613439996947, 41.9836040000379], [-87.6600690001507, 41.9836219999135], [-87.6573159997748, 41.9836699997794], [-87.656608999595, 41.983683000196], [-87.6559149998341, 41.9836920001232], [-87.6551919997608, 41.9838019997249], [-87.654460000365, 41.9838419998364], [-87.6530619998991, 41.9838740003082], [-87.6520128646653, 41.9839044616067], [-87.6503440634636, 41.9796359369496], [-87.6502942267283, 41.9795084633519], [-87.6499069998402, 41.978518000002], [-87.6490195532727, 41.9770423230982], [-87.6456449995686, 41.9714309999734], [-87.6450829434582, 41.9709751088337], [-87.6439829195619, 41.970082865303], [-87.6479100000479, 41.9693879999044], [-87.6470630001261, 41.9656919998371], [-87.6473150000211, 41.9656600002476], [-87.6493980000272, 41.9654809998265], [-87.6500189999932, 41.9654879998412], [-87.6499880000311, 41.9645129999258], [-87.6499660002898, 41.9636680001757], [-87.6499379998024, 41.9627469997709], [-87.6499119998631, 41.9618430001361], [-87.6512530004277, 41.9618240001524], [-87.6547549999178, 41.9622289997019], [-87.6547480002451, 41.9617789997467], [-87.6551440000802, 41.9617729999574], [-87.6557159996424, 41.9626519998079], [-87.6574739999585, 41.9653999999819], [-87.6580050004112, 41.9653920000494], [-87.6570329999176, 41.9617520000224], [-87.6595849995537, 41.9617159999269], [-87.660972000149, 41.9616989998376], [-87.663024000193, 41.9616720000794], [-87.6649349997716, 41.9616470002436], [-87.6659540001209, 41.9616349999716], [-87.6677259997823, 41.9616120000563], [-87.6692580001426, 41.9615920000359], [-87.6708380001835, 41.9615700000732], [-87.6739770003487, 41.9615250001561], [-87.6760009999053, 41.9614949997484], [-87.6760059999282, 41.9617100001317], [-87.6782410002702, 41.9617440002999], [-87.6782839999279, 41.9632839998584], [-87.6790289997425, 41.9632739997775], [-87.6790830001692, 41.9650959998362], [-87.6783380003546, 41.9651060002991], [-87.6791180003293, 41.9664159999452], [-87.6791330003979, 41.9669189997737], [-87.678387999685, 41.9669299998345], [-87.6784279998679, 41.9683840002557], [-87.6791750002307, 41.9683729997781], [-87.6791860001013, 41.9687560002918], [-87.6791989996218, 41.9692330002996], [-87.6784899997922, 41.9705849999849], [-87.6790940000398, 41.9705749997141], [-87.678499999838, 41.9709169996668], [-87.6792959997062, 41.9723979998167], [-87.6793199999956, 41.9732499998136], [-87.6785860000517, 41.9735019998487], [-87.6786499996258, 41.976045999921], [-87.6794039996612, 41.9760329999488], [-87.6794299996005, 41.9769410001605], [-87.6779059996361, 41.9769639998844], [-87.679012000024, 41.977856000106], [-87.6794580000879, 41.9778499998274], [-87.6795559999972, 41.9818340003311]]]}, "properties": {"OBJECTID": 1754, "ZCTA5": "60640", "DDA_CODE": "METRO16980M16980", "DDA_TYPE": "SA", "DDA_NAME": "Chicago-Joliet-Naperville, IL HUD Metro FMR Area"}}, {"type": "Feature", "id": 1757, "geometry": {"type": "Polygon", "coordinates": [[[-88.3016030000917, 41.811361999676], [-88.301628000206, 41.8146530000579], [-88.2988079998829, 41.8195089997091], [-88.298550999965, 41.818792000211], [-88.2972770002459, 41.8203230000325], [-88.2930529996091, 41.8199630002198], [-88.2893729998437, 41.8200239997261], [-88.2892160003832, 41.8207549998141], [-88.2856920002534, 41.8207709997996], [-88.2856949997282, 41.8211870000286], [-88.2798280001996, 41.8212970001104], [-88.277433000024, 41.8213199997264], [-88.277429999651, 41.8201050000343], [-88.2725799999236, 41.8202209996774], [-88.2726550002667, 41.8221909999991], [-88.2654270000821, 41.8151579997633], [-88.2663769999361, 41.815033000028], [-88.2662790000268, 41.813085000059], [-88.2643319995648, 41.8125830002912], [-88.263961999669, 41.8121110002872], [-88.2627900000571, 41.8121319999215], [-88.2627900000571, 41.8123009997254], [-88.262799000278, 41.8129749999316], [-88.262790999882, 41.815517000228], [-88.2484309997724, 41.8175109998421], [-88.2311680003973, 41.8198950000651], [-88.2318980001433, 41.8152150001561], [-88.2348289998961, 41.8122119998684], [-88.2277959997052, 41.8125730000264], [-88.22568500011, 41.8124760001894], [-88.2243440004438, 41.8125170002558], [-88.2262530003726, 41.8107639996961], [-88.2281210002935, 41.8089739998033], [-88.2292669999661, 41.8072690000904], [-88.2297039998091, 41.8060729998233], [-88.2301299997814, 41.8016450002801], [-88.2400259999531, 41.8010460001956], [-88.2400569999153, 41.8008800002568], [-88.2404899995603, 41.7981140001487], [-88.2407380001557, 41.7954190003061], [-88.2379940000006, 41.7958600002665], [-88.2379589998405, 41.7988260002092], [-88.2374530004006, 41.7991540002469], [-88.2303220003004, 41.7991090003247], [-88.2315829996007, 41.783366999696], [-88.2316639997915, 41.7814680002548], [-88.2320310002126, 41.7766570001209], [-88.2327169995777, 41.7683070001851], [-88.2327219996006, 41.7675449999155], [-88.2331209998087, 41.7600040003331], [-88.2338859997148, 41.7599510001899], [-88.2362690001949, 41.7597890001632], [-88.2430630000111, 41.7592839996893], [-88.2433590002871, 41.7554999999325], [-88.2453219997443, 41.7557109996921], [-88.2470320003798, 41.7562339998218], [-88.2499899998968, 41.7561840000884], [-88.2518639996656, 41.7554330002384], [-88.2529070003043, 41.7544319999022], [-88.2555619998726, 41.7510359997069], [-88.2586419995883, 41.7472639999247], [-88.2602490002917, 41.7465379998813], [-88.2619799999452, 41.746455999761], [-88.2739370003817, 41.7462530003206], [-88.2764820003451, 41.746211000102], [-88.2764899998427, 41.7471969996765], [-88.2774060002599, 41.7471820000615], [-88.2773920000161, 41.7461960002567], [-88.2775069996439, 41.7461950002669], [-88.2788990002621, 41.7461709998363], [-88.2789939997983, 41.7515719998509], [-88.2814409998524, 41.7515509998095], [-88.2814490002484, 41.7534020002447], [-88.2802680004157, 41.7552410000477], [-88.2736369999077, 41.7553330001549], [-88.2731609997066, 41.7553389999097], [-88.271835000109, 41.7553519999348], [-88.2718099999947, 41.7588430001053], [-88.2712929997857, 41.759010000131], [-88.2701539997858, 41.7593780002709], [-88.2701859995729, 41.7615719998262], [-88.2669929998792, 41.7632549997313], [-88.2648150003369, 41.762545000083], [-88.2647810000017, 41.7603899999933], [-88.2643859999915, 41.7604100000547], [-88.2633199997866, 41.7625520002386], [-88.2621530001976, 41.7625630000031], [-88.2621730002891, 41.7646680003265], [-88.2682590001007, 41.7640529997093], [-88.2718729997439, 41.7633969999243], [-88.2718739995688, 41.7640190001243], [-88.2718910001855, 41.7646480002521], [-88.2719380000412, 41.7667240000412], [-88.2720569998669, 41.7682719998584], [-88.2743850000954, 41.7682290003306], [-88.2744150002326, 41.7701369997582], [-88.2745340000583, 41.7701789997309], [-88.2777950004223, 41.7696849998431], [-88.2822969999951, 41.7690059997244], [-88.28233499963, 41.769164999695], [-88.2823880002317, 41.7695290000403], [-88.2823899998815, 41.7707089997991], [-88.281712999839, 41.772148999906], [-88.2816850002499, 41.7726549998695], [-88.2744539996923, 41.7726849999194], [-88.2744579998903, 41.7737500003053], [-88.2741680003604, 41.7756100000484], [-88.2741630003375, 41.7758059997108], [-88.2742650004447, 41.7777930000734], [-88.2728870000703, 41.7778069997362], [-88.2703560003505, 41.7778319998921], [-88.2703699996959, 41.7803780002573], [-88.2703820002898, 41.782747999803], [-88.2703999998331, 41.7852580000944], [-88.2702709999617, 41.7877450003113], [-88.2690819997331, 41.788771999928], [-88.269563999782, 41.790250999993], [-88.2697610003238, 41.7905729999029], [-88.2625490000327, 41.7917719999903], [-88.2625799999949, 41.799312999808], [-88.2626009999113, 41.799752000111], [-88.2642100002644, 41.7996590002567], [-88.2717580001161, 41.7992289998236], [-88.2820950003288, 41.7986089998823], [-88.2820969999786, 41.8014570003076], [-88.2821349996134, 41.8027489998885], [-88.2846050001321, 41.8022940001177], [-88.2861380003173, 41.8002490002202], [-88.2885590004322, 41.80051099999], [-88.2895700003855, 41.7981519998119], [-88.2944929999079, 41.7978700000123], [-88.2991510000146, 41.7976109997349], [-88.3010399998519, 41.7974900000249], [-88.3013419999757, 41.797480000083], [-88.3015870001981, 41.8109490001922], [-88.3016030000917, 41.811361999676]], [[-88.2446089997168, 41.7792620000862], [-88.2435350000142, 41.7760160001679], [-88.2446039996939, 41.7749240001975], [-88.2422899997092, 41.775131999775], [-88.2411060004017, 41.7753069999212], [-88.2410879999601, 41.7756710002502], [-88.2410529998, 41.776248000135], [-88.2408600003544, 41.7789830000234], [-88.2408439995626, 41.7793940002693], [-88.2422529998992, 41.7790579997562], [-88.2446089997168, 41.7792620000862]]]}, "properties": {"OBJECTID": 1757, "ZCTA5": "60502", "DDA_CODE": "METRO16980M16980", "DDA_TYPE": "SA", "DDA_NAME": "Chicago-Joliet-Naperville, IL HUD Metro FMR Area"}}, {"type": "Feature", "id": 1774, "geometry": {"type": "Polygon", "coordinates": [[[-87.7622700003432, 42.0016869998791], [-87.7619530001508, 42.0026570001755], [-87.7618150000586, 42.0046530002082], [-87.7578609997585, 42.0046109999033], [-87.7554299995979, 42.0045969997955], [-87.7505730001978, 42.0045530001996], [-87.7505179999462, 42.0063650001934], [-87.7504569998468, 42.0081760000724], [-87.7504059997932, 42.010192999825], [-87.7502610000283, 42.0110309999876], [-87.7503060002341, 42.011796000323], [-87.7502650002262, 42.0154229999935], [-87.7478159996239, 42.0154049997672], [-87.7448790000233, 42.0152880001743], [-87.7429530003761, 42.0153930002809], [-87.7381399995603, 42.0153840001641], [-87.7369339996133, 42.0153799996669], [-87.7321059996272, 42.0153710002157], [-87.7309010004034, 42.0153680001759], [-87.7284879997861, 42.0153699997575], [-87.7236380000587, 42.0154090002628], [-87.7237309999451, 42.0117580001195], [-87.7174829997518, 42.0117890000589], [-87.7168209997779, 42.0117930001146], [-87.7090570000161, 42.0118609996875], [-87.7092040003292, 42.0099879996681], [-87.7092479998118, 42.0083289998662], [-87.7092889998197, 42.006746999901], [-87.7093470004443, 42.0046580000042], [-87.7093690001856, 42.0010129997008], [-87.7093619996146, 41.9992130000299], [-87.7093440000713, 41.9973889997583], [-87.7106799997147, 41.9973660000685], [-87.7118949998825, 41.9973449998511], [-87.7142869996851, 41.9973089998438], [-87.718606999683, 41.9972809997498], [-87.7192229996262, 41.9972809997498], [-87.7202970002271, 41.997278000192], [-87.7227889995888, 41.9972649998813], [-87.7264459997879, 41.9972500000844], [-87.7272740003415, 41.9972500000844], [-87.7289089997356, 41.9972530003111], [-87.7337750002548, 41.9972430002225], [-87.7362039998673, 41.9972440002982], [-87.7390069995736, 41.9972500000844], [-87.7410600003408, 41.997258000021], [-87.7434880001284, 41.9972680001073], [-87.7483429998786, 41.9972880002752], [-87.749982000369, 41.9972950001322], [-87.7502190001955, 41.997296000207], [-87.7521869996755, 41.9973009999136], [-87.7529099997488, 41.9973030000631], [-87.755464999758, 41.9985240001858], [-87.7565009998257, 41.9990000001567], [-87.7622700003432, 42.0016869998791]]]}, "properties": {"OBJECTID": 1774, "ZCTA5": "60712", "DDA_CODE": "METRO16980M16980", "DDA_TYPE": "SA", "DDA_NAME": "Chicago-Joliet-Naperville, IL HUD Metro FMR Area"}}, {"type": "Feature", "id": 1776, "geometry": {"type": "MultiPolygon", "coordinates": [[[[-87.9382300003434, 41.7744890002211], [-87.938017999733, 41.7762079998309], [-87.9358490004115, 41.7762459997519], [-87.9357780002664, 41.7744389999732], [-87.9370529998104, 41.7744160002749], [-87.9382300003434, 41.7744890002211]]], [[[-87.9527770000508, 41.8177409998546], [-87.9525710001865, 41.8177569999237], [-87.9471509996484, 41.8177140001055], [-87.9470150001043, 41.8142570002413], [-87.9444840003845, 41.8143109999649], [-87.9444299999578, 41.8129399998819], [-87.9421360000646, 41.812990000234], [-87.9424520004321, 41.8179980000208], [-87.9376040003545, 41.8180780000053], [-87.9376620000808, 41.8190049996928], [-87.9359060003129, 41.818130000109], [-87.9303939997133, 41.8182449997765], [-87.926973000414, 41.8183350001581], [-87.9272560002712, 41.8188759999875], [-87.9273220003935, 41.8193099998671], [-87.9250050000356, 41.8194070000658], [-87.9255680002753, 41.8197370002145], [-87.9270500004069, 41.8206620003211], [-87.9268810003525, 41.8212059997154], [-87.9265750000307, 41.8221970001943], [-87.9232979997732, 41.8222779997622], [-87.9233949998576, 41.8251930002112], [-87.923414999949, 41.8257320001621], [-87.9186100004275, 41.825781999899], [-87.9185960001838, 41.8254839997386], [-87.9182820003645, 41.818720000028], [-87.9182449996562, 41.8178720002609], [-87.9144200001259, 41.8185060000661], [-87.9140440003822, 41.8133140002842], [-87.9139039997419, 41.811929999678], [-87.9137530001291, 41.8112789997325], [-87.9131649997751, 41.8096220000568], [-87.9120190001025, 41.8066669998623], [-87.9110640002256, 41.8041150003306], [-87.9103110000151, 41.8021470000473], [-87.9087340003473, 41.7978470000119], [-87.908561000095, 41.7970670001787], [-87.908196000222, 41.7896149998741], [-87.9100189999371, 41.7895709999358], [-87.9129739999794, 41.7895009996977], [-87.9130240002081, 41.7851210003299], [-87.9119250003912, 41.7802840002981], [-87.9165089999798, 41.7802210002055], [-87.916683000057, 41.7807600001135], [-87.9167199998669, 41.7817330000815], [-87.9215720001425, 41.7820279998518], [-87.9264109999992, 41.7819060000955], [-87.9336519997043, 41.7817850002122], [-87.9336149998943, 41.7808529999252], [-87.9360279996133, 41.78080400007], [-87.9359349997269, 41.7784540001491], [-87.9384200003142, 41.780635000255], [-87.9406349996664, 41.7802000001609], [-87.9406149995749, 41.7816599996723], [-87.9465039997431, 41.7815239996977], [-87.9466650002999, 41.7816059998942], [-87.9468979999284, 41.7886069996758], [-87.946841000027, 41.7942510000434], [-87.9466789996453, 41.7959310001421], [-87.9465239998346, 41.7989079997064], [-87.9464290002984, 41.8014859998086], [-87.9464989997202, 41.8033109999639], [-87.9466639995767, 41.8073479997083], [-87.9466479996832, 41.8086139998062], [-87.9468669999663, 41.8107300001006], [-87.9470319998227, 41.8107240001701], [-87.9477039998424, 41.8126309996655], [-87.9481549999291, 41.8132249998261], [-87.9520129999697, 41.8166190000196], [-87.9527770000508, 41.8177409998546]]]]}, "properties": {"OBJECTID": 1776, "ZCTA5": "60521", "DDA_CODE": "METRO16980M16980", "DDA_TYPE": "SA", "DDA_NAME": "Chicago-Joliet-Naperville, IL HUD Metro FMR Area"}}, {"type": "Feature", "id": 1777, "geometry": {"type": "MultiPolygon", "coordinates": [[[[-87.6323339999454, 41.9263749996785], [-87.6326960003437, 41.9328100000036], [-87.6309247337075, 41.9330136254436], [-87.6293807453298, 41.9265476189306], [-87.6306829997595, 41.9262270000377], [-87.6325909998634, 41.9258940002589], [-87.6323339999454, 41.9263749996785]]], [[[-87.6784529999823, 41.9432160000714], [-87.6784839999444, 41.9443059999624], [-87.6783840003853, 41.9450380003279], [-87.6778920002908, 41.9450419999015], [-87.6779309997505, 41.9463999996661], [-87.6740040001129, 41.9459979997121], [-87.6740109997856, 41.946923999969], [-87.6736249999962, 41.9469280000924], [-87.6736340002171, 41.9467849996988], [-87.6726240000886, 41.9469350001408], [-87.6724809999735, 41.9469390002636], [-87.671295000118, 41.9469590002055], [-87.671286999722, 41.9464849997605], [-87.6703069997308, 41.9464949998034], [-87.6703179996015, 41.9468580002342], [-87.6700719995542, 41.9468610001629], [-87.6700759997521, 41.9469750000209], [-87.6688580001095, 41.9469900003035], [-87.6676520001625, 41.9470100002294], [-87.667636000269, 41.9465130001441], [-87.6656379997534, 41.9465449999947], [-87.6656510001722, 41.9469269998946], [-87.6652260000247, 41.9469359996704], [-87.6652300002227, 41.9470489998665], [-87.6640150000548, 41.9470680002464], [-87.6634030003096, 41.9470780001979], [-87.6615830000693, 41.9466340000377], [-87.6591610001295, 41.9466780002458], [-87.6591679998022, 41.947149000009], [-87.6565159997086, 41.9472020002681], [-87.6555650000297, 41.9472250000391], [-87.6550460001709, 41.9462519997186], [-87.6542750004171, 41.9455319998941], [-87.6543299997704, 41.9472449998913], [-87.6531160003257, 41.9472649997372], [-87.6518969999599, 41.9471560000332], [-87.6519029998077, 41.947285000245], [-87.6494859998908, 41.9473149999927], [-87.6480089997821, 41.9473130002772], [-87.6473800003184, 41.9473249999055], [-87.6455490002074, 41.9479289998793], [-87.6452739998478, 41.9474749997451], [-87.6445309996831, 41.9482749998326], [-87.6443020002525, 41.9483530002077], [-87.6434610001785, 41.9486380001498], [-87.6429210004033, 41.9477079999941], [-87.64237900008, 41.9467749997013], [-87.6422069996526, 41.9468719996775], [-87.6409859996369, 41.9473699998277], [-87.6374189872731, 41.9487330544102], [-87.6372240088389, 41.9484323968562], [-87.633828707645, 41.9431968134594], [-87.633298999868, 41.9423800003195], [-87.6332769049053, 41.9422929013336], [-87.631915470363, 41.9369260868428], [-87.6337840002899, 41.9368199996992], [-87.6323399997932, 41.9348149999583], [-87.632750999697, 41.9352310002464], [-87.6326119997798, 41.9333190002349], [-87.6361109997952, 41.9331589997097], [-87.6362399996666, 41.9328539997271], [-87.637955000325, 41.9329320002558], [-87.6393269999534, 41.9329199999236], [-87.6413430000123, 41.9328699997405], [-87.6416729997252, 41.9328630001528], [-87.6416889996187, 41.9333740001139], [-87.6427549998237, 41.9333400001821], [-87.6427380001052, 41.9328440002179], [-87.6434629998283, 41.9328289999486], [-87.6434970001635, 41.9342659998279], [-87.6442650004426, 41.9342520002899], [-87.6448860004086, 41.9328010002386], [-87.6465810000772, 41.9327679997532], [-87.6466620002681, 41.9327679997532], [-87.6471560000125, 41.9332520000388], [-87.6490299997812, 41.9332219996887], [-87.6490120002378, 41.9327200002924], [-87.6494249997914, 41.9327100000939], [-87.6494390000351, 41.933162000283], [-87.6531010002571, 41.9326519997135], [-87.6538589995922, 41.9326379998212], [-87.653875000384, 41.9330910002672], [-87.6560200003144, 41.9330529998592], [-87.6560520001014, 41.9326010002343], [-87.6565170004318, 41.9325939999487], [-87.6567009996565, 41.9330139996807], [-87.6587259999363, 41.9330109997688], [-87.6587100000428, 41.932555999913], [-87.6611289996095, 41.9325179998545], [-87.6617849997357, 41.9325069998685], [-87.6635830002347, 41.9329309998384], [-87.6677900002548, 41.9324109998497], [-87.668393999604, 41.9324040002116], [-87.6689989996765, 41.9323960001469], [-87.6724099998284, 41.9328040001605], [-87.6729909996114, 41.9323469999796], [-87.6734259998046, 41.9323419998513], [-87.6735079998204, 41.9349789998754], [-87.6740169996334, 41.9323350002057], [-87.6756650003446, 41.9323160001135], [-87.6757049996293, 41.9327690001732], [-87.6775249998696, 41.9327450001135], [-87.6775399999382, 41.9332040002739], [-87.6781790003459, 41.9341090002022], [-87.678202999737, 41.9350180001888], [-87.6775979996646, 41.9350250002083], [-87.6776279998018, 41.9359370002793], [-87.6782670002095, 41.9368400001423], [-87.6782970003467, 41.9377509999783], [-87.6776860004264, 41.9377590000396], [-87.6777149998404, 41.9386680001255], [-87.6783280003088, 41.9386600001784], [-87.678355000073, 41.9395730000342], [-87.6783810000123, 41.9404849998835], [-87.6778119999248, 41.9414050003253], [-87.6784039995785, 41.9413970000533], [-87.6784529999823, 41.9432160000714]]]]}, "properties": {"OBJECTID": 1777, "ZCTA5": "60657", "DDA_CODE": "METRO16980M16980", "DDA_TYPE": "SA", "DDA_NAME": "Chicago-Joliet-Naperville, IL HUD Metro FMR Area"}}, {"type": "Feature", "id": 1789, "geometry": {"type": "Polygon", "coordinates": [[[-88.2353469999299, 41.7155170002125], [-88.2356580002746, 41.7249290002416], [-88.2345889996966, 41.7322229998436], [-88.2344459995814, 41.7322250002584], [-88.2303409996686, 41.7322609996695], [-88.2234899999509, 41.7323350001833], [-88.2206710003511, 41.7323719997379], [-88.2205769997414, 41.7366810001858], [-88.2200529998598, 41.7366879998108], [-88.2179690000288, 41.7367140000388], [-88.215763999824, 41.734675999896], [-88.2158009996339, 41.7324270002683], [-88.2062030002864, 41.7325710000204], [-88.2061680001263, 41.739814000152], [-88.2064240002193, 41.7398600002171], [-88.2117910001556, 41.7398080002868], [-88.2117829997597, 41.7426139998515], [-88.2157410002578, 41.7425060001985], [-88.2157760004179, 41.7469389997783], [-88.2063220001121, 41.7470829998337], [-88.2063170000892, 41.7472540001922], [-88.2060750002399, 41.7472449997614], [-88.196256999886, 41.7472979996738], [-88.1865220002711, 41.7473940003269], [-88.1672529999845, 41.7476180001754], [-88.1672489997866, 41.7459700001517], [-88.1672420001139, 41.7433400000287], [-88.1672350004412, 41.7403199997259], [-88.1675240001462, 41.7257869997204], [-88.1674089996202, 41.7218869997321], [-88.1674000002976, 41.7215579997347], [-88.1673390001983, 41.7193209996848], [-88.1672499996115, 41.7165400002671], [-88.1671099998694, 41.7121460001815], [-88.1670670002117, 41.710456999688], [-88.1668999998071, 41.7054299997112], [-88.1668350004081, 41.7037530002543], [-88.1668129997685, 41.7031799998157], [-88.166760000065, 41.7017559999478], [-88.1664670001621, 41.6942549999372], [-88.166323000222, 41.6904049997546], [-88.166319999849, 41.6903089997965], [-88.1662360001834, 41.688863000077], [-88.166243999681, 41.6886900001577], [-88.1661800001069, 41.6822400001835], [-88.1664770002078, 41.6814430002654], [-88.1743780002369, 41.6812009998889], [-88.1793019995842, 41.6806350001621], [-88.1818280001794, 41.6807589998572], [-88.1826590002077, 41.6800480002188], [-88.1843339997848, 41.6767169997419], [-88.1845520002429, 41.6760959997836], [-88.1846009997484, 41.6737019997961], [-88.184796999567, 41.6712130002271], [-88.1825150002676, 41.6664719997486], [-88.1847670003281, 41.6664109998142], [-88.184944999705, 41.6700470002688], [-88.2039000001723, 41.6698049999858], [-88.2039899996856, 41.6723900003136], [-88.2041010000137, 41.6729439999478], [-88.2043610003047, 41.6729360003019], [-88.204535000382, 41.676817999833], [-88.2045479999025, 41.6770540002321], [-88.2093530003223, 41.6769769999611], [-88.2142170002934, 41.6769009999953], [-88.2151219999416, 41.6768849996733], [-88.2190870001123, 41.6768209996872], [-88.2239460000605, 41.6767380000928], [-88.2238359995573, 41.6738389998484], [-88.2238149996409, 41.6731190001724], [-88.2287249996428, 41.6730320000129], [-88.2287880002903, 41.6748079997049], [-88.2336759996525, 41.6747569998995], [-88.233956000035, 41.67475900009], [-88.2341669999222, 41.6801950002899], [-88.2348880003456, 41.7016939999079], [-88.2348969996681, 41.7019749999675], [-88.2349140002849, 41.7024739997987], [-88.234949000445, 41.7035109999627], [-88.2351519999363, 41.7096619997412], [-88.2352120002107, 41.7114780000866], [-88.2353469999299, 41.7155170002125]]]}, "properties": {"OBJECTID": 1789, "ZCTA5": "60564", "DDA_CODE": "METRO16980M16980", "DDA_TYPE": "SA", "DDA_NAME": "Chicago-Joliet-Naperville, IL HUD Metro FMR Area"}}, {"type": "Feature", "id": 1791, "geometry": {"type": "Polygon", "coordinates": [[[-88.1674089996202, 41.7218869997321], [-88.1675240001462, 41.7257869997204], [-88.1672350004412, 41.7403199997259], [-88.1672420001139, 41.7433400000287], [-88.1672489997866, 41.7459700001517], [-88.1672529999845, 41.7476180001754], [-88.1662880000619, 41.7476360002609], [-88.1604790002597, 41.7477479998607], [-88.157824999618, 41.7477990000985], [-88.1574649997679, 41.747805999852], [-88.1524009997803, 41.747910000121], [-88.1476919996199, 41.748005999859], [-88.139203000135, 41.7482140002508], [-88.1350139996583, 41.7482770002785], [-88.1303120000689, 41.7483619999518], [-88.1298660000051, 41.7483690003141], [-88.1286550000352, 41.7481170001938], [-88.1249879997903, 41.7484920001412], [-88.1239290001564, 41.7485190002351], [-88.1194169996395, 41.7486389999196], [-88.1150980003647, 41.7487440001298], [-88.1096050000317, 41.7488819998002], [-88.1098410000333, 41.7505820000952], [-88.1072399999933, 41.7506519999229], [-88.1071799997189, 41.7489410000544], [-88.1035970000379, 41.7490199998441], [-88.1036670003581, 41.7509610000501], [-88.1012210001288, 41.7502290000309], [-88.1011709999001, 41.7490730003017], [-88.098759000006, 41.7491269999896], [-88.0947210000404, 41.7491950001773], [-88.0938099996462, 41.7492139997635], [-88.0939100001036, 41.7509329997268], [-88.0912859995991, 41.7509850000302], [-88.0911989995604, 41.7495530002537], [-88.0889110004133, 41.7495990000439], [-88.0888979999945, 41.7493220001971], [-88.086934999639, 41.7493680001528], [-88.0840549999398, 41.7494150000152], [-88.0781809998402, 41.7492829998008], [-88.0759449996733, 41.7493079996795], [-88.0742859999897, 41.7494220002627], [-88.0693130002387, 41.749797999893], [-88.0662500002414, 41.7498699997706], [-88.0656870000017, 41.7483499998076], [-88.0631429998632, 41.748394999834], [-88.0634380003142, 41.7489859996666], [-88.0638440001951, 41.749800999694], [-88.0567199997676, 41.7500549997653], [-88.0566870001557, 41.7498299997741], [-88.0567750000192, 41.7498269999744], [-88.0576510002533, 41.7491010000959], [-88.0575309997044, 41.74547900021], [-88.0599469997965, 41.7454150001157], [-88.0598740000015, 41.7481800003166], [-88.0630369995579, 41.748111999724], [-88.0631599995816, 41.748110999764], [-88.062819999823, 41.7469349998652], [-88.0628890003183, 41.7423820002486], [-88.0628650000288, 41.7420519999183], [-88.0628790002725, 41.7309600003204], [-88.0627300003096, 41.7309689996819], [-88.062751000226, 41.7314629999458], [-88.0595019995575, 41.7318909998441], [-88.0595700002279, 41.7333849997362], [-88.0582089995719, 41.7293309999231], [-88.0629539997173, 41.7292360000056], [-88.0633670001691, 41.728146999849], [-88.0635479999191, 41.7281399999637], [-88.0635799997061, 41.7281389996927], [-88.0690350004043, 41.7280089998632], [-88.0691990004359, 41.7280039998387], [-88.0882820000513, 41.7275610000135], [-88.0952829995569, 41.7272880000921], [-88.0979430000464, 41.7272659998686], [-88.0976450001205, 41.7200620002445], [-88.0975990000898, 41.7195419996871], [-88.0974979998074, 41.716149999992], [-88.0973890000275, 41.7134080002337], [-88.0973499996694, 41.7124140001638], [-88.1009149998071, 41.7123509998255], [-88.1021169995561, 41.7123320000626], [-88.1024970003961, 41.7123050001782], [-88.1026940000395, 41.7122160003297], [-88.1028680001168, 41.7115929999521], [-88.1031960001799, 41.7114010001083], [-88.105166000208, 41.7113449998223], [-88.1060010004343, 41.7104250003061], [-88.1066499999894, 41.7104079997268], [-88.107583000125, 41.7125770002095], [-88.1079499996478, 41.7125669997701], [-88.1080850002653, 41.7125310000533], [-88.1088359999277, 41.7122149998108], [-88.1090180004009, 41.7121720002838], [-88.1092510000294, 41.712191000094], [-88.1096529997123, 41.7125310000533], [-88.1098209999418, 41.7126660002287], [-88.1102529997619, 41.7126899997682], [-88.1107149997193, 41.7126519997666], [-88.1109120002611, 41.7125359999407], [-88.1111230001483, 41.7124970000042], [-88.1116160000678, 41.7130369999607], [-88.1116960004337, 41.713400000254], [-88.1140370001826, 41.7129919999699], [-88.1147639995556, 41.7134280001785], [-88.1144870004445, 41.7146070001806], [-88.1167610002462, 41.7137770000584], [-88.1173739998164, 41.7136279999553], [-88.118270000142, 41.7133890001127], [-88.1197070000677, 41.7112310000473], [-88.1224060000169, 41.7109650002332], [-88.1221509997488, 41.7122189998745], [-88.1280120003279, 41.7111510001787], [-88.1279989999091, 41.7111079999398], [-88.1281500004201, 41.7089250002539], [-88.1303549997266, 41.7088710002941], [-88.1321459996547, 41.7084980001776], [-88.1328310000931, 41.7082950001361], [-88.1352010001544, 41.7081399999272], [-88.135693000249, 41.7085070000027], [-88.135949000342, 41.7090310002418], [-88.1362229999784, 41.7092130001676], [-88.1407160002287, 41.7069999999542], [-88.142348999973, 41.7072640002288], [-88.1429199997103, 41.7071190001639], [-88.1440810003498, 41.7055969998338], [-88.1445979996604, 41.7041620001315], [-88.1447419996005, 41.70304499984], [-88.1472589999748, 41.7021290002788], [-88.1472620003479, 41.7022260000373], [-88.147730999978, 41.7018839998845], [-88.1492759998587, 41.7011030001935], [-88.1526479996525, 41.7023999997699], [-88.1540729998826, 41.7011600000315], [-88.1553380002792, 41.7018260000077], [-88.1591159999539, 41.6986740002351], [-88.1621019999583, 41.6950439998713], [-88.1641759997435, 41.6914769999526], [-88.166323000222, 41.6904049997546], [-88.1664670001621, 41.6942549999372], [-88.166760000065, 41.7017559999478], [-88.1668129997685, 41.7031799998157], [-88.1668350004081, 41.7037530002543], [-88.1668999998071, 41.7054299997112], [-88.1670670002117, 41.710456999688], [-88.1671099998694, 41.7121460001815], [-88.1672499996115, 41.7165400002671], [-88.1673390001983, 41.7193209996848], [-88.1674000002976, 41.7215579997347], [-88.1674089996202, 41.7218869997321]]]}, "properties": {"OBJECTID": 1791, "ZCTA5": "60565", "DDA_CODE": "METRO16980M16980", "DDA_TYPE": "SA", "DDA_NAME": "Chicago-Joliet-Naperville, IL HUD Metro FMR Area"}}, {"type": "Feature", "id": 1810, "geometry": {"type": "Polygon", "coordinates": [[[-87.6482720004461, 41.9109199999503], [-87.6482840001417, 41.9113859999749], [-87.6470720003469, 41.9114040001974], [-87.6470759996465, 41.9109370002104], [-87.6462499996411, 41.9109500000916], [-87.6453559998636, 41.9109629999702], [-87.6443559997809, 41.910987000202], [-87.6434310000413, 41.9110179997358], [-87.6430639996201, 41.9110430000391], [-87.641016999599, 41.9110759997291], [-87.6398059996291, 41.9110960002217], [-87.6385920001845, 41.9111149999485], [-87.6385939998344, 41.9111719997634], [-87.6380549998841, 41.911723000253], [-87.6366840000806, 41.9117480002801], [-87.6366630001642, 41.9111400002137], [-87.6357009997163, 41.9111499997822], [-87.6347109996794, 41.9111600000177], [-87.6332300002711, 41.9111639997104], [-87.6330760002853, 41.911161000108], [-87.6327749999864, 41.9130439999863], [-87.6316820000173, 41.9111809999055], [-87.6309389998525, 41.9111900000463], [-87.6288859999837, 41.9112230003288], [-87.6257309999248, 41.9111480002697], [-87.6244750401733, 41.9110728243044], [-87.6246625598956, 41.9109670524876], [-87.625541999779, 41.9104710002504], [-87.625316438201, 41.9095265154182], [-87.6249618183611, 41.9080416368824], [-87.6247625998789, 41.9072074592015], [-87.624714217516, 41.9070048698865], [-87.6247060033211, 41.9069704748265], [-87.6246741571459, 41.9068371270223], [-87.6244866194573, 41.9060518597352], [-87.6244866098753, 41.9060518193985], [-87.6244545010926, 41.9059173734525], [-87.6241335581944, 41.9045735059361], [-87.6240520001498, 41.9042319997803], [-87.6279770001375, 41.9039540000533], [-87.6286779995712, 41.903942000288], [-87.6286280002408, 41.9031799998726], [-87.6283410001856, 41.9023799997676], [-87.6283450003836, 41.9018839998171], [-87.6283360001627, 41.9015579997247], [-87.6283169998962, 41.9007400001436], [-87.6283129996982, 41.9005930001438], [-87.6282650000176, 41.8991400003132], [-87.6282480002992, 41.8984689997247], [-87.6282440001012, 41.8983160001032], [-87.626903000435, 41.8983449998586], [-87.6282220003599, 41.897519999785], [-87.6282359997053, 41.8980090001327], [-87.6298149999213, 41.8979890002206], [-87.6297749997383, 41.896656000085], [-87.6312450001743, 41.8966359997492], [-87.6318119997136, 41.8966279998806], [-87.6342029996913, 41.8965959997275], [-87.6371719999773, 41.8965510000911], [-87.637185000396, 41.8969799998378], [-87.6386649999795, 41.8965320000419], [-87.6398900001931, 41.8965149999579], [-87.6400399999809, 41.896512999987], [-87.6415420002039, 41.8964930002751], [-87.6429289999009, 41.8964760001807], [-87.6441390000459, 41.8964559997886], [-87.644102000236, 41.8954959996775], [-87.6438860003259, 41.8940000001787], [-87.6419599997804, 41.892538000036], [-87.6443120002983, 41.8925260001315], [-87.6477269997498, 41.8959069999181], [-87.6477450001914, 41.8963990002079], [-87.6478320002301, 41.8980410002464], [-87.6479879998657, 41.901521000167], [-87.6480449997671, 41.9027129998967], [-87.6480940001709, 41.9036369997006], [-87.6481190002852, 41.9049939996751], [-87.6473719999225, 41.9063849998311], [-87.6432989997968, 41.9064470000107], [-87.6455140000473, 41.9080380000125], [-87.6481889997071, 41.907472999739], [-87.6482110003467, 41.9085769999129], [-87.6482480001567, 41.9098750000435], [-87.6482509996314, 41.9100030000143], [-87.6482720004461, 41.9109199999503]]]}, "properties": {"OBJECTID": 1810, "ZCTA5": "60610", "DDA_CODE": "METRO16980M16980", "DDA_TYPE": "SA", "DDA_NAME": "Chicago-Joliet-Naperville, IL HUD Metro FMR Area"}}, {"type": "Feature", "id": 1812, "geometry": {"type": "Polygon", "coordinates": [[[-87.678175000148, 41.9286239999099], [-87.6782839999279, 41.9304840000243], [-87.678134999965, 41.9322850002322], [-87.6781399999878, 41.9327359996711], [-87.6775249998696, 41.9327450001135], [-87.6757049996293, 41.9327690001732], [-87.6756650003446, 41.9323160001135], [-87.6740169996334, 41.9323350002057], [-87.6735079998204, 41.9349789998754], [-87.6734259998046, 41.9323419998513], [-87.6729909996114, 41.9323469999796], [-87.6724099998284, 41.9328040001605], [-87.6689989996765, 41.9323960001469], [-87.668393999604, 41.9324040002116], [-87.6677900002548, 41.9324109998497], [-87.6635830002347, 41.9329309998384], [-87.6617849997357, 41.9325069998685], [-87.6611289996095, 41.9325179998545], [-87.6587100000428, 41.932555999913], [-87.6587259999363, 41.9330109997688], [-87.6567009996565, 41.9330139996807], [-87.6565170004318, 41.9325939999487], [-87.6560520001014, 41.9326010002343], [-87.6560200003144, 41.9330529998592], [-87.653875000384, 41.9330910002672], [-87.6538589995922, 41.9326379998212], [-87.6531010002571, 41.9326519997135], [-87.6494390000351, 41.933162000283], [-87.6494249997914, 41.9327100000939], [-87.6490120002378, 41.9327200002924], [-87.6490299997812, 41.9332219996887], [-87.6471560000125, 41.9332520000388], [-87.6466620002681, 41.9327679997532], [-87.6465810000772, 41.9327679997532], [-87.6448860004086, 41.9328010002386], [-87.6442650004426, 41.9342520002899], [-87.6434970001635, 41.9342659998279], [-87.6434629998283, 41.9328289999486], [-87.6427380001052, 41.9328440002179], [-87.6427549998237, 41.9333400001821], [-87.6416889996187, 41.9333740001139], [-87.6416729997252, 41.9328630001528], [-87.6413430000123, 41.9328699997405], [-87.6393269999534, 41.9329199999236], [-87.637955000325, 41.9329320002558], [-87.6362399996666, 41.9328539997271], [-87.6361109997952, 41.9331589997097], [-87.6326119997798, 41.9333190002349], [-87.632750999697, 41.9352310002464], [-87.6323399997932, 41.9348149999583], [-87.6337840002899, 41.9368199996992], [-87.631915470363, 41.9369260868428], [-87.6318982433708, 41.9368581769512], [-87.6309530000962, 41.9331319998906], [-87.6309247337075, 41.9330136254436], [-87.6326960003437, 41.9328100000036], [-87.6323339999454, 41.9263749996785], [-87.6325909998634, 41.9258940002589], [-87.6306829997595, 41.9262270000377], [-87.6293807453298, 41.9265476189306], [-87.627525393688, 41.9187776705978], [-87.6274958570815, 41.9186539762089], [-87.6271150001471, 41.917059000169], [-87.6214359919564, 41.9136662426731], [-87.6206789996328, 41.9132140000691], [-87.6240382864687, 41.9113191772967], [-87.6244750401733, 41.9110728243044], [-87.6257309999248, 41.9111480002697], [-87.6288859999837, 41.9112230003288], [-87.6309389998525, 41.9111900000463], [-87.6316820000173, 41.9111809999055], [-87.6327749999864, 41.9130439999863], [-87.6330760002853, 41.911161000108], [-87.6332300002711, 41.9111639997104], [-87.6347109996794, 41.9111600000177], [-87.6357009997163, 41.9111499997822], [-87.6366630001642, 41.9111400002137], [-87.6366840000806, 41.9117480002801], [-87.6380549998841, 41.911723000253], [-87.6385939998344, 41.9111719997634], [-87.6385920001845, 41.9111149999485], [-87.6398059996291, 41.9110960002217], [-87.641016999599, 41.9110759997291], [-87.6430639996201, 41.9110430000391], [-87.6434310000413, 41.9110179997358], [-87.6443559997809, 41.910987000202], [-87.6453559998636, 41.9109629999702], [-87.6462499996411, 41.9109500000916], [-87.6470759996465, 41.9109370002104], [-87.6470720003469, 41.9114040001974], [-87.6482840001417, 41.9113859999749], [-87.6482899999895, 41.9115360001141], [-87.64951199983, 41.9116349997053], [-87.6495009999594, 41.910900000071], [-87.6507360002187, 41.9117870000889], [-87.6531410004401, 41.9117519999359], [-87.6531470002879, 41.9119140001582], [-87.654388000395, 41.9130519998037], [-87.6554970002577, 41.9107999999124], [-87.6559120003594, 41.9107940000049], [-87.656873000084, 41.9107849998083], [-87.6584449997289, 41.9144649997093], [-87.660859999996, 41.9159659997966], [-87.6635999999531, 41.9155899997263], [-87.6642140002465, 41.9169680002958], [-87.6644209999357, 41.9175810002767], [-87.6678499996309, 41.9215759999052], [-87.6685230003738, 41.9221010002516], [-87.6686249995827, 41.9215550000956], [-87.6680930002035, 41.9185469997401], [-87.667960999959, 41.9179319997117], [-87.6677609999424, 41.9172540001287], [-87.6681740003943, 41.9161169998806], [-87.6690790000425, 41.9167460000609], [-87.6704570004169, 41.9178769998878], [-87.6715450003632, 41.9178779998728], [-87.6727620001809, 41.917850000285], [-87.6751869995954, 41.917804000267], [-87.6751949999913, 41.9182620003334], [-87.6770229997293, 41.9182279997], [-87.6776689998097, 41.9191219999107], [-87.6776860004264, 41.9195750000837], [-87.6777039999698, 41.9200419997007], [-87.6771299998594, 41.9209469998739], [-87.6752600002887, 41.920076000036], [-87.6746180004062, 41.9201290000704], [-87.6768479998271, 41.9214089998277], [-87.6777809999627, 41.9221219998815], [-87.6778989999634, 41.9250260000639], [-87.6781700001251, 41.9280249999876], [-87.678175000148, 41.9286239999099]]]}, "properties": {"OBJECTID": 1812, "ZCTA5": "60614", "DDA_CODE": "METRO16980M16980", "DDA_TYPE": "SA", "DDA_NAME": "Chicago-Joliet-Naperville, IL HUD Metro FMR Area"}}, {"type": "Feature", "id": 1822, "geometry": {"type": "Polygon", "coordinates": [[[-87.6337979996353, 41.8806599999677], [-87.6338239995746, 41.8819459998706], [-87.6294020003677, 41.88199800025], [-87.6278060004333, 41.8820420002294], [-87.6277269998923, 41.8807430002429], [-87.6261710001409, 41.8807890002121], [-87.6262149996235, 41.882080000248], [-87.6244770002972, 41.8821090000181], [-87.6244379999392, 41.8808249998449], [-87.6230090004094, 41.8808439998845], [-87.6228960004315, 41.8808459996771], [-87.6207909997858, 41.8808730002156], [-87.620676999983, 41.8783320002502], [-87.62298500012, 41.8783020001675], [-87.6243969999313, 41.8782790002952], [-87.6244310002665, 41.8795530002927], [-87.6260819995541, 41.8782459997079], [-87.6276769996636, 41.8781760000677], [-87.6277100001739, 41.8794619997974], [-87.629352000139, 41.8794379997555], [-87.6308030003084, 41.8787860001836], [-87.6337540001527, 41.8793859999681], [-87.6337979996353, 41.8806599999677]]]}, "properties": {"OBJECTID": 1822, "ZCTA5": "60603", "DDA_CODE": "METRO16980M16980", "DDA_TYPE": "SA", "DDA_NAME": "Chicago-Joliet-Naperville, IL HUD Metro FMR Area"}}, {"type": "Feature", "id": 1823, "geometry": {"type": "Polygon", "coordinates": [[[-87.6336939998782, 41.8768500001978], [-87.6337540001527, 41.8793859999681], [-87.6308030003084, 41.8787860001836], [-87.629352000139, 41.8794379997555], [-87.6277100001739, 41.8794619997974], [-87.6276769996636, 41.8781760000677], [-87.6260819995541, 41.8782459997079], [-87.6244310002665, 41.8795530002927], [-87.6243969999313, 41.8782790002952], [-87.6243569997483, 41.8770100000981], [-87.6260570003381, 41.87697199974], [-87.6276520004475, 41.876930000198], [-87.6307489998817, 41.8768840001265], [-87.6331099997222, 41.87686300033], [-87.6336939998782, 41.8768500001978]]]}, "properties": {"OBJECTID": 1823, "ZCTA5": "60604", "DDA_CODE": "METRO16980M16980", "DDA_TYPE": "SA", "DDA_NAME": "Chicago-Joliet-Naperville, IL HUD Metro FMR Area"}}, {"type": "Feature", "id": 1832, "geometry": {"type": "Polygon", "coordinates": [[[-88.1635079999218, 41.6161529997627], [-88.1636359999684, 41.6235929998088], [-88.1630200000252, 41.6234899997345], [-88.1629630001238, 41.6235179998427], [-88.1589059998916, 41.6236000003295], [-88.1542200001957, 41.6236899997609], [-88.1446639997827, 41.6238409997561], [-88.1445419995839, 41.6238370002411], [-88.1438000001424, 41.6238100001506], [-88.1407189997034, 41.6238720000182], [-88.1385550004048, 41.6239200001996], [-88.1369860002346, 41.623958000234], [-88.1333909999598, 41.6240329996884], [-88.1316159999252, 41.6240589998101], [-88.1237700001477, 41.6242380000797], [-88.1239640003165, 41.6301649997649], [-88.1240019999513, 41.6314999999647], [-88.1240079997991, 41.6316899997323], [-88.1244990000688, 41.6389659997877], [-88.125510999847, 41.6389440002278], [-88.1272520004447, 41.6389080002603], [-88.1272540000945, 41.6425540000526], [-88.1248060002154, 41.6427369996741], [-88.1249049999496, 41.6484009998271], [-88.1385360001382, 41.6457719998541], [-88.1451490002046, 41.6404790001759], [-88.1452880001217, 41.6450360002925], [-88.1452939999695, 41.6452470003178], [-88.1452970003426, 41.6454839998595], [-88.1345430003784, 41.6514610000418], [-88.1333330002334, 41.6521089996871], [-88.1314080004111, 41.6529689998687], [-88.1305010002148, 41.6533320002316], [-88.1249069995994, 41.6554510002585], [-88.1249069995994, 41.655566000296], [-88.1249450001326, 41.6565759997417], [-88.1249900003384, 41.6586249997455], [-88.125290999739, 41.6680189998353], [-88.1234069999245, 41.6680529999138], [-88.1203969996307, 41.6681179997574], [-88.1206030003933, 41.6753420002919], [-88.1108810002989, 41.6755060001232], [-88.1105309995962, 41.6628779997461], [-88.1104800004409, 41.6610340003017], [-88.1056549999296, 41.6611310002835], [-88.0959250003376, 41.6614309997246], [-88.0960419996151, 41.663757999708], [-88.0917729996708, 41.6616779997567], [-88.0911829996669, 41.6615839998208], [-88.091181999842, 41.6616019998477], [-88.0912429999414, 41.6688549998348], [-88.0865940000555, 41.6690079997375], [-88.0769380000833, 41.6692609999718], [-88.077060000282, 41.6728860001442], [-88.0674040003099, 41.6731470001911], [-88.0671919996995, 41.6714320002298], [-88.0664719999992, 41.6695259999891], [-88.0637649996541, 41.6695800001045], [-88.0576479998803, 41.6744650002756], [-88.0589280003455, 41.6754390001894], [-88.0578799996839, 41.6769749998395], [-88.0579740002935, 41.6797880003295], [-88.0571800000752, 41.6798070003157], [-88.0536869999076, 41.6798879999467], [-88.0534879997159, 41.6798949997195], [-88.0539680001149, 41.6791999996786], [-88.0552009998262, 41.6770590001942], [-88.0530149998879, 41.6770309998645], [-88.0410630003726, 41.6774239997355], [-88.0381319997215, 41.6776590002105], [-88.0327370001961, 41.6800110000612], [-88.0309129997577, 41.6801060002778], [-88.0306490001671, 41.6774890001812], [-88.0297339995749, 41.6739719998504], [-88.0292859998612, 41.6726260001739], [-88.0388659996654, 41.6695120002004], [-88.0441039997303, 41.6672780000787], [-88.0474639998286, 41.6653849997688], [-88.0539610004422, 41.6606520001288], [-88.0585650001223, 41.6555530002145], [-88.0581619997162, 41.6555300002188], [-88.060327999563, 41.652145000334], [-88.0621899996361, 41.6478129997794], [-88.0633920002835, 41.6405789997612], [-88.0601569998587, 41.6406769999562], [-88.0605140002341, 41.6369460001557], [-88.0641449995957, 41.6045820000429], [-88.0647279999269, 41.6002879999001], [-88.0651100004166, 41.5998520002506], [-88.0648889995853, 41.5970229997162], [-88.0651649997699, 41.5951179997793], [-88.0662719999827, 41.5911860000426], [-88.0672729998903, 41.5913539999963], [-88.0690870002829, 41.5919009998875], [-88.0719479997155, 41.5932089999789], [-88.074207000347, 41.5938260002092], [-88.0752629996079, 41.5940690000443], [-88.0751639998737, 41.5964299997182], [-88.0834880004005, 41.596335999992], [-88.0834840002025, 41.5983149997822], [-88.0861699997329, 41.5982120003176], [-88.0888360000702, 41.5997870000491], [-88.0888539996135, 41.6037009996954], [-88.093458000192, 41.6032999997892], [-88.0956559998258, 41.5972709997173], [-88.0956630003968, 41.5962589999642], [-88.1033590003865, 41.5962090000802], [-88.1035750002966, 41.6029820001136], [-88.1084040001075, 41.6028630001341], [-88.1086479996067, 41.6093610000724], [-88.1093449997407, 41.6101039999565], [-88.1232189996036, 41.6097430000918], [-88.1229759999293, 41.6028330000539], [-88.1227149998134, 41.6028270001705], [-88.1227020002929, 41.6026480002583], [-88.1183160001727, 41.6027559997169], [-88.1132010001315, 41.6027450001411], [-88.117897999698, 41.6026289996756], [-88.1176709999173, 41.5953950002551], [-88.1179329998581, 41.5953880000322], [-88.1227080001407, 41.5952489997668], [-88.1299909996786, 41.5950670000302], [-88.1323490000442, 41.5950030000377], [-88.135617000081, 41.5949099999041], [-88.1365019996376, 41.5949170001789], [-88.1381229996864, 41.5948880000913], [-88.1385839998188, 41.5948789998298], [-88.1397289996665, 41.5959480000164], [-88.1434980000186, 41.5962010003101], [-88.143667000073, 41.6003060002568], [-88.1458560003843, 41.5974689998575], [-88.1460250004387, 41.5947499997507], [-88.1498719997103, 41.5947009997], [-88.1518209998221, 41.5946749998362], [-88.1520960001817, 41.6019650001557], [-88.1485779998998, 41.6020469998329], [-88.1488490000614, 41.6092219996781], [-88.1536999996137, 41.60915000011], [-88.1537909998503, 41.6079220000284], [-88.1536750003977, 41.605597000077], [-88.1547249998108, 41.6031169997174], [-88.1544779999386, 41.6019199997397], [-88.1627470002137, 41.6017739999055], [-88.1628440002981, 41.6075320002645], [-88.1610359997533, 41.6084030001847], [-88.1610550000199, 41.6088329998242], [-88.1602950001367, 41.6090549999971], [-88.1620020003992, 41.6092640000608], [-88.1628869999558, 41.6100529999605], [-88.1629549997279, 41.6155969998584], [-88.1629559995528, 41.6161609997456], [-88.1635079999218, 41.6161529997627]]]}, "properties": {"OBJECTID": 1832, "ZCTA5": "60446", "DDA_CODE": "METRO16980M16980", "DDA_TYPE": "SA", "DDA_NAME": "Chicago-Joliet-Naperville, IL HUD Metro FMR Area"}}, {"type": "Feature", "id": 1921, "geometry": {"type": "Polygon", "coordinates": [[[-88.2569550003157, 41.586326999939], [-88.2569779998819, 41.5869699997201], [-88.2543159997426, 41.5870170000371], [-88.2544479999871, 41.5900620003342], [-88.244133000414, 41.5902699997069], [-88.2411039998536, 41.5929110000706], [-88.2393919995683, 41.5933289999728], [-88.2354120002273, 41.5934710000469], [-88.2288119996814, 41.5936390001003], [-88.2274059997178, 41.5936649997095], [-88.2269439997605, 41.5935219997134], [-88.2257319999657, 41.5927100003158], [-88.2246440000194, 41.5924039998786], [-88.2252879995517, 41.5909799996946], [-88.2208050002454, 41.591066000096], [-88.2209399999646, 41.5937699997304], [-88.2174200000328, 41.5938550001021], [-88.2160989995597, 41.5938719998943], [-88.2119690004309, 41.5939149998624], [-88.2112739999467, 41.5939229999158], [-88.2098439996937, 41.5939169998758], [-88.201570000294, 41.5940020000539], [-88.1919179996215, 41.594133000291], [-88.1891950002811, 41.5941680000632], [-88.1878980000975, 41.5941800000959], [-88.1822530003268, 41.5896740002689], [-88.1816499999041, 41.5901279999816], [-88.1777230002666, 41.5875880002259], [-88.1771569996538, 41.5882500003327], [-88.1771440001333, 41.5879029998678], [-88.1750159999214, 41.5876879998734], [-88.1706549999156, 41.5900670003302], [-88.1680720003173, 41.5908109997206], [-88.1642229995992, 41.5884649997992], [-88.1650469999548, 41.5872410002342], [-88.1663819997733, 41.5857810003201], [-88.1688299996523, 41.5837789998423], [-88.1736180003538, 41.579891999912], [-88.1786200004171, 41.5755100001161], [-88.180452000353, 41.5725569999122], [-88.1804799999421, 41.5724999997995], [-88.1802099996054, 41.57246999972], [-88.1773530003707, 41.5725589999152], [-88.1783440002326, 41.5712049998174], [-88.1790659995826, 41.566710999952], [-88.177883999925, 41.5659609998352], [-88.1750889997163, 41.5653560001675], [-88.1808180000509, 41.5652910001828], [-88.1810570004255, 41.5652869997267], [-88.1808680002796, 41.560915999857], [-88.1806170002095, 41.5606390000095], [-88.1805050000565, 41.5580590002786], [-88.1807369998601, 41.5580299997695], [-88.1807340003853, 41.5579649998095], [-88.1812420003734, 41.5579709998293], [-88.1811219998245, 41.5558159997145], [-88.1838550001089, 41.5511399998814], [-88.1843909996862, 41.5507390002229], [-88.18458400003, 41.5507379998837], [-88.1845329999764, 41.5493289999881], [-88.1833599996413, 41.5471339998401], [-88.1899839995783, 41.5470759997622], [-88.1942359998042, 41.5469750000356], [-88.1946409998601, 41.5434779999901], [-88.1995049998312, 41.5436209998617], [-88.1996000002658, 41.5453440001451], [-88.2019200000984, 41.5453300002767], [-88.2018420002805, 41.5433000000465], [-88.2091259996433, 41.5432199999577], [-88.2187509996533, 41.543110999963], [-88.2210949997753, 41.5430910002278], [-88.2248209995714, 41.5430600001553], [-88.2308560002278, 41.5430049998166], [-88.2311240000164, 41.55025900032], [-88.2317859999903, 41.5502550002778], [-88.2334880002298, 41.5502450001713], [-88.2360740002012, 41.5502289999976], [-88.2360750000261, 41.5497980002164], [-88.2366180001743, 41.5497969998626], [-88.236624999847, 41.5502249999536], [-88.2381499996362, 41.5502160001898], [-88.238279000406, 41.5502149998425], [-88.2384800002474, 41.5502129998201], [-88.2431790003621, 41.5501589998636], [-88.2457069997088, 41.5501339998934], [-88.2498169996445, 41.5501170000157], [-88.254564000338, 41.5500920000293], [-88.2553479996123, 41.5500890003261], [-88.2553869999704, 41.5507390002229], [-88.2554229999554, 41.5516879998852], [-88.2557300001021, 41.5583699998908], [-88.2559950004159, 41.5645340001783], [-88.2562299996943, 41.5710520002314], [-88.2565569999324, 41.578570999993], [-88.2565679998031, 41.5787430001411], [-88.2569550003157, 41.586326999939]]]}, "properties": {"OBJECTID": 1921, "ZCTA5": "60586", "DDA_CODE": "METRO16980M16980", "DDA_TYPE": "SA", "DDA_NAME": "Chicago-Joliet-Naperville, IL HUD Metro FMR Area"}}, {"type": "Feature", "id": 1922, "geometry": {"type": "Polygon", "coordinates": [[[-88.3142400000454, 41.5701420001222], [-88.3142600001368, 41.5707800002967], [-88.3051199996504, 41.5709730002374], [-88.3053349997355, 41.5781340002287], [-88.2954200001956, 41.5782900002502], [-88.2856839998575, 41.5784699997551], [-88.2860019998749, 41.5856879996664], [-88.2762460003436, 41.5859060003303], [-88.2765240001779, 41.5921710001603], [-88.2765700002087, 41.5931799997958], [-88.266854999787, 41.5933919999307], [-88.2666249996332, 41.5861140003269], [-88.2569550003157, 41.586326999939], [-88.2565679998031, 41.5787430001411], [-88.2565569999324, 41.578570999993], [-88.2562299996943, 41.5710520002314], [-88.2559950004159, 41.5645340001783], [-88.2557300001021, 41.5583699998908], [-88.2554229999554, 41.5516879998852], [-88.2553869999704, 41.5507390002229], [-88.2553479996123, 41.5500890003261], [-88.2670089997728, 41.5498380002375], [-88.2672530001702, 41.5498349998502], [-88.2746999997396, 41.5497099999484], [-88.2752579999564, 41.564131000007], [-88.2754429999044, 41.564129999875], [-88.279926000109, 41.5640610001413], [-88.281428000332, 41.564038999899], [-88.294600000038, 41.563809999865], [-88.3045289998216, 41.5636449999128], [-88.3049349997025, 41.5645789997712], [-88.3142400000454, 41.5701420001222]]]}, "properties": {"OBJECTID": 1922, "ZCTA5": "60586", "DDA_CODE": "METRO16980MM3780", "DDA_TYPE": "SA", "DDA_NAME": "Kendall County, IL HUD Metro FMR Area"}}, {"type": "Feature", "id": 2025, "geometry": {"type": "Polygon", "coordinates": [[[-87.8258190001598, 42.0439689999912], [-87.8258090001141, 42.0443990000618], [-87.8257460003649, 42.0466419997087], [-87.825737000144, 42.0476019999654], [-87.8256810000675, 42.0501179996777], [-87.8256440002576, 42.0516930000555], [-87.8255789999603, 42.0548799996732], [-87.8196529999822, 42.0550030001147], [-87.8158669999116, 42.0550879999987], [-87.8156629996971, 42.0550929998314], [-87.81527100006, 42.0551020003296], [-87.811828999946, 42.0551799999253], [-87.8109340003436, 42.0551900002428], [-87.8060450002581, 42.0552030000529], [-87.799535000124, 42.0552159998603], [-87.7956949996267, 42.0552270000032], [-87.7955330001433, 42.0552270000032], [-87.7929880001799, 42.0552270000032], [-87.7856749996065, 42.0552439997957], [-87.7757740003103, 42.0552930001532], [-87.7751659998647, 42.0553000002964], [-87.7663740004312, 42.0553849997829], [-87.7639209996309, 42.0553820002972], [-87.7639750000576, 42.0481480002269], [-87.7640739997918, 42.0445270001165], [-87.7641280002184, 42.0422730001355], [-87.7641780004472, 42.0409059997714], [-87.7642090004093, 42.0400760002344], [-87.7642360001735, 42.0394120000044], [-87.7642660003107, 42.0385890002843], [-87.7659080002758, 42.0371029996807], [-87.7659430004359, 42.0359260000569], [-87.7643120003415, 42.0356550003158], [-87.764396999832, 42.0336589996789], [-87.761939999732, 42.0336369999283], [-87.7619940001587, 42.031825999746], [-87.7620950004411, 42.0281999997007], [-87.7621430001217, 42.0263890000912], [-87.762240000206, 42.0227599998666], [-87.7646749996663, 42.0227750003228], [-87.766992999849, 42.0228820000926], [-87.7670239998112, 42.023676999847], [-87.7671639995532, 42.0238839999072], [-87.7675450002181, 42.0246129998885], [-87.7676830003103, 42.0249459997434], [-87.7669710001077, 42.0260679999302], [-87.7670830002607, 42.0264310000298], [-87.76857100024, 42.0264349998319], [-87.7688080000665, 42.026436000116], [-87.7718800002847, 42.026436000116], [-87.7767390002329, 42.0264380000169], [-87.7805660003113, 42.0264430001025], [-87.7808819997805, 42.0264430001025], [-87.7793870001285, 42.0235849996781], [-87.7828519998087, 42.0234299998831], [-87.7878160002372, 42.0237350001317], [-87.7895479997157, 42.0237150002696], [-87.7904130000792, 42.0254559997351], [-87.7928430004149, 42.0258519996705], [-87.7917360002021, 42.0264450000032], [-87.7959039998641, 42.0264089997794], [-87.7961280001701, 42.0272719999185], [-87.7959730003594, 42.0300240000581], [-87.7959859998798, 42.0336439997891], [-87.8006799999716, 42.0335739998119], [-87.8007970001475, 42.0336019999455], [-87.8007030004362, 42.0408330002815], [-87.8062829999095, 42.0408159999679], [-87.8141959996342, 42.0406239999165], [-87.8160870000197, 42.0405750002518], [-87.8197819998536, 42.0404809997272], [-87.8204370001548, 42.0404619998598], [-87.8198660004175, 42.0440249997587], [-87.8224869996507, 42.0440499999368], [-87.8258190001598, 42.0439689999912]]]}, "properties": {"OBJECTID": 2025, "ZCTA5": "60053", "DDA_CODE": "METRO16980M16980", "DDA_TYPE": "SA", "DDA_NAME": "Chicago-Joliet-Naperville, IL HUD Metro FMR Area"}}, {"type": "Feature", "id": 2397, "geometry": {"type": "MultiPolygon", "coordinates": [[[[-88.2814049998675, 41.7243050000677], [-88.2809899997658, 41.7243119997003], [-88.2809899880877, 41.7243117482768], [-88.2814049998675, 41.7243050000677]]], [[[-88.2729942373556, 41.7244538078024], [-88.2729909998273, 41.7244560002111], [-88.271206999572, 41.7244879999828], [-88.2729942373556, 41.7244538078024]]], [[[-88.2612750003136, 41.7246559998636], [-88.2547669998293, 41.7247290000979], [-88.244895999772, 41.7248149997533], [-88.2401049995958, 41.7248629998071], [-88.2385150004075, 41.7248839998613], [-88.2364280002035, 41.7249160000903], [-88.2363570000584, 41.724916999741], [-88.2358690001618, 41.7249250002985], [-88.2356580002746, 41.7249290002416], [-88.2353469999299, 41.7155170002125], [-88.2352120002107, 41.7114780000866], [-88.2359760002919, 41.7114590000657], [-88.2397539999665, 41.7113620001537], [-88.2397049995627, 41.7096230000729], [-88.2487770002771, 41.7094599999133], [-88.2487649996832, 41.7089939999875], [-88.2445419997696, 41.709064000215], [-88.2444570002791, 41.7061199997046], [-88.241489999643, 41.7061659997538], [-88.2417149997739, 41.7002210003199], [-88.242699999788, 41.6998499997342], [-88.2468139999216, 41.6988649998005], [-88.2471470000076, 41.6987849999708], [-88.2470080000904, 41.6945309996885], [-88.2392259998869, 41.6946459996825], [-88.2353879999378, 41.6938770002225], [-88.2351760002257, 41.6874469996877], [-88.2439159997808, 41.6872950002458], [-88.2437049998936, 41.6800429998179], [-88.2502590004087, 41.6799380000325], [-88.2503990001508, 41.679936000003], [-88.2533779995841, 41.6798890002977], [-88.2535270004454, 41.68453100012], [-88.2535170003996, 41.6846749998547], [-88.2595959996403, 41.6933719999127], [-88.2607864937672, 41.6948777705572], [-88.2608099999832, 41.6958429998767], [-88.2608169996559, 41.696665000083], [-88.260959999771, 41.7052120000148], [-88.2610209998704, 41.7089390001864], [-88.261040000137, 41.7094390001836], [-88.2610419997868, 41.7094859997608], [-88.2611070000841, 41.7142259999412], [-88.2611539999398, 41.7171849999645], [-88.2612750003136, 41.7246559998636]]]]}, "properties": {"OBJECTID": 2397, "ZCTA5": "60503", "DDA_CODE": "METRO16980M16980", "DDA_TYPE": "SA", "DDA_NAME": "Chicago-Joliet-Naperville, IL HUD Metro FMR Area"}}, {"type": "Feature", "id": 2474, "geometry": {"type": "Polygon", "coordinates": [[[-87.6782339996992, 42.0545790001639], [-87.6785629995872, 42.0550319999781], [-87.677185000111, 42.0550150001288], [-87.6771750000653, 42.0556309998056], [-87.6749380000734, 42.0555579998928], [-87.6767330001994, 42.0585619997742], [-87.6741389998321, 42.058858999986], [-87.6741940000837, 42.0615560003011], [-87.6734735206831, 42.0615450119254], [-87.6714619996242, 42.0583339998481], [-87.6708748598562, 42.0550249998053], [-87.6705119997702, 42.0529799998538], [-87.6708600951462, 42.0523219749873], [-87.6710613339395, 42.0519415617781], [-87.6716428709151, 42.0508422469291], [-87.6743890000774, 42.050181000069], [-87.6756169997657, 42.0505809996668], [-87.6757900000181, 42.0497710001186], [-87.6756190003139, 42.0487880001792], [-87.6763859998697, 42.0489939999178], [-87.6780859995612, 42.0494499999747], [-87.6773340000739, 42.0510580001717], [-87.6772489996851, 42.0520629997183], [-87.6772069998523, 42.0538399998341], [-87.6780310002079, 42.0538489998429], [-87.6782339996992, 42.0545790001639]]]}, "properties": {"OBJECTID": 2474, "ZCTA5": "60208", "DDA_CODE": "METRO16980M16980", "DDA_TYPE": "SA", "DDA_NAME": "Chicago-Joliet-Naperville, IL HUD Metro FMR Area"}}, {"type": "Feature", "id": 2475, "geometry": {"type": "Polygon", "coordinates": [[[-87.7324560003299, 42.0624809998268], [-87.7324200003449, 42.0646660003174], [-87.7323519996745, 42.0689149997393], [-87.7291630001788, 42.0696180002678], [-87.7243000000326, 42.0691140002615], [-87.7236549997772, 42.0691309996707], [-87.7226160002347, 42.0691690002556], [-87.7189680002564, 42.0691210002149], [-87.7164989995626, 42.0690839998809], [-87.7145179996638, 42.069059999833], [-87.7125710001001, 42.0690370000564], [-87.7106279998361, 42.06901699978], [-87.7080639996061, 42.0689970001641], [-87.7078059998632, 42.0689839998436], [-87.7049810004156, 42.0689529997867], [-87.7027319998299, 42.0689859997392], [-87.7022389999104, 42.0689470000966], [-87.7019689995736, 42.0689249998944], [-87.6996820002513, 42.0688969999897], [-87.6979840002097, 42.068874000154], [-87.6919860002616, 42.0688049999302], [-87.6892350004339, 42.0687719998836], [-87.6892160001673, 42.069649], [-87.6863899999964, 42.069547000308], [-87.6828449999503, 42.0694889998216], [-87.6827520000639, 42.0716950001954], [-87.6798432291228, 42.0717130478299], [-87.6734735206831, 42.0615450119254], [-87.6741940000837, 42.0615560003011], [-87.6741389998321, 42.058858999986], [-87.6767330001994, 42.0585619997742], [-87.6749380000734, 42.0555579998928], [-87.6771750000653, 42.0556309998056], [-87.677185000111, 42.0550150001288], [-87.6785629995872, 42.0550319999781], [-87.6782339996992, 42.0545790001639], [-87.6780310002079, 42.0538489998429], [-87.6772069998523, 42.0538399998341], [-87.6772489996851, 42.0520629997183], [-87.6773340000739, 42.0510580001717], [-87.6780859995612, 42.0494499999747], [-87.6763859998697, 42.0489939999178], [-87.6756190003139, 42.0487880001792], [-87.6757900000181, 42.0497710001186], [-87.6756169997657, 42.0505809996668], [-87.6743890000774, 42.050181000069], [-87.6716428709151, 42.0508422469291], [-87.6731570001911, 42.0479799996713], [-87.67314353175, 42.0479459514992], [-87.6721150218352, 42.0453458882932], [-87.6711157538794, 42.0428197446804], [-87.6710850000557, 42.0427420000939], [-87.670827237468, 42.0410750604505], [-87.676929000018, 42.0411440000757], [-87.6787740003727, 42.0411639997915], [-87.6816120002391, 42.0411960001244], [-87.6818630003092, 42.0411980002281], [-87.6821589996869, 42.0411980002281], [-87.6836009996355, 42.0412129996692], [-87.6851100004296, 42.0412330000305], [-87.686950999688, 42.0412539997693], [-87.6883519996287, 42.041273000067], [-87.6902630001057, 42.0412770002695], [-87.6936399999223, 42.0412189999784], [-87.6945400004459, 42.0412039998715], [-87.6991509997987, 42.0411220002475], [-87.7038070002557, 42.0410430000134], [-87.7097170003402, 42.0409439999022], [-87.7096050001872, 42.0482029997047], [-87.7094339995847, 42.0484040003145], [-87.7088560001746, 42.0524289997269], [-87.7099680004103, 42.052771999962], [-87.7112379999315, 42.0533670003188], [-87.7149029996282, 42.0550870001655], [-87.7161050002756, 42.0553539997557], [-87.7177849998756, 42.0553619997211], [-87.726256999642, 42.0552700000581], [-87.7274700001601, 42.0552559997642], [-87.7274430003959, 42.057062999994], [-87.7274169995583, 42.0588670001769], [-87.7273710004258, 42.0624829999272], [-87.7305979995564, 42.06248000011], [-87.7324560003299, 42.0624809998268]]]}, "properties": {"OBJECTID": 2475, "ZCTA5": "60201", "DDA_CODE": "METRO16980M16980", "DDA_TYPE": "SA", "DDA_NAME": "Chicago-Joliet-Naperville, IL HUD Metro FMR Area"}}, {"type": "Feature", "id": 2483, "geometry": {"type": "Polygon", "coordinates": [[[-88.2877619998408, 41.7377290001749], [-88.2861290000965, 41.7381370002584], [-88.2855730004278, 41.7378800002713], [-88.2849719996549, 41.7377149998106], [-88.281316000179, 41.7377149998106], [-88.2813739999053, 41.7388539998427], [-88.2813789999282, 41.7405280002172], [-88.2813899997988, 41.744341999758], [-88.2813949998217, 41.746131000216], [-88.2788990002621, 41.7461709998363], [-88.2775069996439, 41.7461950002669], [-88.2773920000161, 41.7461960002567], [-88.2774060002599, 41.7471820000615], [-88.2764899998427, 41.7471969996765], [-88.2764820003451, 41.746211000102], [-88.2739370003817, 41.7462530003206], [-88.2619799999452, 41.746455999761], [-88.2602490002917, 41.7465379998813], [-88.2586419995883, 41.7472639999247], [-88.2555619998726, 41.7510359997069], [-88.2529070003043, 41.7544319999022], [-88.2518639996656, 41.7554330002384], [-88.2499899998968, 41.7561840000884], [-88.2470320003798, 41.7562339998218], [-88.2453219997443, 41.7557109996921], [-88.2433590002871, 41.7554999999325], [-88.2430630000111, 41.7592839996893], [-88.2362690001949, 41.7597890001632], [-88.2338859997148, 41.7599510001899], [-88.2331209998087, 41.7600040003331], [-88.2327219996006, 41.7675449999155], [-88.2327169995777, 41.7683070001851], [-88.2320310002126, 41.7766570001209], [-88.225168999726, 41.77761200033], [-88.2220160002153, 41.7777530000631], [-88.2220160002153, 41.7776710002988], [-88.2057260002604, 41.778119999725], [-88.2057250004355, 41.7781989997718], [-88.2057239997123, 41.7782890001389], [-88.2057489998266, 41.7813809999945], [-88.2079669995519, 41.7814190001997], [-88.2077470003422, 41.7828089999139], [-88.2057289997352, 41.7845429998361], [-88.2057370001311, 41.7835930000722], [-88.2055830001453, 41.7835919999953], [-88.2055980002139, 41.7813729997722], [-88.2055789999473, 41.7782919999481], [-88.1869690001599, 41.7787069998762], [-88.1876550004232, 41.778362999855], [-88.2055809995971, 41.7778789996763], [-88.2056480004426, 41.7702350003217], [-88.2060429995545, 41.7624150002119], [-88.2060490003006, 41.7622649999303], [-88.2060860001105, 41.7559540002773], [-88.2060459999276, 41.7534460002037], [-88.2060590003463, 41.75325800029], [-88.2060750002399, 41.7472449997614], [-88.2063170000892, 41.7472540001922], [-88.2063220001121, 41.7470829998337], [-88.2157760004179, 41.7469389997783], [-88.2157410002578, 41.7425060001985], [-88.2117829997597, 41.7426139998515], [-88.2117910001556, 41.7398080002868], [-88.2064240002193, 41.7398600002171], [-88.2061680001263, 41.739814000152], [-88.2062030002864, 41.7325710000204], [-88.2158009996339, 41.7324270002683], [-88.215763999824, 41.734675999896], [-88.2179690000288, 41.7367140000388], [-88.2200529998598, 41.7366879998108], [-88.2205769997414, 41.7366810001858], [-88.2206710003511, 41.7323719997379], [-88.2234899999509, 41.7323350001833], [-88.2303409996686, 41.7322609996695], [-88.2344459995814, 41.7322250002584], [-88.2345889996966, 41.7322229998436], [-88.2356580002746, 41.7249290002416], [-88.2358690001618, 41.7249250002985], [-88.2363570000584, 41.724916999741], [-88.2364280002035, 41.7249160000903], [-88.2385150004075, 41.7248839998613], [-88.2401049995958, 41.7248629998071], [-88.244895999772, 41.7248149997533], [-88.2547669998293, 41.7247290000979], [-88.2612750003136, 41.7246559998636], [-88.2619520003561, 41.7246519999035], [-88.2680980004422, 41.7245440002153], [-88.271206999572, 41.7244879999828], [-88.2729909998273, 41.7244560002111], [-88.2729942373556, 41.7244538078024], [-88.27502100013, 41.7244150001451], [-88.2772820004113, 41.7245270000182], [-88.278602999986, 41.7244030002189], [-88.2809129997729, 41.7243130000309], [-88.2809899880877, 41.7243117482768], [-88.2809899997658, 41.7243119997003], [-88.2814049998675, 41.7243050000677], [-88.2846894363789, 41.7242457076509], [-88.2850720001124, 41.7309959997701], [-88.2854200002669, 41.732387000131], [-88.2877619998408, 41.7377290001749]]]}, "properties": {"OBJECTID": 2483, "ZCTA5": "60504", "DDA_CODE": "METRO16980M16980", "DDA_TYPE": "SA", "DDA_NAME": "Chicago-Joliet-Naperville, IL HUD Metro FMR Area"}}, {"type": "Feature", "id": 2521, "geometry": {"type": "Polygon", "coordinates": [[[-87.6789590003206, 41.9614580002058], [-87.6789650001684, 41.9617179998585], [-87.6782410002702, 41.9617440002999], [-87.6760059999282, 41.9617100001317], [-87.6760009999053, 41.9614949997484], [-87.6739770003487, 41.9615250001561], [-87.6708380001835, 41.9615700000732], [-87.6692580001426, 41.9615920000359], [-87.6677259997823, 41.9616120000563], [-87.6659540001209, 41.9616349999716], [-87.6649349997716, 41.9616470002436], [-87.663024000193, 41.9616720000794], [-87.660972000149, 41.9616989998376], [-87.6595849995537, 41.9617159999269], [-87.6570329999176, 41.9617520000224], [-87.6580050004112, 41.9653920000494], [-87.6574739999585, 41.9653999999819], [-87.6557159996424, 41.9626519998079], [-87.6551440000802, 41.9617729999574], [-87.6547480002451, 41.9617789997467], [-87.6547549999178, 41.9622289997019], [-87.6512530004277, 41.9618240001524], [-87.6499119998631, 41.9618430001361], [-87.6499379998024, 41.9627469997709], [-87.6499660002898, 41.9636680001757], [-87.6499880000311, 41.9645129999258], [-87.6500189999932, 41.9654879998412], [-87.6493980000272, 41.9654809998265], [-87.6473150000211, 41.9656600002476], [-87.6470630001261, 41.9656919998371], [-87.6479100000479, 41.9693879999044], [-87.6439829195619, 41.970082865303], [-87.6436517816836, 41.9698142752583], [-87.6392020002799, 41.9662050003287], [-87.6324200001592, 41.9652899999868], [-87.6314800003509, 41.9634780001827], [-87.635931999695, 41.961412000239], [-87.6359543515759, 41.9614224949195], [-87.6377379996917, 41.9622599997213], [-87.6414459999445, 41.961694000007], [-87.6413071698089, 41.9601560855793], [-87.640832194885, 41.95489446313], [-87.6408298427961, 41.9548684017734], [-87.6407379999398, 41.953850999798], [-87.6374189872731, 41.9487330544102], [-87.6409859996369, 41.9473699998277], [-87.6422069996526, 41.9468719996775], [-87.64237900008, 41.9467749997013], [-87.6429210004033, 41.9477079999941], [-87.6434610001785, 41.9486380001498], [-87.6443020002525, 41.9483530002077], [-87.6445309996831, 41.9482749998326], [-87.6452739998478, 41.9474749997451], [-87.6455490002074, 41.9479289998793], [-87.6473800003184, 41.9473249999055], [-87.6480089997821, 41.9473130002772], [-87.6494859998908, 41.9473149999927], [-87.6519029998077, 41.947285000245], [-87.6518969999599, 41.9471560000332], [-87.6531160003257, 41.9472649997372], [-87.6543299997704, 41.9472449998913], [-87.6542750004171, 41.9455319998941], [-87.6550460001709, 41.9462519997186], [-87.6555650000297, 41.9472250000391], [-87.6565159997086, 41.9472020002681], [-87.6591679998022, 41.947149000009], [-87.6591610001295, 41.9466780002458], [-87.6615830000693, 41.9466340000377], [-87.6634030003096, 41.9470780001979], [-87.6640150000548, 41.9470680002464], [-87.6652300002227, 41.9470489998665], [-87.6652260000247, 41.9469359996704], [-87.6656510001722, 41.9469269998946], [-87.6656379997534, 41.9465449999947], [-87.667636000269, 41.9465130001441], [-87.6676520001625, 41.9470100002294], [-87.6688580001095, 41.9469900003035], [-87.6700759997521, 41.9469750000209], [-87.6700719995542, 41.9468610001629], [-87.6703179996015, 41.9468580002342], [-87.6703069997308, 41.9464949998034], [-87.671286999722, 41.9464849997605], [-87.671295000118, 41.9469590002055], [-87.6724809999735, 41.9469390002636], [-87.6726240000886, 41.9469350001408], [-87.6736340002171, 41.9467849996988], [-87.6736249999962, 41.9469280000924], [-87.6740109997856, 41.946923999969], [-87.6740040001129, 41.9459979997121], [-87.6779309997505, 41.9463999996661], [-87.6785409998459, 41.9463920000208], [-87.6785530004397, 41.9468640000914], [-87.6779459998191, 41.9468719996775], [-87.678579000379, 41.947784000026], [-87.6786050003183, 41.9486869998263], [-87.6779950002229, 41.9486949998518], [-87.6780089995683, 41.9493570001464], [-87.6781890003917, 41.9494330002167], [-87.678503000211, 41.9494250002839], [-87.6785090000588, 41.9495999997539], [-87.6786300004326, 41.949599000266], [-87.6786539998238, 41.9505090000686], [-87.6780470001014, 41.9505169998654], [-87.6780870002844, 41.952162999829], [-87.6787030002276, 41.9523319997892], [-87.6787540002812, 41.9541620000719], [-87.6787819998703, 41.955094999805], [-87.6781729995998, 41.9551039997638], [-87.6788379999468, 41.9568930002686], [-87.6788660004342, 41.9578060002312], [-87.6787120004484, 41.9578080002855], [-87.6781249999193, 41.9580740002729], [-87.6789109997417, 41.9593850002128], [-87.6789190001376, 41.9596290003327], [-87.678175000148, 41.9596410003146], [-87.6782329998743, 41.9614659999643], [-87.6789590003206, 41.9614580002058]]]}, "properties": {"OBJECTID": 2521, "ZCTA5": "60613", "DDA_CODE": "METRO16980M16980", "DDA_TYPE": "SA", "DDA_NAME": "Chicago-Joliet-Naperville, IL HUD Metro FMR Area"}}, {"type": "Feature", "id": 2545, "geometry": {"type": "Polygon", "coordinates": [[[-87.9949850003436, 42.1441240002513], [-87.9947960001977, 42.1467570000102], [-87.9892340002677, 42.1464109997433], [-87.988270999995, 42.1463710000217], [-87.9854480001972, 42.1463759999883], [-87.985048999989, 42.1514839998667], [-87.9849939997374, 42.1536260002903], [-87.9848840001326, 42.1605890001986], [-87.9848260004062, 42.1681819999018], [-87.9936820003122, 42.1681799998052], [-87.9932279998525, 42.17267399987], [-87.9914670000617, 42.1734579997963], [-87.991969000202, 42.1754549999064], [-87.9891170000919, 42.1754479997075], [-87.984788999698, 42.1754449999073], [-87.9847589995608, 42.1769549998456], [-87.9847579997359, 42.1790690002993], [-87.9750199997479, 42.1790370002612], [-87.9750049996793, 42.1813160002177], [-87.9760469995948, 42.1826969999716], [-87.9749629998465, 42.1826960001528], [-87.9772369996483, 42.185902000162], [-87.9773720002659, 42.1876859998697], [-87.9780790004456, 42.1876920003054], [-87.9780550001562, 42.19055499978], [-87.9756509997597, 42.190539999702], [-87.9723169996007, 42.1883000002322], [-87.9733640004374, 42.190539999702], [-87.9732849998964, 42.1971990001279], [-87.9742969996747, 42.1971999997172], [-87.9797489999998, 42.1972040000712], [-87.9796500002656, 42.2040899999729], [-87.979627999626, 42.2056690002173], [-87.9748859998537, 42.2053770001938], [-87.9747560001573, 42.2044199999867], [-87.9650109995984, 42.2044769999899], [-87.9645310000977, 42.2043759997739], [-87.9612349995735, 42.2043700002567], [-87.9591950001235, 42.204466999923], [-87.9590279997189, 42.2044659997832], [-87.9588009999382, 42.2044699996771], [-87.9576639995881, 42.2082419998568], [-87.9564440002957, 42.2082429999369], [-87.9564429995725, 42.2085059998225], [-87.9556910000852, 42.2094100000981], [-87.9556579995749, 42.2094550001926], [-87.955480000198, 42.2095870001075], [-87.9555029997642, 42.2096430000485], [-87.9554629995812, 42.2097069997302], [-87.9552090000364, 42.2098690000902], [-87.9552090000364, 42.2099560000997], [-87.952771000203, 42.2102330001886], [-87.9508739999698, 42.2081189998666], [-87.9550869998376, 42.2080939998068], [-87.9550850001878, 42.2044659997832], [-87.9552259997548, 42.2044659997832], [-87.9551680000285, 42.1992000000057], [-87.9551649996554, 42.1988899999204], [-87.9551620001807, 42.1984299997819], [-87.95515100031, 42.1983289998818], [-87.9551760004244, 42.1980649999802], [-87.9549400004229, 42.1976220000545], [-87.9548220004221, 42.1976529997552], [-87.9538180001414, 42.1979269998196], [-87.953681999699, 42.1976540000029], [-87.951489000088, 42.1971960000286], [-87.9515040001566, 42.1959330001569], [-87.9514969995856, 42.1957869997782], [-87.9430239999943, 42.1966969999472], [-87.9435350003555, 42.1951540001337], [-87.9434070003089, 42.1910369997711], [-87.9428619996126, 42.190831999738], [-87.9428619996126, 42.1903619998799], [-87.9428669996354, 42.1898910001499], [-87.951264999782, 42.1899509997255], [-87.9500799997514, 42.1876690002962], [-87.9503169995779, 42.1876729999222], [-87.9505020004241, 42.1853829999233], [-87.9554419996649, 42.1836129997175], [-87.955588000153, 42.1841259997345], [-87.960309000009, 42.1844910001602], [-87.9602989999633, 42.1854420000086], [-87.964925000283, 42.1854249998317], [-87.9651789998279, 42.1854240000561], [-87.9653110000724, 42.1854309998164], [-87.9653189995699, 42.1826749999613], [-87.9628499997745, 42.1826670000767], [-87.9603380003213, 42.180967000304], [-87.9603530003899, 42.1790120000121], [-87.9585940002489, 42.1790129998891], [-87.9574619999218, 42.1790150003088], [-87.9554910000687, 42.1790100002581], [-87.9554579995584, 42.1826450000559], [-87.9541040003717, 42.1826539997628], [-87.9478839997674, 42.1826820000259], [-87.9477320003298, 42.1826810002069], [-87.9474899995821, 42.1826789999033], [-87.9439210001448, 42.1753590002488], [-87.9432819997371, 42.1762620001505], [-87.9429639997198, 42.1762800000484], [-87.9410940001491, 42.1770939997683], [-87.9409219997216, 42.1783109997889], [-87.9432700000416, 42.1783689999294], [-87.9431550004139, 42.1826410001119], [-87.9410079999354, 42.1825620003324], [-87.9403700002509, 42.1824740000574], [-87.9354870000132, 42.1818340000613], [-87.9326220003826, 42.1814519996931], [-87.9331730000284, 42.1788250000991], [-87.9311939997795, 42.1782099996927], [-87.9248519998747, 42.1778249997118], [-87.924369000001, 42.1763639999482], [-87.9229809995808, 42.1718320001215], [-87.9228099998766, 42.1712560002827], [-87.9217589997402, 42.1677110000588], [-87.9216740002497, 42.1668629997466], [-87.9225239996463, 42.1668770000466], [-87.9321339995877, 42.167045000076], [-87.9404039996878, 42.1671519997472], [-87.9409870000189, 42.1680719998254], [-87.9410509995931, 42.1659030000342], [-87.9458069996091, 42.165530000126], [-87.9458200000279, 42.1644190000541], [-87.9507700002127, 42.1644510001642], [-87.9521510000619, 42.1608130002058], [-87.9507529995959, 42.1608320000034], [-87.9416280000765, 42.1607610002748], [-87.9415820000457, 42.1627920002775], [-87.9409639995544, 42.1627900000105], [-87.9397380004142, 42.1628310001432], [-87.9387090000192, 42.1628429997384], [-87.9376660002788, 42.1604679996984], [-87.936743000189, 42.1583670001317], [-87.9366460001046, 42.1585850001463], [-87.9370689997039, 42.1595480002474], [-87.9305080004144, 42.1596549999459], [-87.9184830002059, 42.159852999919], [-87.9133339998295, 42.1590120001795], [-87.9135499997395, 42.1559059997691], [-87.9123870003485, 42.1547439999046], [-87.9106700000403, 42.1546250000741], [-87.9113489997327, 42.1531359998674], [-87.9116609999022, 42.1531399996796], [-87.9148600003419, 42.1531639998796], [-87.922169999644, 42.1530339999085], [-87.9230700001676, 42.1530840002875], [-87.9339639998738, 42.1530759999898], [-87.9344049999147, 42.1531059999357], [-87.9347210002823, 42.1530819997138], [-87.9364079995549, 42.1530950001126], [-87.9368579998167, 42.1530980003067], [-87.9412509996096, 42.1531449997775], [-87.9437620001362, 42.1531630002599], [-87.9461489999159, 42.1531729997857], [-87.9486510002216, 42.1531799997859], [-87.9487590001767, 42.1551919998842], [-87.9546140000096, 42.1552359997052], [-87.9553389997327, 42.1534839999003], [-87.9568979998571, 42.1534970002165], [-87.9587609997552, 42.1535130000386], [-87.9587950000904, 42.1534239996866], [-87.9606599996383, 42.1532120002522], [-87.9606510003158, 42.1520119999948], [-87.9600860004262, 42.1513930000303], [-87.9595509997756, 42.1508140002758], [-87.9590469999855, 42.1502620001849], [-87.9585249997536, 42.1471270002091], [-87.9584849995707, 42.1467069999615], [-87.958445000286, 42.1461759996848], [-87.958509999685, 42.1425829999188], [-87.9585320003247, 42.1416209999251], [-87.9585389999973, 42.1413200002078], [-87.957347000294, 42.1397120002007], [-87.9561389997989, 42.1396970000531], [-87.953396000367, 42.1391750001649], [-87.9504709995637, 42.1395579998933], [-87.9492660003398, 42.1395589997278], [-87.9492689998146, 42.1388069998143], [-87.9493569996781, 42.135202999949], [-87.9513469997978, 42.1338679997523], [-87.9513500001708, 42.1315970002498], [-87.9514689999965, 42.1315990001702], [-87.9591299998262, 42.1316660001316], [-87.9610239996863, 42.1323889997608], [-87.9610239996863, 42.1335459999741], [-87.9610239996863, 42.1336709996914], [-87.9610229998614, 42.1339230002313], [-87.957379999906, 42.1341489998574], [-87.9573809997309, 42.1365619998163], [-87.9606510003158, 42.1363650001414], [-87.9597700000587, 42.1368969999765], [-87.9610200003867, 42.1379280001853], [-87.9656729995723, 42.1374540000346], [-87.9657019998846, 42.1363049996893], [-87.967261999834, 42.1358420002058], [-87.9706870002295, 42.1358680000882], [-87.9705680004038, 42.1390049997293], [-87.9724370001497, 42.1390200000408], [-87.9737860002118, 42.1390270002738], [-87.973808999778, 42.1342120001105], [-87.9736220001803, 42.1318710000806], [-87.9712040004385, 42.131887000039], [-87.9707220003896, 42.1318860000833], [-87.9707159996435, 42.1319890000948], [-87.9700889998297, 42.1319209998537], [-87.970110999571, 42.1314220003089], [-87.9702749996026, 42.1314250001978], [-87.9707249998643, 42.1313750000331], [-87.9707449999558, 42.1297049999719], [-87.9785039996947, 42.1297380003022], [-87.980332000331, 42.1297520001545], [-87.9803139998893, 42.1302399997342], [-87.9802829999272, 42.1321320000207], [-87.9802760002545, 42.1336709996914], [-87.9802450002924, 42.1390790000769], [-87.9823879996746, 42.1391009999295], [-87.9824959996296, 42.1391019997713], [-87.9826110001557, 42.1391030002791], [-87.9827619997684, 42.1391049999625], [-87.9851490004464, 42.1391059998042], [-87.9851119997382, 42.1349929999268], [-87.9899770004325, 42.1349519997461], [-87.9900019996485, 42.1391149997107], [-87.9899709996864, 42.14182600029], [-87.9851129995631, 42.1418470000559], [-87.9851129995631, 42.1421240002182], [-87.9854220002579, 42.1439630003308], [-87.9942709995929, 42.1441419999687], [-87.9949850003436, 42.1441240002513]], [[-87.9615069995601, 42.1984299997819], [-87.9615020004355, 42.197869000318], [-87.960160999871, 42.197869000318], [-87.9601850001605, 42.1958469997467], [-87.9553079997706, 42.1957360002593], [-87.9544190000159, 42.1957330000906], [-87.9561990000733, 42.1991159998323], [-87.9566040001293, 42.1990790001641], [-87.9567849998792, 42.1998589999323], [-87.9587540000825, 42.1984159998119], [-87.9615069995601, 42.1984299997819]], [[-87.9542209996492, 42.1960169999028], [-87.9543570000917, 42.1959129999791], [-87.9541649995727, 42.1959099998188], [-87.9542209996492, 42.1960169999028]]]}, "properties": {"OBJECTID": 2545, "ZCTA5": "60089", "DDA_CODE": "METRO16980M16980", "DDA_TYPE": "SA", "DDA_NAME": "Chicago-Joliet-Naperville, IL HUD Metro FMR Area"}}, {"type": "Feature", "id": 2586, "geometry": {"type": "Polygon", "coordinates": [[[-87.6365049999805, 41.6075089999206], [-87.6365059998054, 41.6081419997336], [-87.6356940000437, 41.6081479997944], [-87.6313289998399, 41.6052220001904], [-87.6318019996679, 41.606202000288], [-87.626855999681, 41.6064359998795], [-87.6266559996645, 41.6064489997946], [-87.6243590002965, 41.6066010000027], [-87.6243939995583, 41.6081429998557], [-87.6241259997696, 41.6108660001922], [-87.6241280003178, 41.6154010002909], [-87.6273290004073, 41.615395000233], [-87.6309399996774, 41.6153830001157], [-87.6315819995598, 41.6153780000662], [-87.6316419998343, 41.6193089999696], [-87.6316629997507, 41.6211230001355], [-87.6301630000758, 41.6211529997693], [-87.6291549995972, 41.6211750000291], [-87.6290500000152, 41.622247000116], [-87.6269260000012, 41.6222489999228], [-87.6265900004405, 41.6206479997088], [-87.6267019996952, 41.6183229997389], [-87.6259750003223, 41.6174389997305], [-87.6215230000799, 41.61714600014], [-87.622103000038, 41.618901000012], [-87.6229879995947, 41.6188860000088], [-87.6232930000915, 41.6198320000526], [-87.624150999884, 41.6221799998352], [-87.6244029997791, 41.6226380001253], [-87.6207559996257, 41.6226409998174], [-87.6207630001967, 41.6231470002761], [-87.6183429999067, 41.6231540001737], [-87.6183420000818, 41.6226469998726], [-87.6171179996931, 41.6226570001873], [-87.6122599995698, 41.622625000115], [-87.6098359999802, 41.6226149997954], [-87.6095349996813, 41.6190730001574], [-87.6087050003762, 41.6190470000399], [-87.6081119999993, 41.6171609998764], [-87.6082209997792, 41.61540300031], [-87.6074030001697, 41.6153479997607], [-87.5977129998624, 41.6153049999701], [-87.597727999931, 41.6116700003179], [-87.5976960001439, 41.6097080000347], [-87.5976719998545, 41.6072369997294], [-87.5922859996516, 41.6070150000175], [-87.5898059999855, 41.6077759996695], [-87.5887370003058, 41.6079959998725], [-87.5888179995983, 41.6111060001161], [-87.5887029999706, 41.6117400002991], [-87.588723999887, 41.6153890001747], [-87.5905070003174, 41.6153730000162], [-87.5933750003211, 41.6153469997503], [-87.594069000082, 41.6153409996874], [-87.5967730000541, 41.6153120000473], [-87.5971150003609, 41.6171219998831], [-87.5970929997213, 41.6218539999312], [-87.5965289996567, 41.622566000087], [-87.5948559997294, 41.6225759997427], [-87.587332999992, 41.61540300031], [-87.5806539998035, 41.6092159997172], [-87.5805099998634, 41.6094670001814], [-87.5791139999456, 41.608140000161], [-87.5753110001566, 41.6082379999682], [-87.5734299998169, 41.6082209999301], [-87.5751069999421, 41.6088579999181], [-87.5759050003584, 41.6131270001793], [-87.573496999764, 41.6131850000679], [-87.5751010000943, 41.6145509999683], [-87.5734340000148, 41.61548999974], [-87.5711379995734, 41.6154909997482], [-87.5705619998132, 41.6154929997646], [-87.5705579996153, 41.6149790002351], [-87.5711519998171, 41.6149810002673], [-87.5711469997942, 41.6142019998079], [-87.5698699997021, 41.6141950002819], [-87.5698680000523, 41.6146119999853], [-87.5693729995846, 41.6146150000507], [-87.5693769997826, 41.6155019998375], [-87.5686910004176, 41.6155029998455], [-87.5686889998694, 41.608241999779], [-87.5686880000445, 41.6059029997614], [-87.5756059997094, 41.60547899971], [-87.5759329999475, 41.6050919997926], [-87.5780050000829, 41.6070759997724], [-87.5779930003874, 41.6066929999371], [-87.5778410000514, 41.6047719998676], [-87.5777699999063, 41.603495999852], [-87.5779029999757, 41.6032189998875], [-87.578044000441, 41.6009500000868], [-87.5774850003993, 41.6009510003204], [-87.5773149996216, 41.5972989997875], [-87.5768390003189, 41.5944489999072], [-87.5730149997152, 41.5942220001928], [-87.5696150003323, 41.5929289997975], [-87.5698660004025, 41.5956270001123], [-87.5686830000216, 41.5966270001225], [-87.568635000341, 41.5966329999106], [-87.5670059998964, 41.5944629998843], [-87.5661969996094, 41.5940730000616], [-87.5661389998831, 41.5865079996723], [-87.563723999616, 41.5865000000438], [-87.5633410001997, 41.5828580000239], [-87.5632879995979, 41.5801459998527], [-87.5633429998495, 41.581138000173], [-87.5646900002618, 41.5792430001425], [-87.5685519996021, 41.5792469997345], [-87.5719870000434, 41.5792539996918], [-87.5734399998626, 41.5792579999551], [-87.573432000365, 41.578197000231], [-87.5734309996418, 41.5778689999831], [-87.5763439998512, 41.5778580001979], [-87.578253999605, 41.577784000067], [-87.5819540003601, 41.5778209998071], [-87.5886999995976, 41.5777199997402], [-87.5893289999595, 41.5777509999905], [-87.5916019999364, 41.5778340001103], [-87.5972779996692, 41.5783580003312], [-87.6022300004021, 41.5790420001678], [-87.6047360000075, 41.5793030000438], [-87.6072669997273, 41.5793639997855], [-87.6120570000785, 41.5793749999862], [-87.6138389997857, 41.5793779996741], [-87.614853999937, 41.5810340003072], [-87.6149819999836, 41.5813890003224], [-87.6150630001744, 41.5827340000044], [-87.6151359999694, 41.5836680000482], [-87.616982000149, 41.5863969998664], [-87.6274979995634, 41.5864059999667], [-87.6274890002409, 41.5836739996969], [-87.6286619996777, 41.5827909998208], [-87.6285319999813, 41.5827899999777], [-87.6275050001344, 41.5828329999362], [-87.6244749997491, 41.5828280000519], [-87.6244909996426, 41.5795630003159], [-87.6267179995887, 41.5794989997361], [-87.6267269998096, 41.5793150001518], [-87.6306009997437, 41.5787430001411], [-87.6337109995967, 41.5780210003051], [-87.6348599996423, 41.5771490003171], [-87.6359459999387, 41.5758879997819], [-87.6363099999868, 41.5736029997693], [-87.6363119996366, 41.5738300000752], [-87.6363839996067, 41.5823420001755], [-87.6363869999797, 41.58282099981], [-87.6358849998394, 41.5829200002804], [-87.635310999729, 41.5829219999625], [-87.6354739999356, 41.5846090000693], [-87.6326629998334, 41.5851989997256], [-87.6327590000929, 41.5863950002918], [-87.6317409995685, 41.5863990001127], [-87.6316860002152, 41.5900820003159], [-87.6330989998515, 41.5900759999189], [-87.633042999775, 41.5936590003174], [-87.6280189999703, 41.5936470001878], [-87.6280359996888, 41.5971050002987], [-87.6315539999707, 41.5970779997662], [-87.631768000231, 41.6009130001652], [-87.6333199997844, 41.6009089999001], [-87.6334300002876, 41.6010499998594], [-87.6331919997379, 41.601048000067], [-87.6331929995628, 41.6022349999775], [-87.6308760001033, 41.6027390002495], [-87.6299129998306, 41.6027450001411], [-87.6307570002776, 41.6042009998752], [-87.6341459997899, 41.6064729999927], [-87.6352830001399, 41.6072400001378], [-87.6365049999805, 41.6075089999206]]]}, "properties": {"OBJECTID": 2586, "ZCTA5": "60473", "DDA_CODE": "METRO16980M16980", "DDA_TYPE": "SA", "DDA_NAME": "Chicago-Joliet-Naperville, IL HUD Metro FMR Area"}}, {"type": "Feature", "id": 2695, "geometry": {"type": "Polygon", "coordinates": [[[-88.0137700000333, 41.6107059999709], [-88.0139199998211, 41.6127060000728], [-88.0109070000525, 41.62622799983], [-88.0108280004098, 41.6272630002638], [-88.0117499997764, 41.6347599997652], [-88.0085779999991, 41.6364120000359], [-88.0062039997399, 41.6361250001916], [-88.0062580001666, 41.6382959997515], [-88.0038810004326, 41.6383530001759], [-88.0039750001439, 41.6406690003294], [-88.0024829999666, 41.6419580002102], [-87.9992309998235, 41.642018999811], [-87.9817990003939, 41.6424239997123], [-87.9798169997719, 41.6425479998361], [-87.9798030004265, 41.638785000164], [-87.978056999806, 41.6388190002359], [-87.9752370003812, 41.6367380001824], [-87.9702140004015, 41.6374359997374], [-87.9703840002808, 41.6426569998778], [-87.9627710001318, 41.6428280001692], [-87.9590720000998, 41.642912000099], [-87.9507779997103, 41.6430989997093], [-87.9505950003105, 41.6431030000433], [-87.941166999944, 41.6433210000786], [-87.9314540000704, 41.6435349997409], [-87.9313639996588, 41.6400229996702], [-87.9247570003385, 41.6407780001929], [-87.9228120004247, 41.6401480000121], [-87.9216840002955, 41.6410180002401], [-87.9216469995872, 41.6399190000335], [-87.9216440001125, 41.6398260001968], [-87.92129199976, 41.6292509997205], [-87.9209200002143, 41.6292569998321], [-87.9115400004267, 41.6294090000111], [-87.9115040004417, 41.6283279998506], [-87.9112630004173, 41.6221760002171], [-87.91116100031, 41.6195350001355], [-87.9109989999283, 41.6148990002378], [-87.9107880000411, 41.6075789997151], [-87.9104809998944, 41.6004429998961], [-87.910460999803, 41.600301999954], [-87.9103450003503, 41.5981750001698], [-87.9104879995671, 41.5967060003101], [-87.91042099962, 41.5930819999608], [-87.9104109995742, 41.5927320001992], [-87.9103400003274, 41.5905060000829], [-87.9102959999465, 41.5887650002489], [-87.9101019997778, 41.5818609999606], [-87.9099000001114, 41.5775580001415], [-87.9098089998748, 41.5733379997499], [-87.9127730001379, 41.5744900001664], [-87.9198439999636, 41.5711280000579], [-87.9291230003672, 41.5709099999093], [-87.9336269995899, 41.57304200018], [-87.9345940000606, 41.5728459997093], [-87.9342979997846, 41.563494000182], [-87.9373530002843, 41.5634560001586], [-87.9395550001161, 41.5633760001423], [-87.9394759995751, 41.5607209997508], [-87.9432080001173, 41.560644999781], [-87.9431839998279, 41.5598479999414], [-87.9430509997585, 41.5560289997617], [-87.9624439998936, 41.555602000046], [-87.967261000009, 41.5554990003361], [-87.9840380000356, 41.5551139997977], [-87.9843090001973, 41.5551010002999], [-87.986916000085, 41.557688000085], [-87.9897849999136, 41.5622680001837], [-87.9943519997837, 41.5694519998253], [-87.9870519996291, 41.5696260001567], [-87.9873000002246, 41.5769220002515], [-87.9863429997996, 41.5769069998964], [-87.9811790002528, 41.5770050000927], [-87.9812600004437, 41.5788850000432], [-87.9777079998265, 41.5789610000613], [-87.9777620002532, 41.5807660002428], [-87.9778700002082, 41.5843410000597], [-87.977872999683, 41.5844180001939], [-87.9730520002679, 41.5844950002363], [-87.9731150000171, 41.5862919999469], [-87.9707149998186, 41.5873259997966], [-87.9707469996057, 41.5881640002113], [-87.9634790001364, 41.5883209999482], [-87.9636599998864, 41.5919900001793], [-87.9684760001769, 41.5918660002298], [-87.9684550002605, 41.5900280000823], [-87.971540999824, 41.5899819996735], [-87.9780340002398, 41.5894599998654], [-87.9779859996609, 41.5880320001926], [-87.9876669997474, 41.5878300002625], [-87.9877889999461, 41.5914789999661], [-87.9899410004475, 41.591423999848], [-87.9898950004167, 41.5895930000615], [-87.9925509998099, 41.5895349997925], [-87.9939929997585, 41.5876700000289], [-87.9940980002388, 41.5913149998541], [-87.9956120001575, 41.5912799998786], [-87.9974049997353, 41.5912390002672], [-87.9975439996525, 41.5912350000742], [-88.0004290002729, 41.5911679998297], [-88.0009670003982, 41.5911559999089], [-88.0007520003131, 41.584874000206], [-87.9979189995712, 41.5839219999192], [-88.0067829998731, 41.5837289996984], [-88.0069710001941, 41.5892930001001], [-88.0079920001932, 41.5909950001401], [-88.0082719996774, 41.5909880001118], [-88.0098600001141, 41.5943840003103], [-88.0109759996495, 41.5981449999254], [-88.012641999904, 41.6056589999898], [-88.0137700000333, 41.6107059999709]]]}, "properties": {"OBJECTID": 2695, "ZCTA5": "60491", "DDA_CODE": "METRO16980M16980", "DDA_TYPE": "SA", "DDA_NAME": "Chicago-Joliet-Naperville, IL HUD Metro FMR Area"}}, {"type": "Feature", "id": 2700, "geometry": {"type": "Polygon", "coordinates": [[[-88.2252630003356, 42.2789420000125], [-88.226518999613, 42.2798910002543], [-88.2233600002546, 42.2814209998667], [-88.2200310001185, 42.2819839998483], [-88.2100520001061, 42.2823260002732], [-88.2089859999012, 42.2820990002139], [-88.2107800002023, 42.2850409999257], [-88.2040840002953, 42.2850290002728], [-88.2033989998568, 42.2850280000801], [-88.2034349998419, 42.2877129997476], [-88.2042190000145, 42.2886620001277], [-88.2083299997751, 42.2886730002829], [-88.2084700004155, 42.2924509996948], [-88.2077020001364, 42.292734999715], [-88.2073980003628, 42.2922879999074], [-88.205549999635, 42.2929809999281], [-88.2058519997588, 42.2934200003225], [-88.2040320004168, 42.2941080002705], [-88.2035300002764, 42.2944119996769], [-88.2036370004065, 42.2996200000636], [-88.203617000315, 42.3032330000775], [-88.1988169999181, 42.303201999735], [-88.1988549995529, 42.3063269999691], [-88.1889969999144, 42.3062959998213], [-88.1890599996636, 42.2994240000899], [-88.1795600002253, 42.2993700000103], [-88.1793130003531, 42.2985899998966], [-88.1792430000329, 42.2921710000404], [-88.1792510004289, 42.2878239996957], [-88.1797929998538, 42.2848880001921], [-88.1797979998767, 42.2846729997823], [-88.1812619995666, 42.2840719999902], [-88.1797390003255, 42.2840600001527], [-88.1792730001702, 42.2812140002861], [-88.179098000268, 42.2776389996893], [-88.1839639998889, 42.277681999712], [-88.1839299995537, 42.2745010002262], [-88.1838740003755, 42.2668029999248], [-88.1832950002423, 42.2665079999692], [-88.1799159998775, 42.2644049997143], [-88.1789640003737, 42.2640579997878], [-88.1789600001757, 42.2624249999196], [-88.1813479997803, 42.2622889998958], [-88.1807489995556, 42.260175000044], [-88.1822709998701, 42.2589480002834], [-88.1842020004386, 42.2582450000458], [-88.1852340003083, 42.2567029998898], [-88.1870389995818, 42.2558709999056], [-88.1916099996499, 42.2541680002435], [-88.1917510001152, 42.2563050003143], [-88.193880000152, 42.2572919997859], [-88.195347000215, 42.257356999671], [-88.1968560001107, 42.2585719997693], [-88.1983309996713, 42.2582329999443], [-88.198376999702, 42.2596449997481], [-88.200616000242, 42.2596670002153], [-88.2032359996502, 42.2596709999367], [-88.2048080001935, 42.2596950002548], [-88.2080589996134, 42.2597289998587], [-88.2080569999636, 42.2603000001859], [-88.2097829995943, 42.2605559998892], [-88.2097459997844, 42.2631850002839], [-88.2165890000045, 42.2635759999053], [-88.2177890001037, 42.2672400003076], [-88.2191030000058, 42.2678739998327], [-88.2202420000057, 42.2691120003022], [-88.2205039999465, 42.2681119997048], [-88.2216990000229, 42.269634999723], [-88.2222460003691, 42.2706970002487], [-88.2227950003651, 42.2755330001946], [-88.2252630003356, 42.2789420000125]]]}, "properties": {"OBJECTID": 2700, "ZCTA5": "60042", "DDA_CODE": "METRO16980M16980", "DDA_TYPE": "SA", "DDA_NAME": "Chicago-Joliet-Naperville, IL HUD Metro FMR Area"}}, {"type": "Feature", "id": 2701, "geometry": {"type": "Polygon", "coordinates": [[[-88.2060860001105, 41.7559540002773], [-88.2060490003006, 41.7622649999303], [-88.2060429995545, 41.7624150002119], [-88.2056480004426, 41.7702350003217], [-88.2055809995971, 41.7778789996763], [-88.1876550004232, 41.778362999855], [-88.1869690001599, 41.7787069998762], [-88.184808000336, 41.7787639998728], [-88.1843189997161, 41.7787779999935], [-88.1782260002318, 41.7789449997144], [-88.170170000392, 41.7791620002945], [-88.1668810004389, 41.7792509998354], [-88.1589760002118, 41.7794640001546], [-88.1543249997777, 41.779589000286], [-88.1531990001966, 41.7796189997722], [-88.1471519998447, 41.7797780002311], [-88.146744000314, 41.7795429998855], [-88.1460420001572, 41.7795460003058], [-88.1451640002732, 41.7798310000732], [-88.1448660003473, 41.7795780000913], [-88.1390490001492, 41.7799189998911], [-88.1375000000705, 41.7799620002911], [-88.137488000375, 41.7800420002108], [-88.1334670001277, 41.780153000068], [-88.1320529997682, 41.7803589998491], [-88.1300900003111, 41.7805220003125], [-88.1284750001101, 41.7808320000875], [-88.1284319995541, 41.7808409998274], [-88.1240250004158, 41.7821619998987], [-88.1151979999238, 41.7865039999495], [-88.1122730000188, 41.7880179997122], [-88.1103160004094, 41.7890269997868], [-88.1052630002924, 41.791617000281], [-88.1034449997019, 41.7923620002299], [-88.1032720003479, 41.7924210000222], [-88.1023269996184, 41.7927029996867], [-88.1002539996581, 41.7931319997753], [-88.0999309996179, 41.793188999674], [-88.0999470004097, 41.7929830002589], [-88.1006870002014, 41.7928590000511], [-88.0998469999523, 41.7926520003095], [-88.100041999946, 41.7892160000443], [-88.1002310000919, 41.7866509997315], [-88.100446000177, 41.7839440000021], [-88.0990650003278, 41.7833289999753], [-88.0988379996488, 41.7816239998253], [-88.1042899999739, 41.780414000134], [-88.1075620002086, 41.7796270002134], [-88.107430999789, 41.7758479999912], [-88.1073909996061, 41.7747989996824], [-88.1096600002833, 41.7744010003215], [-88.1100080004378, 41.7732419997937], [-88.1102090002793, 41.7724209998026], [-88.1107830003896, 41.7701229997612], [-88.1120279997964, 41.7684919999675], [-88.1122129997443, 41.7681270001201], [-88.1128270000377, 41.765593000139], [-88.1097489999717, 41.7656969997301], [-88.1097470003219, 41.7655800001783], [-88.1091770004095, 41.763411000049], [-88.1090710001043, 41.76102899978], [-88.109041999792, 41.7604509999268], [-88.1090109998299, 41.7597939997234], [-88.103696999597, 41.7599040000008], [-88.1039069996593, 41.7593869996707], [-88.1038339998643, 41.7556350002937], [-88.1038299996664, 41.7555190003331], [-88.0989649998704, 41.7562400001624], [-88.0989720004414, 41.7563649999838], [-88.0991449997954, 41.7596569998391], [-88.0986369998073, 41.7610110000996], [-88.0981099995526, 41.7632549997313], [-88.0979570002901, 41.7632630002035], [-88.0977620002964, 41.7640280002133], [-88.0965300004101, 41.7641099999981], [-88.0903569996615, 41.7647879999721], [-88.0902279997901, 41.7638119997393], [-88.0864159997802, 41.7638580000315], [-88.0862879997337, 41.7638740001545], [-88.0852750001305, 41.7639070001025], [-88.0830840001694, 41.7639530003266], [-88.0821469998359, 41.7638720000556], [-88.0822070001103, 41.7654559999049], [-88.0787750000421, 41.7654499997559], [-88.0783049996888, 41.7640650002681], [-88.0768850003798, 41.7598670002271], [-88.0783049996888, 41.7595989998342], [-88.0777110003853, 41.7578889997033], [-88.0751940000109, 41.7584739997794], [-88.0751360002846, 41.7584869998396], [-88.0722980004182, 41.7591379999529], [-88.0713200000768, 41.7593679997451], [-88.0700110001976, 41.759677000129], [-88.065167000318, 41.7607969997154], [-88.065023000378, 41.7599759999342], [-88.0648519997754, 41.7570870001814], [-88.0600339998351, 41.7572069999319], [-88.0592530000355, 41.7572439998991], [-88.0592079998297, 41.7560219999344], [-88.0645620002455, 41.7531209998563], [-88.0642490002511, 41.7507609998665], [-88.0639370000815, 41.7499250000602], [-88.0640719998007, 41.7499210003332], [-88.0662500002414, 41.7498699997706], [-88.0693130002387, 41.749797999893], [-88.0742859999897, 41.7494220002627], [-88.0759449996733, 41.7493079996795], [-88.0781809998402, 41.7492829998008], [-88.0840549999398, 41.7494150000152], [-88.086934999639, 41.7493680001528], [-88.0888979999945, 41.7493220001971], [-88.0889110004133, 41.7495990000439], [-88.0911989995604, 41.7495530002537], [-88.0912859995991, 41.7509850000302], [-88.0939100001036, 41.7509329997268], [-88.0938099996462, 41.7492139997635], [-88.0947210000404, 41.7491950001773], [-88.098759000006, 41.7491269999896], [-88.1011709999001, 41.7490730003017], [-88.1012210001288, 41.7502290000309], [-88.1036670003581, 41.7509610000501], [-88.1035970000379, 41.7490199998441], [-88.1071799997189, 41.7489410000544], [-88.1072399999933, 41.7506519999229], [-88.1098410000333, 41.7505820000952], [-88.1096050000317, 41.7488819998002], [-88.1150980003647, 41.7487440001298], [-88.1194169996395, 41.7486389999196], [-88.1239290001564, 41.7485190002351], [-88.1249879997903, 41.7484920001412], [-88.1286550000352, 41.7481170001938], [-88.1298660000051, 41.7483690003141], [-88.1303120000689, 41.7483619999518], [-88.1350139996583, 41.7482770002785], [-88.139203000135, 41.7482140002508], [-88.1476919996199, 41.748005999859], [-88.1524009997803, 41.747910000121], [-88.1574649997679, 41.747805999852], [-88.157824999618, 41.7477990000985], [-88.1604790002597, 41.7477479998607], [-88.1662880000619, 41.7476360002609], [-88.1672529999845, 41.7476180001754], [-88.1865220002711, 41.7473940003269], [-88.196256999886, 41.7472979996738], [-88.2060750002399, 41.7472449997614], [-88.2060590003463, 41.75325800029], [-88.2060459999276, 41.7534460002037], [-88.2060860001105, 41.7559540002773]]]}, "properties": {"OBJECTID": 2701, "ZCTA5": "60540", "DDA_CODE": "METRO16980M16980", "DDA_TYPE": "SA", "DDA_NAME": "Chicago-Joliet-Naperville, IL HUD Metro FMR Area"}}, {"type": "Feature", "id": 2759, "geometry": {"type": "Polygon", "coordinates": [[[-87.9255399997879, 42.2157110000907], [-87.9254729998408, 42.221113999868], [-87.925462999795, 42.222357000167], [-87.9254619999701, 42.2232569997364], [-87.9202180000574, 42.2231339997161], [-87.9201140003004, 42.2288979999329], [-87.9156799996013, 42.2293410000462], [-87.9117010000852, 42.2292200000671], [-87.9115760004117, 42.2326249997253], [-87.9150410000919, 42.2326890000617], [-87.9157940003024, 42.2355040001822], [-87.9157440000737, 42.2401799998232], [-87.9152140003443, 42.2401769997701], [-87.9172079997636, 42.2414469997469], [-87.9174670002297, 42.2445540000218], [-87.9211050001622, 42.246364999979], [-87.9218800001141, 42.2476789997482], [-87.915400999942, 42.2477059996705], [-87.915364999957, 42.251057999825], [-87.9153449998655, 42.2528750001403], [-87.9152750004436, 42.2583329998332], [-87.9056360001899, 42.2583199997967], [-87.9056789998476, 42.2560360001325], [-87.9055309997096, 42.2560360001325], [-87.9054610002877, 42.2619019998508], [-87.9054529998918, 42.2633550000126], [-87.9054189995566, 42.2665049998386], [-87.905407999686, 42.2673760002879], [-87.9053900001426, 42.2692049997729], [-87.9053380002641, 42.2754870003317], [-87.9053099997767, 42.278198999992], [-87.9053049997538, 42.2786519998491], [-87.9052880000354, 42.2800190000047], [-87.8954630000088, 42.2799989998739], [-87.8954630000088, 42.2796559998331], [-87.8956520001547, 42.2791460002171], [-87.8962069999985, 42.2779130002906], [-87.8917570003042, 42.261844999829], [-87.8891100002335, 42.2618249999141], [-87.8859090001439, 42.2617949996975], [-87.8857190001731, 42.276311000043], [-87.8856420001802, 42.2798289998351], [-87.8785360001944, 42.2797190000348], [-87.8760740000716, 42.2763429999952], [-87.8722739997573, 42.2688949996743], [-87.8558880004413, 42.2687570000749], [-87.85120699987, 42.2687510000277], [-87.8446490000553, 42.2686929997632], [-87.8440859998156, 42.2686859999225], [-87.836171000441, 42.2686049998102], [-87.8280467376228, 42.2685479998657], [-87.8257459087367, 42.2624948390392], [-87.8257110002048, 42.2624029997499], [-87.8228889032138, 42.2575083535419], [-87.8195890004081, 42.2517849997271], [-87.8183192506186, 42.2483232768651], [-87.8164815077531, 42.2433130315151], [-87.8161297140131, 42.2423539347438], [-87.8151577988595, 42.2397041966675], [-87.8122669996139, 42.2318229999439], [-87.8119730268355, 42.2305052018361], [-87.8115472298824, 42.2285964762322], [-87.8115150001266, 42.2284520000913], [-87.808331801951, 42.2242030790007], [-87.8096200004415, 42.224823000189], [-87.8145730001011, 42.2253860000621], [-87.8161749998832, 42.2245420002764], [-87.8207479996012, 42.2253969999517], [-87.825597000402, 42.2259200000509], [-87.8275990002172, 42.227184000234], [-87.8278109999293, 42.2274690001284], [-87.8277830003402, 42.2264139998502], [-87.8276069997148, 42.2261760002625], [-87.8269949999696, 42.2253519999073], [-87.8215779998045, 42.2180480000613], [-87.8217660001255, 42.2180480000613], [-87.8219219997611, 42.2180480000613], [-87.8240530003461, 42.2180759999463], [-87.8275859997984, 42.2180660000363], [-87.8279709997629, 42.2180599998234], [-87.837334999657, 42.2180049999523], [-87.8421760000618, 42.2180300000811], [-87.842202999826, 42.2145690000809], [-87.8421819999096, 42.2123709999818], [-87.8447019997587, 42.2108699999709], [-87.8469649996898, 42.2107880000887], [-87.8469859996062, 42.2035819997124], [-87.8518699996688, 42.2036320000659], [-87.8617979996275, 42.2037139999213], [-87.8646470002629, 42.2037259997452], [-87.8868699998686, 42.2037210003179], [-87.8868790000894, 42.2008540001954], [-87.8868809997392, 42.2002340000922], [-87.8889760003392, 42.2002519998203], [-87.890592000365, 42.2037269998968], [-87.8909510003902, 42.2037280000483], [-87.8914960001883, 42.2048509998911], [-87.8914950003634, 42.2037290001999], [-87.8963479995655, 42.2037420001722], [-87.8964129998628, 42.2003159996993], [-87.9021029998393, 42.2003600000776], [-87.906145000003, 42.2003979998655], [-87.9111620001349, 42.2004480000768], [-87.9126300000228, 42.2014359997326], [-87.9126350000456, 42.2025460001715], [-87.9158610002496, 42.2057309996931], [-87.9134040001497, 42.2056800002146], [-87.9133840000582, 42.2075069999251], [-87.9123329999218, 42.2093040001333], [-87.9114750001294, 42.2092889998477], [-87.9109000001941, 42.2110900000704], [-87.9122209997688, 42.2117710002754], [-87.9155690001715, 42.2112140002969], [-87.9182079998463, 42.2113209997494], [-87.918298000258, 42.2103290001209], [-87.9207729999012, 42.2103819999309], [-87.9208330001757, 42.213741999962], [-87.9220890003514, 42.2137819996698], [-87.9220359997497, 42.2155850001162], [-87.9255399997879, 42.2157110000907]], [[-87.9109350003542, 42.2083869999922], [-87.9109500004228, 42.2070379997451], [-87.9060379998728, 42.2069529999101], [-87.90603299985, 42.2073890003026], [-87.9029439999134, 42.2073950001986], [-87.9029239998219, 42.2090390001083], [-87.9060200003295, 42.2086060000153], [-87.9060229998042, 42.2082960001664], [-87.9109350003542, 42.2083869999922]], [[-87.9105219999023, 42.2146709999464], [-87.9109000001941, 42.2110900000704], [-87.9069979997726, 42.2110249997578], [-87.90599600004, 42.2104870000383], [-87.9059950002151, 42.2110629997849], [-87.9016979997834, 42.2113360002177], [-87.9011179998253, 42.2116320000825], [-87.9012059996888, 42.2061539997304], [-87.8997479998467, 42.2061630000826], [-87.8941509997566, 42.2103320002619], [-87.8956139996216, 42.2135189997954], [-87.8967059997658, 42.2155149999479], [-87.8990120002529, 42.2160390000281], [-87.8990010003823, 42.2146340000729], [-87.9059740002987, 42.2146230003042], [-87.9059630004281, 42.2154510001633], [-87.9059359997656, 42.2182149999281], [-87.910829000049, 42.2183230000809], [-87.9108669996838, 42.2144220002003], [-87.9105219999023, 42.2146709999464]]]}, "properties": {"OBJECTID": 2759, "ZCTA5": "60045", "DDA_CODE": "METRO16980M16980", "DDA_TYPE": "SA", "DDA_NAME": "Chicago-Joliet-Naperville, IL HUD Metro FMR Area"}}, {"type": "Feature", "id": 2760, "geometry": {"type": "Polygon", "coordinates": [[[-88.2676580002262, 41.9862949997346], [-88.2679660001978, 41.9923950000181], [-88.2643230002423, 41.9924620001442], [-88.2643459998085, 41.9936160001655], [-88.2629220003016, 41.9936160001655], [-88.2630980000287, 42.0050289997952], [-88.2631390000366, 42.008280999905], [-88.2584769997319, 42.0083600001417], [-88.2584819997547, 42.0054010000403], [-88.2488009996682, 42.0058819996665], [-88.2469910003719, 42.0061720002762], [-88.2475550004365, 41.9939149997486], [-88.2431609999204, 41.9939929996702], [-88.2377739998926, 41.994093999709], [-88.2376719997854, 41.9868170000416], [-88.2369029996813, 41.986837000155], [-88.2369029996813, 41.9868030000253], [-88.2344790000917, 41.9869020003132], [-88.2324489997891, 41.9869539999913], [-88.2322660003893, 41.9869570000357], [-88.2313829995841, 41.9866460002513], [-88.2287079999243, 41.9867049998248], [-88.2283689999906, 41.9870310001943], [-88.2278119995987, 41.9870420001203], [-88.2278130003219, 41.9910330002434], [-88.2278640003756, 41.9942690000115], [-88.2307769996867, 41.994220000002], [-88.2367269999542, 41.9941150003315], [-88.236620999649, 41.9945300000533], [-88.2364890003029, 41.9959769999435], [-88.2353650003716, 42.0014979998254], [-88.2275029998022, 42.0015749997914], [-88.2279100004063, 42.0016300001869], [-88.2294889997239, 42.0018890000753], [-88.2331600001668, 42.0031359998868], [-88.2334270001305, 42.0032499998596], [-88.2349000000412, 42.0042450001735], [-88.2329159997693, 42.012896000026], [-88.232822000058, 42.013450999858], [-88.2289919996065, 42.013364000024], [-88.2285179999536, 42.0089189997395], [-88.2261889999002, 42.0088679998772], [-88.225644999927, 42.0107629998333], [-88.2254180001463, 42.0150900003214], [-88.2248930004398, 42.0150410003267], [-88.2207319995522, 42.0149470000815], [-88.2196989998575, 42.0145620001476], [-88.2181809997409, 42.0133529999752], [-88.2172869999634, 42.0128619998007], [-88.2132680002643, 42.0117790002524], [-88.2118720003465, 42.0112289997947], [-88.2097070003247, 42.0104220001763], [-88.2086059999596, 42.0100509997964], [-88.2076159999226, 42.0097180000325], [-88.2063070000435, 42.0092780000744], [-88.2031970001905, 42.0082090002292], [-88.203181000297, 42.0089090001493], [-88.2031670000533, 42.0098839998601], [-88.2031949996423, 42.0128139999229], [-88.1984749996113, 42.0128250000649], [-88.1984090003874, 42.0111230002983], [-88.1938590002356, 42.0111710001173], [-88.1938659999084, 42.0096710003323], [-88.1951289997568, 42.0096919998192], [-88.1951410003507, 42.0094300000035], [-88.1948190001354, 42.0076820002503], [-88.1946440002332, 42.0059960000593], [-88.1931649995764, 42.0057789997625], [-88.1924340000055, 42.0060649997586], [-88.1898730001485, 42.0060270001366], [-88.1887430003695, 42.0060270001366], [-88.1866539996173, 42.0058270002764], [-88.1847580001073, 42.0059339998593], [-88.1839000003148, 42.0059410001002], [-88.1839060001626, 42.0035609999589], [-88.1838269996216, 42.0035429997134], [-88.1812740001605, 42.0029659998641], [-88.180332999629, 42.0027429999781], [-88.1786089996481, 42.0023630002517], [-88.1782429999502, 42.0022829999148], [-88.1752000000444, 42.0023670002326], [-88.1753869996422, 42.0019210001533], [-88.1754939997723, 42.0016510003254], [-88.1742459999925, 42.0013330001566], [-88.1741289998166, 41.9989300000898], [-88.1741160002961, 41.9968790003329], [-88.1741830002433, 41.9950429999398], [-88.1659480003033, 41.9952180003035], [-88.1626910001372, 41.9934089997339], [-88.159996000386, 41.9919610000545], [-88.1598709998142, 41.9893340003033], [-88.1598790002101, 41.9879119998421], [-88.1595720000634, 41.9879190000625], [-88.1602309996643, 41.9872509996887], [-88.1602780004183, 41.9809499997203], [-88.1602879995657, 41.9803770000652], [-88.151941000371, 41.9803240000161], [-88.1501460002451, 41.9792959998879], [-88.1501520000928, 41.9788499997374], [-88.1501939999256, 41.9754460002845], [-88.1502869998121, 41.9737000002263], [-88.1529000004459, 41.9737090002288], [-88.1562699996915, 41.9737019997817], [-88.1573810001023, 41.97372700023], [-88.1575390002861, 41.971945999945], [-88.1580189997868, 41.9719809997984], [-88.1580199996117, 41.9719469997503], [-88.158084999909, 41.9673590000548], [-88.1580980003278, 41.9663330001668], [-88.1621580000348, 41.9663770001352], [-88.1621620002327, 41.9660669999229], [-88.1622659999898, 41.959061999953], [-88.1609959995703, 41.9590589999304], [-88.161054000195, 41.9517749998421], [-88.161819000101, 41.9517780002075], [-88.1647199997167, 41.9517979999674], [-88.1669140000508, 41.9517149998537], [-88.1647320003105, 41.9510979999585], [-88.1647349997853, 41.9509650002436], [-88.1647709997703, 41.9488840003272], [-88.1648479997632, 41.9444100000117], [-88.1674329999096, 41.9443559998659], [-88.1673199999317, 41.9418579999749], [-88.1690459995624, 41.9420720001799], [-88.1729339997402, 41.9428049997288], [-88.1732080002749, 41.9414499997486], [-88.1738090001495, 41.9383869997087], [-88.1744409999861, 41.9368729998574], [-88.1746510000484, 41.9347360000066], [-88.1698070001688, 41.9348339999743], [-88.1698189998644, 41.9334779999498], [-88.1698230000623, 41.9328440002179], [-88.1707429997791, 41.9329190001743], [-88.1746769999877, 41.9328280001979], [-88.1746979999041, 41.9295639997539], [-88.1795579996772, 41.9297400000707], [-88.1824380002747, 41.9297620003268], [-88.1816330001857, 41.9332640003085], [-88.1799400001669, 41.9356160002271], [-88.1795910001875, 41.9368709998144], [-88.1798470002805, 41.9385180002806], [-88.1811579998095, 41.9386239997354], [-88.1810039998237, 41.9438919998961], [-88.1810039998237, 41.9445419998043], [-88.1818680003623, 41.9454959999901], [-88.1822669996722, 41.9473260000972], [-88.1840690003692, 41.9484520001351], [-88.1842280003779, 41.9500749999022], [-88.1890529999909, 41.9500400000402], [-88.1890759995571, 41.9483110001718], [-88.1902370001966, 41.9474609997661], [-88.1902830002274, 41.9438420002968], [-88.1915750003881, 41.9438360001552], [-88.1939570001449, 41.9438220000453], [-88.1939670001907, 41.9427039998585], [-88.1952660000241, 41.9417569999409], [-88.1952400000849, 41.9438120002512], [-88.1995860000221, 41.943899999855], [-88.2036120002922, 41.9454249996744], [-88.2036159995918, 41.9439249999709], [-88.2012010002231, 41.9439340001706], [-88.2012220001394, 41.9421099998914], [-88.2083699999581, 41.9419759998582], [-88.2085070002254, 41.941997999903], [-88.2084250002096, 41.9438289997665], [-88.2084240003847, 41.9438479997697], [-88.2124589999773, 41.9437829997705], [-88.2125219997265, 41.9458650000469], [-88.211223999718, 41.945887000086], [-88.2112510003805, 41.9470090000328], [-88.2132699999141, 41.9469949999515], [-88.2132540000206, 41.9482329997453], [-88.2131960002943, 41.9507000001199], [-88.2180850003798, 41.950649999847], [-88.2181249996644, 41.9469960001483], [-88.2229710000922, 41.9477109998828], [-88.2228830002286, 41.9577270000387], [-88.2228620003122, 41.9644559996746], [-88.222860999589, 41.9646229999265], [-88.2258409997456, 41.9655210000911], [-88.2254380002378, 41.9648859997717], [-88.2361529998439, 41.9679900003012], [-88.2369420000394, 41.9690849999372], [-88.2370209996821, 41.9759490002694], [-88.2381780001237, 41.9761129998902], [-88.2393589999563, 41.9762570003331], [-88.2401609996723, 41.9689930002969], [-88.2539209997324, 41.9724349996849], [-88.2628219998442, 41.9747240001472], [-88.2628410001108, 41.97699500008], [-88.2628479997835, 41.9777639997776], [-88.2628789997456, 41.9782679998594], [-88.2628760002709, 41.98243500019], [-88.262875000446, 41.9863780002103], [-88.2676580002262, 41.9862949997346]]]}, "properties": {"OBJECTID": 2760, "ZCTA5": "60103", "DDA_CODE": "METRO16980M16980", "DDA_TYPE": "SA", "DDA_NAME": "Chicago-Joliet-Naperville, IL HUD Metro FMR Area"}}, {"type": "Feature", "id": 2761, "geometry": {"type": "MultiPolygon", "coordinates": [[[[-87.9109000001941, 42.2110900000704], [-87.9105219999023, 42.2146709999464], [-87.9108669996838, 42.2144220002003], [-87.910829000049, 42.2183230000809], [-87.9059359997656, 42.2182149999281], [-87.9059630004281, 42.2154510001633], [-87.9059740002987, 42.2146230003042], [-87.8990010003823, 42.2146340000729], [-87.8990120002529, 42.2160390000281], [-87.8967059997658, 42.2155149999479], [-87.8956139996216, 42.2135189997954], [-87.8941509997566, 42.2103320002619], [-87.8997479998467, 42.2061630000826], [-87.9012059996888, 42.2061539997304], [-87.9011179998253, 42.2116320000825], [-87.9016979997834, 42.2113360002177], [-87.9059950002151, 42.2110629997849], [-87.90599600004, 42.2104870000383], [-87.9069979997726, 42.2110249997578], [-87.9109000001941, 42.2110900000704]]], [[[-87.9109500004228, 42.2070379997451], [-87.9109350003542, 42.2083869999922], [-87.9060229998042, 42.2082960001664], [-87.9060200003295, 42.2086060000153], [-87.9029239998219, 42.2090390001083], [-87.9029439999134, 42.2073950001986], [-87.90603299985, 42.2073890003026], [-87.9060379998728, 42.2069529999101], [-87.9109500004228, 42.2070379997451]]], [[[-87.9521510000619, 42.1608130002058], [-87.9507700002127, 42.1644510001642], [-87.9458200000279, 42.1644190000541], [-87.9458069996091, 42.165530000126], [-87.9410509995931, 42.1659030000342], [-87.9409870000189, 42.1680719998254], [-87.9393950002825, 42.164403999768], [-87.9387090000192, 42.1628429997384], [-87.9397380004142, 42.1628310001432], [-87.9409639995544, 42.1627900000105], [-87.9415820000457, 42.1627920002775], [-87.9416280000765, 42.1607610002748], [-87.9507529995959, 42.1608320000034], [-87.9521510000619, 42.1608130002058]]], [[[-87.9543570000917, 42.1959129999791], [-87.9542209996492, 42.1960169999028], [-87.9541649995727, 42.1959099998188], [-87.9543570000917, 42.1959129999791]]], [[[-87.9615020004355, 42.197869000318], [-87.9615069995601, 42.1984299997819], [-87.9587540000825, 42.1984159998119], [-87.9567849998792, 42.1998589999323], [-87.9566040001293, 42.1990790001641], [-87.9561990000733, 42.1991159998323], [-87.9544190000159, 42.1957330000906], [-87.9553079997706, 42.1957360002593], [-87.9601850001605, 42.1958469997467], [-87.960160999871, 42.197869000318], [-87.9615020004355, 42.197869000318]]], [[[-87.9653189995699, 42.1826749999613], [-87.9653110000724, 42.1854309998164], [-87.9651789998279, 42.1854240000561], [-87.964925000283, 42.1854249998317], [-87.9602989999633, 42.1854420000086], [-87.960309000009, 42.1844910001602], [-87.955588000153, 42.1841259997345], [-87.9554419996649, 42.1836129997175], [-87.9505020004241, 42.1853829999233], [-87.9503169995779, 42.1876729999222], [-87.9500799997514, 42.1876690002962], [-87.951264999782, 42.1899509997255], [-87.9428669996354, 42.1898910001499], [-87.9428619996126, 42.1903619998799], [-87.9428619996126, 42.190831999738], [-87.9434070003089, 42.1910369997711], [-87.9435350003555, 42.1951540001337], [-87.9430239999943, 42.1966969999472], [-87.9514969995856, 42.1957869997782], [-87.9515040001566, 42.1959330001569], [-87.951489000088, 42.1971960000286], [-87.953681999699, 42.1976540000029], [-87.9538180001414, 42.1979269998196], [-87.9548220004221, 42.1976529997552], [-87.9549400004229, 42.1976220000545], [-87.9551760004244, 42.1980649999802], [-87.95515100031, 42.1983289998818], [-87.9551620001807, 42.1984299997819], [-87.9551649996554, 42.1988899999204], [-87.9551680000285, 42.1992000000057], [-87.9552259997548, 42.2044659997832], [-87.9550850001878, 42.2044659997832], [-87.9550869998376, 42.2080939998068], [-87.9508739999698, 42.2081189998666], [-87.9504849998074, 42.2082649996986], [-87.9476340004205, 42.2054819999703], [-87.9432399999043, 42.2057080002595], [-87.9409019996301, 42.2043450000442], [-87.9398000003385, 42.2031089996933], [-87.93929599965, 42.2022859999531], [-87.9392270000531, 42.2016130001238], [-87.9387740003165, 42.2013199997975], [-87.9380079996872, 42.2011820000907], [-87.937540999707, 42.2012630002734], [-87.9372069997961, 42.2015249997507], [-87.9369120002434, 42.2015420002558], [-87.9363620004225, 42.2012639997985], [-87.935461000074, 42.2012910002796], [-87.933152999937, 42.2009269998974], [-87.9332630004401, 42.2016710001818], [-87.9330459998069, 42.2067959999064], [-87.9331339996704, 42.2071630000383], [-87.9331439997161, 42.2071990001994], [-87.9331510002871, 42.2072239999479], [-87.932166000273, 42.2072340002438], [-87.9322149997786, 42.2090729997318], [-87.9337870003218, 42.2101169997708], [-87.9350750002846, 42.2146590002055], [-87.9364489995628, 42.2175440000084], [-87.9359380000999, 42.2180750000219], [-87.9319939998456, 42.2185069998172], [-87.9330459998069, 42.2193359998838], [-87.9334480003881, 42.2198490000029], [-87.9354689995716, 42.2215589997927], [-87.9351449997065, 42.2215550003156], [-87.9254729998408, 42.221113999868], [-87.9255399997879, 42.2157110000907], [-87.9220359997497, 42.2155850001162], [-87.9220890003514, 42.2137819996698], [-87.9208330001757, 42.213741999962], [-87.9207729999012, 42.2103819999309], [-87.918298000258, 42.2103290001209], [-87.9182079998463, 42.2113209997494], [-87.9155690001715, 42.2112140002969], [-87.9122209997688, 42.2117710002754], [-87.9109000001941, 42.2110900000704], [-87.9114750001294, 42.2092889998477], [-87.9123329999218, 42.2093040001333], [-87.9133840000582, 42.2075069999251], [-87.9134040001497, 42.2056800002146], [-87.9158610002496, 42.2057309996931], [-87.9126350000456, 42.2025460001715], [-87.9126300000228, 42.2014359997326], [-87.9111620001349, 42.2004480000768], [-87.906145000003, 42.2003979998655], [-87.9021029998393, 42.2003600000776], [-87.8964129998628, 42.2003159996993], [-87.8963479995655, 42.2037420001722], [-87.8914950003634, 42.2037290001999], [-87.8914960001883, 42.2048509998911], [-87.8909510003902, 42.2037280000483], [-87.890592000365, 42.2037269998968], [-87.8889760003392, 42.2002519998203], [-87.8868809997392, 42.2002340000922], [-87.8869479996864, 42.1984770001811], [-87.8868969996327, 42.1976710002186], [-87.8867750003323, 42.1966439999698], [-87.8842010000566, 42.1929400001852], [-87.8868249996627, 42.192952999715], [-87.886826000386, 42.1928720001947], [-87.8868320002337, 42.1924189998294], [-87.8868389999064, 42.1919449997707], [-87.8868530001501, 42.1910080001932], [-87.8941469995586, 42.1913160003097], [-87.8965710000466, 42.1919560001606], [-87.8970740000118, 42.1910570001609], [-87.8976000004416, 42.1892399998284], [-87.898562999816, 42.1892460001166], [-87.8985240003563, 42.1910660000014], [-87.9061719997671, 42.1911330002529], [-87.9062189996228, 42.1892889998355], [-87.9063750001567, 42.1892900002155], [-87.9064029997458, 42.1870430001338], [-87.9015260002543, 42.1870149998052], [-87.9015479999956, 42.1856549997231], [-87.8991140003602, 42.1856410002513], [-87.8991810003073, 42.1820199999], [-87.9019239997392, 42.1820359998319], [-87.9031339998842, 42.1820410003091], [-87.9032219997477, 42.1787949996985], [-87.9058670001686, 42.1807620002329], [-87.9064789999138, 42.1822010000588], [-87.9149690001219, 42.1827009999122], [-87.9188740000181, 42.1833759997325], [-87.9206089998697, 42.1820439997964], [-87.9251580001965, 42.1813070003205], [-87.9258810002698, 42.1808309997855], [-87.9248519998747, 42.1778249997118], [-87.9311939997795, 42.1782099996927], [-87.9331730000284, 42.1788250000991], [-87.9326220003826, 42.1814519996931], [-87.9354870000132, 42.1818340000613], [-87.9403700002509, 42.1824740000574], [-87.9410079999354, 42.1825620003324], [-87.9431550004139, 42.1826410001119], [-87.9432700000416, 42.1783689999294], [-87.9409219997216, 42.1783109997889], [-87.9410940001491, 42.1770939997683], [-87.9429639997198, 42.1762800000484], [-87.9432819997371, 42.1762620001505], [-87.9439210001448, 42.1753590002488], [-87.9474899995821, 42.1826789999033], [-87.9477320003298, 42.1826810002069], [-87.9478839997674, 42.1826820000259], [-87.9541040003717, 42.1826539997628], [-87.9554579995584, 42.1826450000559], [-87.9554910000687, 42.1790100002581], [-87.9574619999218, 42.1790150003088], [-87.9585940002489, 42.1790129998891], [-87.9603530003899, 42.1790120000121], [-87.9603380003213, 42.180967000304], [-87.9628499997745, 42.1826670000767], [-87.9653189995699, 42.1826749999613]]]]}, "properties": {"OBJECTID": 2761, "ZCTA5": "60069", "DDA_CODE": "METRO16980M16980", "DDA_TYPE": "SA", "DDA_NAME": "Chicago-Joliet-Naperville, IL HUD Metro FMR Area"}}, {"type": "Feature", "id": 2833, "geometry": {"type": "Polygon", "coordinates": [[[-87.7069320001772, 41.9073810000883], [-87.7069999999493, 41.9098549998369], [-87.7068769999256, 41.9101470000924], [-87.7033689996894, 41.9101769999285], [-87.7018659996415, 41.9101720000683], [-87.7017259998994, 41.909230999869], [-87.7012420002007, 41.9077050002457], [-87.7021920000547, 41.9034930003155], [-87.6990169999044, 41.9032470002246], [-87.6982529998232, 41.9033850002292], [-87.6976229996364, 41.9038409997221], [-87.697465000351, 41.9083899999172], [-87.6970130004393, 41.9083960000507], [-87.6970340003557, 41.9102269998469], [-87.6945420000958, 41.9102490001462], [-87.6945400004459, 41.9101910000701], [-87.6933210000801, 41.9102120002766], [-87.6921059999122, 41.9098410002902], [-87.6921050000873, 41.9097699997245], [-87.6915190002814, 41.9097750002848], [-87.6896660004291, 41.909794999848], [-87.6884360001926, 41.9098100001847], [-87.6872069997811, 41.9098199999616], [-87.6872210000247, 41.9103210002827], [-87.6868469999309, 41.9103250000279], [-87.6868400002582, 41.9098930000236], [-87.6847789999935, 41.9102589998543], [-87.6847820003665, 41.9103569999862], [-87.6846590003428, 41.9103580000891], [-87.6846490002971, 41.9099279998589], [-87.6836779996284, 41.9099440002738], [-87.6836869998493, 41.9102810001426], [-87.6835610003509, 41.9102719998737], [-87.6835639998256, 41.910375999933], [-87.6823470000079, 41.9103929996694], [-87.6823369999622, 41.9100860002708], [-87.6799860001675, 41.9104389996808], [-87.6799069996265, 41.9104399997824], [-87.6798999999538, 41.9102170001338], [-87.6777680004422, 41.9104710002504], [-87.6774629999453, 41.9104700001493], [-87.6768570000479, 41.9104960000994], [-87.6768899996599, 41.9119849996762], [-87.6771230001867, 41.9123130001531], [-87.676892000208, 41.9123179998457], [-87.6768620000708, 41.9137949997848], [-87.6763259995953, 41.9141790000791], [-87.6775469996109, 41.9142489997097], [-87.6775550000068, 41.9147160001987], [-87.6775700000755, 41.915473999869], [-87.6775879996188, 41.9164020001767], [-87.6769979996149, 41.917311999803], [-87.6776050002356, 41.9173019998629], [-87.677621999954, 41.9177580002159], [-87.6776370000226, 41.9182169999238], [-87.6770229997293, 41.9182279997], [-87.6751949999913, 41.9182620003334], [-87.6751869995954, 41.917804000267], [-87.6727620001809, 41.917850000285], [-87.6715450003632, 41.9178779998728], [-87.6704570004169, 41.9178769998878], [-87.6690790000425, 41.9167460000609], [-87.6681740003943, 41.9161169998806], [-87.6678100003462, 41.9156800002079], [-87.6672620001752, 41.9143479997724], [-87.6674760004354, 41.914346999732], [-87.6669249998913, 41.9134290001742], [-87.6677540002698, 41.9129070001996], [-87.6677530004448, 41.9128489998647], [-87.6676920003455, 41.9106300000854], [-87.667079999702, 41.9106390003039], [-87.6669480003558, 41.9069989999901], [-87.6668479998984, 41.904217999669], [-87.667519999918, 41.9042759998233], [-87.6675130002453, 41.9040170001216], [-87.6664849996752, 41.9033579998449], [-87.6674949998037, 41.9033459999674], [-87.6674689998644, 41.9024320002295], [-87.6668670001649, 41.9015339999598], [-87.6668510002714, 41.9006259998866], [-87.6668339996547, 41.8997180002745], [-87.6668379998526, 41.8992500001096], [-87.666826999982, 41.8988070002726], [-87.6673419996428, 41.8978880002681], [-87.6673149998786, 41.8969239997008], [-87.6672920003124, 41.8960739998556], [-87.6672370000608, 41.8942569996792], [-87.6672119999464, 41.8933430002417], [-87.6671850001823, 41.8924270003316], [-87.6666219999425, 41.8924379998711], [-87.667155000045, 41.891459999728], [-87.6671430003495, 41.8909769998239], [-87.6671319995805, 41.890562000312], [-87.6654829999427, 41.8899049997858], [-87.6654539996304, 41.8888580001102], [-87.6670689998313, 41.8888520001469], [-87.6695219997332, 41.8888370002363], [-87.6719610002898, 41.8887999999957], [-87.6768460001773, 41.8887200001434], [-87.6768739997664, 41.889726000006], [-87.6768970002309, 41.8904109999657], [-87.6769089999265, 41.8908240003096], [-87.6773969998231, 41.890815999713], [-87.6773900001504, 41.8911819999012], [-87.676920999622, 41.8911910001863], [-87.676929000018, 41.8915479999984], [-87.6769740002238, 41.8931730000714], [-87.6769869997443, 41.8936259998442], [-87.6770310001252, 41.8952059999612], [-87.6794759996312, 41.8951639996995], [-87.6794840000272, 41.8954009998117], [-87.681937999754, 41.8953660000367], [-87.6843839999832, 41.895319000194], [-87.6868310000374, 41.8952740003265], [-87.686842999733, 41.8957429998707], [-87.6893070004039, 41.895716000267], [-87.6892939999851, 41.8952489998663], [-87.6942230002535, 41.8951990002539], [-87.6966700003077, 41.8947219999509], [-87.6966710001326, 41.8943329998745], [-87.696687999851, 41.8941930003244], [-87.7021810001841, 41.8948690000918], [-87.7022039997503, 41.89559500007], [-87.7037980000348, 41.8955830000711], [-87.7065560004336, 41.895553000064], [-87.706645999947, 41.8983109999826], [-87.7066740004343, 41.8991950002351], [-87.7067310003358, 41.9010060001747], [-87.706789999887, 41.9028500001663], [-87.7068769999256, 41.9055709999551], [-87.7069029998649, 41.9064770002485], [-87.7069320001772, 41.9073810000883]]]}, "properties": {"OBJECTID": 2833, "ZCTA5": "60622", "DDA_CODE": "METRO16980M16980", "DDA_TYPE": "SA", "DDA_NAME": "Chicago-Joliet-Naperville, IL HUD Metro FMR Area"}}, {"type": "Feature", "id": 2851, "geometry": {"type": "Polygon", "coordinates": [[[-87.6343779995935, 41.8673710000091], [-87.6346150003182, 41.8699229996878], [-87.6335320003949, 41.8706260002525], [-87.6335730004027, 41.8721510002087], [-87.6330560001938, 41.8721609998625], [-87.633122000316, 41.8744880002975], [-87.6330560001938, 41.8744880002975], [-87.6331099997222, 41.87686300033], [-87.6307489998817, 41.8768840001265], [-87.6276520004475, 41.876930000198], [-87.6260570003381, 41.87697199974], [-87.6243569997483, 41.8770100000981], [-87.6243969999313, 41.8782790002952], [-87.62298500012, 41.8783020001675], [-87.620676999983, 41.8783320002502], [-87.6207909997858, 41.8808730002156], [-87.6165055076711, 41.8809135351121], [-87.6163432584561, 41.8732759404069], [-87.6163137793417, 41.871888218594], [-87.6162509996798, 41.868932999745], [-87.6152647186681, 41.8687352881087], [-87.6138980146083, 41.8684613161957], [-87.6124717522452, 41.8681754055263], [-87.6072036604149, 41.8671193544991], [-87.6058549999159, 41.866849000159], [-87.6065229997376, 41.8532019996686], [-87.607822198997, 41.852778837796], [-87.6100322603102, 41.8520590051281], [-87.6145440003156, 41.8528340000783], [-87.6167319999037, 41.8579480000922], [-87.618881999857, 41.85792200016], [-87.6204019996234, 41.860109999979], [-87.6208319997937, 41.8605100000346], [-87.6208579997329, 41.8602369997827], [-87.6223039998795, 41.8602519997165], [-87.6224729999339, 41.8602499999485], [-87.6239890004006, 41.8602690000833], [-87.6248060001852, 41.8602219998453], [-87.6256630001528, 41.8602089996738], [-87.627188999767, 41.8601819997722], [-87.6302640003581, 41.8601209997296], [-87.6302529995892, 41.8619099999266], [-87.6304340002374, 41.8672999997224], [-87.6326620000085, 41.8674069998417], [-87.6343779995935, 41.8673710000091]]]}, "properties": {"OBJECTID": 2851, "ZCTA5": "60605", "DDA_CODE": "METRO16980M16980", "DDA_TYPE": "SA", "DDA_NAME": "Chicago-Joliet-Naperville, IL HUD Metro FMR Area"}}]}