{"type":"FeatureCollection","metadata":{"source":"Chicago Landmark Districts","sourceDataset":"rkur-ce6h","note":"KML converted Nov 2012 dataset","convertedAt":"2026-07-16T21:23:12.002Z"},"features":[{"type":"Feature","geometry":{"type":"MultiPolygon","coordinates":[[[[-87.599835,41.818102],[-87.599845,41.818119],[-87.599925,41.818253],[-87.599966,41.818323],[-87.600005,41.818388],[-87.600043,41.818453],[-87.600082,41.818518],[-87.600121,41.818583],[-87.600159,41.818649],[-87.600198,41.818714],[-87.600235,41.818777],[-87.600273,41.818839],[-87.600311,41.818904],[-87.60035,41.81897],[-87.600389,41.819035],[-87.600427,41.8191],[-87.600466,41.819165],[-87.600505,41.81923],[-87.600539,41.819288],[-87.600575,41.819348],[-87.600611,41.819408],[-87.600646,41.819469],[-87.600682,41.819529],[-87.60108,41.819524],[-87.600981,41.819357],[-87.600946,41.819297],[-87.60091,41.819237],[-87.600875,41.819177],[-87.60084,41.819119],[-87.600802,41.819054],[-87.600764,41.818988],[-87.600725,41.818923],[-87.600687,41.818858],[-87.600648,41.818793],[-87.60061,41.818727],[-87.600572,41.818665],[-87.600535,41.818602],[-87.600497,41.818536],[-87.600458,41.818471],[-87.60042,41.818406],[-87.600381,41.818341],[-87.600343,41.818275],[-87.600304,41.81821],[-87.600264,41.818141],[-87.600248,41.818115],[-87.600238,41.818098],[-87.599835,41.818102]]],[[[-87.602388,41.819079],[-87.602405,41.81913],[-87.60242,41.819174],[-87.602435,41.819219],[-87.602455,41.819279],[-87.602479,41.819352],[-87.602494,41.819397],[-87.602508,41.81944],[-87.602523,41.819485],[-87.602539,41.819533],[-87.602555,41.819581],[-87.602571,41.819629],[-87.602587,41.819677],[-87.602603,41.819725],[-87.602619,41.819773],[-87.602634,41.819818],[-87.603217,41.81971],[-87.603203,41.819664],[-87.603197,41.819643],[-87.603254,41.819632],[-87.603245,41.819605],[-87.603229,41.819558],[-87.603213,41.81951],[-87.603197,41.819462],[-87.603181,41.819414],[-87.603165,41.819366],[-87.603151,41.819321],[-87.603136,41.819277],[-87.603121,41.819233],[-87.603097,41.81916],[-87.603077,41.819099],[-87.603062,41.819054],[-87.603048,41.819011],[-87.603031,41.81896],[-87.602388,41.819079]]],[[[-87.601104,41.818106],[-87.600827,41.818109],[-87.600886,41.818209],[-87.600945,41.818309],[-87.600982,41.818371],[-87.600993,41.81839],[-87.601006,41.818412],[-87.60103,41.818452],[-87.601034,41.81846],[-87.601071,41.818523],[-87.601109,41.818585],[-87.601146,41.818648],[-87.601183,41.818711],[-87.60122,41.818774],[-87.601257,41.818836],[-87.601294,41.818899],[-87.601321,41.818945],[-87.601348,41.818991],[-87.601375,41.819037],[-87.601405,41.819087],[-87.601435,41.819138],[-87.601442,41.81915],[-87.601465,41.819188],[-87.60148,41.819213],[-87.601494,41.819238],[-87.601517,41.819276],[-87.601524,41.819288],[-87.601554,41.819338],[-87.601591,41.819401],[-87.601625,41.819459],[-87.601663,41.819524],[-87.601847,41.819523],[-87.601844,41.819387],[-87.601814,41.819327],[-87.601782,41.819263],[-87.601756,41.819211],[-87.60175,41.819199],[-87.60173,41.81916],[-87.601717,41.819134],[-87.601704,41.819108],[-87.601685,41.81907],[-87.601679,41.819057],[-87.601653,41.819005],[-87.601627,41.818953],[-87.601603,41.818906],[-87.60158,41.818859],[-87.601556,41.818812],[-87.601524,41.818748],[-87.601492,41.818684],[-87.60146,41.818619],[-87.601427,41.818555],[-87.601395,41.818491],[-87.601363,41.818426],[-87.601331,41.818362],[-87.601328,41.818355],[-87.601326,41.818355],[-87.601266,41.818326],[-87.601233,41.81831],[-87.601233,41.818288],[-87.601232,41.818214],[-87.601231,41.818104],[-87.601104,41.818106]]],[[[-87.604822,41.827748],[-87.605004,41.827987],[-87.605121,41.82814],[-87.60563,41.82792],[-87.605537,41.827797],[-87.605355,41.827558],[-87.604822,41.827748]]],[[[-87.600654,41.818708],[-87.600684,41.818758],[-87.600721,41.818821],[-87.600736,41.818846],[-87.600765,41.818897],[-87.600775,41.818913],[-87.600814,41.818978],[-87.600852,41.819044],[-87.600891,41.819109],[-87.600929,41.819174],[-87.600968,41.81924],[-87.601006,41.819305],[-87.601045,41.81937],[-87.601083,41.819436],[-87.601122,41.819501],[-87.601135,41.819524],[-87.601397,41.819521],[-87.601342,41.819428],[-87.601303,41.819363],[-87.601265,41.819298],[-87.601226,41.819232],[-87.601188,41.819167],[-87.601149,41.819102],[-87.60111,41.819036],[-87.601072,41.818971],[-87.601033,41.818906],[-87.600995,41.818841],[-87.600985,41.818824],[-87.600955,41.818774],[-87.60094,41.818749],[-87.600903,41.818686],[-87.600874,41.818636],[-87.600654,41.818708]]],[[[-87.602227,41.819676],[-87.602169,41.819677],[-87.60211,41.819677],[-87.602051,41.819678],[-87.601993,41.819679],[-87.601934,41.819679],[-87.601931,41.819679],[-87.601875,41.81968],[-87.601816,41.819681],[-87.601758,41.819681],[-87.601699,41.819682],[-87.60164,41.819683],[-87.601582,41.819683],[-87.601523,41.819684],[-87.601464,41.819685],[-87.601406,41.819685],[-87.601347,41.819686],[-87.601288,41.819687],[-87.60123,41.819687],[-87.601233,41.819855],[-87.601252,41.819869],[-87.601292,41.819868],[-87.601351,41.819867],[-87.601409,41.819867],[-87.601468,41.819866],[-87.601527,41.819865],[-87.601585,41.819865],[-87.601644,41.819864],[-87.601703,41.819863],[-87.601762,41.819862],[-87.60182,41.819862],[-87.601879,41.819861],[-87.601937,41.81986],[-87.601996,41.81986],[-87.602055,41.819859],[-87.602114,41.819858],[-87.602172,41.819857],[-87.602231,41.819857],[-87.602344,41.819855],[-87.602284,41.819675],[-87.602227,41.819676]]],[[[-87.603227,41.819276],[-87.603247,41.819336],[-87.603266,41.819395],[-87.603291,41.819471],[-87.604221,41.819426],[-87.604212,41.819347],[-87.604205,41.819287],[-87.604198,41.819227],[-87.603227,41.819276]]],[[[-87.60325,41.820826],[-87.603327,41.82095],[-87.603343,41.820975],[-87.603405,41.821075],[-87.604,41.820865],[-87.603938,41.820765],[-87.603922,41.82074],[-87.603845,41.820616],[-87.60325,41.820826]]],[[[-87.603264,41.818083],[-87.603198,41.818083],[-87.603125,41.818084],[-87.603063,41.818085],[-87.602989,41.818086],[-87.602836,41.818087],[-87.602971,41.818497],[-87.602997,41.818497],[-87.603071,41.818496],[-87.603133,41.818496],[-87.603206,41.818495],[-87.603272,41.818494],[-87.603345,41.818493],[-87.603337,41.818082],[-87.603264,41.818083]]],[[[-87.603486,41.818809],[-87.603493,41.818869],[-87.6035,41.818929],[-87.603508,41.819],[-87.603518,41.819082],[-87.604175,41.819036],[-87.604166,41.818956],[-87.604158,41.818886],[-87.60415,41.818826],[-87.604143,41.818766],[-87.603486,41.818809]]],[[[-87.602508,41.822586],[-87.602544,41.822642],[-87.602593,41.822719],[-87.602623,41.822766],[-87.602652,41.822811],[-87.60332,41.822575],[-87.603292,41.82253],[-87.603226,41.822554],[-87.603195,41.822507],[-87.603146,41.82243],[-87.60311,41.822373],[-87.602585,41.822558],[-87.602508,41.822586]]],[[[-87.604744,41.817608],[-87.604751,41.817666],[-87.604753,41.817682],[-87.604758,41.817721],[-87.604761,41.81775],[-87.604764,41.817775],[-87.604769,41.817819],[-87.60477,41.817825],[-87.604777,41.817885],[-87.605367,41.817877],[-87.605365,41.817817],[-87.605365,41.817811],[-87.605363,41.817767],[-87.605362,41.817742],[-87.605361,41.817713],[-87.605359,41.817674],[-87.605358,41.817658],[-87.605356,41.817599],[-87.604744,41.817608]]],[[[-87.601914,41.819103],[-87.60177,41.819129],[-87.601802,41.819194],[-87.601835,41.819259],[-87.601858,41.819305],[-87.60188,41.819349],[-87.601884,41.819523],[-87.601926,41.819522],[-87.601991,41.819522],[-87.602233,41.819521],[-87.602201,41.819426],[-87.602173,41.81934],[-87.60215,41.819271],[-87.602127,41.819204],[-87.602105,41.819138],[-87.602083,41.819071],[-87.601914,41.819103]]],[[[-87.605252,41.822382],[-87.605307,41.822469],[-87.605257,41.822486],[-87.605288,41.822536],[-87.605304,41.822561],[-87.60532,41.822586],[-87.605349,41.822633],[-87.605815,41.822471],[-87.605784,41.822422],[-87.605769,41.822397],[-87.605753,41.822372],[-87.605722,41.822322],[-87.605667,41.822235],[-87.605252,41.822382]]],[[[-87.600304,41.818114],[-87.600381,41.818245],[-87.60042,41.818312],[-87.600459,41.818378],[-87.600499,41.818445],[-87.600514,41.81847],[-87.600551,41.818532],[-87.60058,41.818583],[-87.600799,41.81851],[-87.60077,41.81846],[-87.600732,41.818397],[-87.600718,41.818372],[-87.600678,41.818306],[-87.600639,41.818239],[-87.6006,41.818173],[-87.600563,41.818111],[-87.600304,41.818114]]],[[[-87.604393,41.825567],[-87.604423,41.825617],[-87.604455,41.825669],[-87.604486,41.825718],[-87.605077,41.825514],[-87.605048,41.825464],[-87.605017,41.825412],[-87.604988,41.825362],[-87.604393,41.825567]]],[[[-87.606476,41.828667],[-87.606657,41.828902],[-87.606995,41.828758],[-87.606814,41.828522],[-87.606775,41.828538],[-87.606835,41.828616],[-87.606733,41.82866],[-87.606674,41.828582],[-87.606476,41.828667]]],[[[-87.604431,41.822717],[-87.604467,41.822776],[-87.60447,41.82278],[-87.604504,41.822834],[-87.605168,41.822605],[-87.605154,41.822583],[-87.605131,41.822546],[-87.605095,41.822488],[-87.604431,41.822717]]],[[[-87.606295,41.827411],[-87.606327,41.827457],[-87.606359,41.827503],[-87.606391,41.82755],[-87.606931,41.827365],[-87.606901,41.827318],[-87.606871,41.827271],[-87.606842,41.827224],[-87.606295,41.827411]]],[[[-87.603131,41.823558],[-87.603162,41.823606],[-87.603166,41.823613],[-87.603202,41.823667],[-87.60387,41.823432],[-87.603835,41.823377],[-87.603816,41.823348],[-87.6038,41.823322],[-87.603131,41.823558]]],[[[-87.603638,41.82307],[-87.603641,41.823075],[-87.603678,41.823131],[-87.603713,41.823187],[-87.604325,41.822976],[-87.60429,41.82292],[-87.604251,41.822858],[-87.603638,41.82307]]],[[[-87.601256,41.820503],[-87.601273,41.820533],[-87.60128,41.820545],[-87.601286,41.820555],[-87.601292,41.820566],[-87.601298,41.820576],[-87.601305,41.820587],[-87.601323,41.820618],[-87.601329,41.820629],[-87.601899,41.820428],[-87.601873,41.820386],[-87.601861,41.820365],[-87.601848,41.820344],[-87.601823,41.820303],[-87.601256,41.820503]]],[[[-87.607327,41.829773],[-87.60736,41.829817],[-87.607393,41.829859],[-87.607427,41.829903],[-87.607462,41.829949],[-87.607797,41.829806],[-87.607761,41.829759],[-87.607727,41.829716],[-87.607695,41.829673],[-87.607661,41.82963],[-87.607327,41.829773]]],[[[-87.606193,41.821783],[-87.606502,41.821786],[-87.606496,41.821577],[-87.606062,41.821574],[-87.606193,41.821783]]],[[[-87.601961,41.820646],[-87.601446,41.820828],[-87.60147,41.820869],[-87.601473,41.820874],[-87.601479,41.820885],[-87.601499,41.82092],[-87.601964,41.820756],[-87.602074,41.820717],[-87.602053,41.820683],[-87.602047,41.820672],[-87.602044,41.820667],[-87.602019,41.820626],[-87.601961,41.820646]]],[[[-87.602516,41.818327],[-87.602161,41.818393],[-87.60217,41.81842],[-87.602183,41.81846],[-87.602826,41.81834],[-87.602813,41.8183],[-87.602804,41.818273],[-87.602516,41.818327]]],[[[-87.608213,41.828964],[-87.608242,41.829009],[-87.60869,41.82886],[-87.608663,41.828814],[-87.608213,41.828964]]]]},"properties":{"NAME":"Oakland","NUMBER_":"HD-22","DATE_":"3/25/1992","REGISTER":"N"}},{"type":"Feature","geometry":{"type":"Polygon","coordinates":[[[-87.676576,41.901633],[-87.676581,41.901811],[-87.676582,41.901855],[-87.676584,41.901923],[-87.676586,41.901992],[-87.676588,41.90206],[-87.67659,41.902128],[-87.676592,41.902196],[-87.676594,41.902265],[-87.676596,41.902336],[-87.676598,41.902407],[-87.6766,41.902478],[-87.676602,41.902551],[-87.676604,41.902622],[-87.676605,41.90268],[-87.676592,41.902737],[-87.676681,41.902736],[-87.676684,41.902736],[-87.67677,41.902735],[-87.676819,41.902734],[-87.676859,41.902733],[-87.676917,41.902732],[-87.676947,41.902732],[-87.676967,41.902732],[-87.677036,41.90273],[-87.677125,41.902729],[-87.677244,41.902724],[-87.677367,41.902718],[-87.677456,41.902717],[-87.677544,41.902715],[-87.677596,41.902714],[-87.677632,41.902714],[-87.677675,41.902713],[-87.677721,41.902712],[-87.677754,41.902712],[-87.677809,41.902711],[-87.677879,41.902709],[-87.677897,41.902709],[-87.677913,41.902709],[-87.677985,41.902708],[-87.678073,41.902706],[-87.67809,41.902706],[-87.678117,41.902705],[-87.678162,41.902704],[-87.678222,41.902703],[-87.67825,41.902703],[-87.678279,41.902702],[-87.678294,41.902702],[-87.678338,41.902701],[-87.678381,41.902701],[-87.678426,41.9027],[-87.678484,41.902699],[-87.678514,41.902698],[-87.678523,41.902698],[-87.678602,41.902697],[-87.678686,41.902695],[-87.678691,41.902695],[-87.678703,41.902695],[-87.678779,41.902693],[-87.678867,41.902692],[-87.678878,41.902692],[-87.678955,41.90269],[-87.679016,41.902689],[-87.679043,41.902689],[-87.679079,41.902688],[-87.679131,41.902687],[-87.679168,41.902687],[-87.67922,41.902686],[-87.67928,41.902685],[-87.679308,41.902684],[-87.679333,41.902684],[-87.679396,41.902683],[-87.679482,41.902681],[-87.679485,41.902681],[-87.679568,41.90268],[-87.679687,41.902679],[-87.67981,41.902678],[-87.67987,41.902677],[-87.679899,41.902676],[-87.679924,41.902676],[-87.679987,41.902675],[-87.680058,41.902673],[-87.680075,41.902673],[-87.680163,41.902672],[-87.680185,41.902671],[-87.680231,41.90267],[-87.680252,41.90267],[-87.680266,41.90267],[-87.68034,41.902668],[-87.680392,41.902667],[-87.68042,41.902667],[-87.680428,41.902667],[-87.680457,41.902666],[-87.680516,41.902665],[-87.680571,41.902664],[-87.680594,41.902664],[-87.680605,41.902664],[-87.680665,41.902663],[-87.680693,41.902662],[-87.680715,41.902662],[-87.680781,41.902661],[-87.680869,41.902659],[-87.680891,41.902659],[-87.680918,41.902658],[-87.680958,41.902657],[-87.680985,41.902657],[-87.681002,41.902657],[-87.681046,41.902656],[-87.681112,41.902655],[-87.681122,41.902655],[-87.681134,41.902654],[-87.681187,41.902653],[-87.681222,41.902653],[-87.681263,41.902652],[-87.681311,41.902651],[-87.681325,41.902651],[-87.681333,41.902651],[-87.681399,41.90265],[-87.681417,41.902649],[-87.681428,41.902649],[-87.681487,41.902648],[-87.681531,41.902647],[-87.681548,41.902647],[-87.681575,41.902647],[-87.681634,41.902646],[-87.681631,41.902602],[-87.681629,41.902535],[-87.681629,41.902508],[-87.681628,41.902469],[-87.681626,41.902403],[-87.681624,41.902337],[-87.681622,41.90227],[-87.68162,41.90218],[-87.681617,41.902089],[-87.68161,41.901805],[-87.681796,41.901802],[-87.68199,41.901798],[-87.682107,41.901796],[-87.682232,41.901794],[-87.682221,41.901373],[-87.682218,41.901281],[-87.682216,41.901192],[-87.682213,41.901104],[-87.682211,41.90102],[-87.682209,41.900937],[-87.682207,41.900849],[-87.682205,41.900805],[-87.682196,41.900462],[-87.682194,41.900372],[-87.682191,41.900281],[-87.682182,41.899939],[-87.682181,41.899917],[-87.682181,41.899906],[-87.681939,41.89991],[-87.681558,41.899917],[-87.681558,41.899907],[-87.681499,41.899908],[-87.681428,41.899909],[-87.681411,41.899909],[-87.681392,41.899909],[-87.681323,41.899911],[-87.68127,41.899912],[-87.681234,41.899912],[-87.681181,41.899913],[-87.681146,41.899914],[-87.681118,41.899914],[-87.681058,41.899915],[-87.680972,41.899917],[-87.680969,41.899917],[-87.680881,41.899919],[-87.680808,41.89992],[-87.680793,41.89992],[-87.680775,41.89992],[-87.680705,41.899922],[-87.680653,41.899923],[-87.680616,41.899923],[-87.680566,41.899924],[-87.680528,41.899925],[-87.680498,41.899925],[-87.68044,41.899926],[-87.680364,41.899928],[-87.680351,41.899928],[-87.680263,41.899929],[-87.680188,41.899931],[-87.680175,41.899931],[-87.68017,41.899768],[-87.680165,41.899589],[-87.680163,41.8995],[-87.68016,41.899408],[-87.680109,41.899409],[-87.680095,41.899409],[-87.680072,41.899409],[-87.680065,41.899409],[-87.680058,41.89941],[-87.680043,41.89941],[-87.679723,41.899416],[-87.679598,41.899418],[-87.67948,41.89942],[-87.679483,41.899512],[-87.679485,41.899601],[-87.679494,41.899943],[-87.679465,41.899944],[-87.679407,41.899945],[-87.679354,41.899946],[-87.679319,41.899946],[-87.679275,41.899947],[-87.679231,41.899948],[-87.679198,41.899948],[-87.679142,41.899949],[-87.679056,41.899951],[-87.679052,41.899951],[-87.678965,41.899953],[-87.678948,41.899953],[-87.678944,41.899953],[-87.678898,41.899954],[-87.678877,41.899954],[-87.678865,41.899954],[-87.678788,41.899956],[-87.678738,41.899957],[-87.6787,41.899957],[-87.678658,41.899958],[-87.678612,41.899959],[-87.678576,41.899959],[-87.678524,41.89996],[-87.678442,41.899962],[-87.678436,41.899962],[-87.678432,41.899962],[-87.678347,41.899963],[-87.678259,41.899965],[-87.678248,41.899965],[-87.678171,41.899967],[-87.678114,41.899968],[-87.678083,41.899968],[-87.678042,41.899969],[-87.677995,41.89997],[-87.677957,41.89997],[-87.677907,41.899971],[-87.677851,41.899972],[-87.677819,41.899973],[-87.677795,41.899973],[-87.67773,41.899974],[-87.677672,41.899975],[-87.677673,41.90003],[-87.677674,41.900079],[-87.677675,41.900096],[-87.677677,41.900162],[-87.677679,41.900228],[-87.67768,41.900262],[-87.67768,41.900293],[-87.677682,41.900362],[-87.677685,41.900455],[-87.677687,41.900543],[-87.677689,41.900611],[-87.677691,41.900677],[-87.677691,41.900684],[-87.677693,41.900743],[-87.677695,41.900809],[-87.677697,41.900875],[-87.677698,41.900911],[-87.677698,41.900941],[-87.6777,41.901007],[-87.677702,41.901073],[-87.677704,41.901139],[-87.677436,41.901144],[-87.677323,41.901146],[-87.677201,41.901148],[-87.677081,41.90115],[-87.677083,41.901219],[-87.677084,41.901284],[-87.676625,41.901292],[-87.676566,41.901292],[-87.676571,41.901474],[-87.676576,41.901633]]]},"properties":{"NAME":"Ukrainian Village","NUMBER_":"HD-29","DATE_":"12/4/2002","REGISTER":null}},{"type":"Feature","geometry":{"type":"Polygon","coordinates":[[[-87.620652,41.858015],[-87.620894,41.858012],[-87.621547,41.858003],[-87.62162,41.858002],[-87.62162,41.858002],[-87.622149,41.857994],[-87.622516,41.857989],[-87.622512,41.857808],[-87.622511,41.857754],[-87.622509,41.857702],[-87.622508,41.857651],[-87.622507,41.857599],[-87.622506,41.857545],[-87.622505,41.857501],[-87.622503,41.857424],[-87.622499,41.857237],[-87.622492,41.856916],[-87.62249,41.856836],[-87.62249,41.856808],[-87.622489,41.856767],[-87.622487,41.856698],[-87.622486,41.856629],[-87.622485,41.856602],[-87.622484,41.85656],[-87.622484,41.856533],[-87.622116,41.856533],[-87.621595,41.85654],[-87.621507,41.856541],[-87.621508,41.856576],[-87.620864,41.856585],[-87.620862,41.856516],[-87.620861,41.856447],[-87.620859,41.856379],[-87.620858,41.85631],[-87.620856,41.856234],[-87.620855,41.856157],[-87.620845,41.855696],[-87.620843,41.855624],[-87.621494,41.855615],[-87.621567,41.855614],[-87.621812,41.85561],[-87.621807,41.855429],[-87.621802,41.8552],[-87.621784,41.855187],[-87.621721,41.855188],[-87.62164,41.855189],[-87.62156,41.85519],[-87.621486,41.855191],[-87.621489,41.855297],[-87.621492,41.855434],[-87.62084,41.855443],[-87.620597,41.855446],[-87.620601,41.855627],[-87.620603,41.8557],[-87.620604,41.855771],[-87.620607,41.855906],[-87.62061,41.856047],[-87.619957,41.856055],[-87.619884,41.856055],[-87.619886,41.856166],[-87.619888,41.856265],[-87.619925,41.856264],[-87.619961,41.856264],[-87.620614,41.856255],[-87.620616,41.856308],[-87.620619,41.856461],[-87.620622,41.856613],[-87.620623,41.85666],[-87.620624,41.856695],[-87.620626,41.856788],[-87.620629,41.856939],[-87.620631,41.857024],[-87.620633,41.857109],[-87.620634,41.857184],[-87.620636,41.857249],[-87.620637,41.857315],[-87.620638,41.857381],[-87.62064,41.857447],[-87.62064,41.857472],[-87.620454,41.857474],[-87.620268,41.857477],[-87.620082,41.857479],[-87.620085,41.857606],[-87.62009,41.857842],[-87.620091,41.858023],[-87.620652,41.858015]]]},"properties":{"NAME":"Prairie Avenue","NUMBER_":"HD-36","DATE_":"12/27/1979","REGISTER":"Y"}},{"type":"Feature","geometry":{"type":"Polygon","coordinates":[[[-87.631445,41.898645],[-87.631151,41.898649],[-87.631072,41.898649],[-87.630992,41.89865],[-87.630912,41.898651],[-87.630832,41.898652],[-87.630753,41.898653],[-87.630656,41.898654],[-87.63056,41.898656],[-87.630464,41.898657],[-87.630368,41.898658],[-87.630271,41.898659],[-87.630175,41.89866],[-87.630079,41.898661],[-87.629982,41.898663],[-87.629689,41.898665],[-87.629691,41.898735],[-87.629694,41.898872],[-87.629698,41.899012],[-87.629161,41.89902],[-87.629159,41.899235],[-87.62916,41.899339],[-87.629168,41.899339],[-87.629173,41.899543],[-87.629166,41.899543],[-87.629166,41.899563],[-87.629089,41.899564],[-87.629097,41.899828],[-87.629105,41.900022],[-87.629292,41.90002],[-87.629475,41.900017],[-87.629727,41.900013],[-87.629731,41.900146],[-87.631486,41.900117],[-87.631484,41.900047],[-87.631482,41.899978],[-87.63148,41.899909],[-87.631478,41.89984],[-87.631476,41.899771],[-87.631474,41.899701],[-87.631472,41.899632],[-87.63147,41.899563],[-87.631469,41.899494],[-87.631468,41.899489],[-87.631465,41.899355],[-87.63146,41.899174],[-87.631458,41.899098],[-87.631456,41.899029],[-87.631454,41.898961],[-87.631452,41.898892],[-87.63145,41.898823],[-87.631448,41.898755],[-87.631447,41.898717],[-87.631447,41.898712],[-87.631446,41.898686],[-87.631445,41.898645]]]},"properties":{"NAME":"Washington Square","NUMBER_":"HD-33","DATE_":"5/16/1990","REGISTER":"N"}},{"type":"Feature","geometry":{"type":"Polygon","coordinates":[[[-87.600521,41.800967],[-87.600532,41.800969],[-87.600533,41.800786],[-87.600533,41.800768],[-87.600533,41.800758],[-87.600532,41.800723],[-87.600532,41.800716],[-87.600531,41.800679],[-87.600531,41.800673],[-87.60053,41.800635],[-87.60053,41.800625],[-87.600529,41.800591],[-87.600529,41.800586],[-87.600528,41.800547],[-87.600528,41.80054],[-87.600527,41.800503],[-87.600527,41.800498],[-87.600526,41.800459],[-87.600526,41.800456],[-87.600525,41.800415],[-87.600525,41.800412],[-87.600524,41.80037],[-87.600519,41.800152],[-87.600518,41.800109],[-87.600518,41.800109],[-87.600517,41.800068],[-87.600517,41.800064],[-87.600516,41.800027],[-87.600516,41.800023],[-87.600515,41.799986],[-87.600515,41.799978],[-87.600514,41.799945],[-87.600514,41.799935],[-87.600513,41.799904],[-87.600513,41.799893],[-87.600512,41.799861],[-87.600512,41.799852],[-87.600512,41.799835],[-87.600512,41.799834],[-87.600508,41.799654],[-87.600507,41.799652],[-87.600505,41.799523],[-87.600485,41.799304],[-87.599881,41.799311],[-87.599886,41.799531],[-87.599888,41.799596],[-87.599889,41.799659],[-87.59989,41.799722],[-87.599892,41.799786],[-87.599893,41.799849],[-87.599895,41.799912],[-87.599896,41.799975],[-87.599898,41.800038],[-87.599899,41.800101],[-87.5999,41.800164],[-87.599902,41.800227],[-87.599903,41.800291],[-87.599905,41.800354],[-87.599906,41.800417],[-87.599908,41.80048],[-87.599909,41.800543],[-87.599911,41.800606],[-87.599912,41.800669],[-87.599913,41.800732],[-87.599915,41.800793],[-87.599919,41.800974],[-87.600521,41.800967]]]},"properties":{"NAME":"Greenwood Row House District","NUMBER_":"HD-40","DATE_":"12/8/2004","REGISTER":null}},{"type":"Feature","geometry":{"type":"MultiPolygon","coordinates":[[[[-87.616484,41.830329],[-87.61631,41.830331],[-87.616311,41.830391],[-87.616312,41.830454],[-87.616313,41.830516],[-87.616315,41.830578],[-87.616316,41.83064],[-87.616316,41.830643],[-87.616317,41.830702],[-87.616318,41.830764],[-87.616324,41.831027],[-87.616778,41.831022],[-87.61693,41.831023],[-87.617337,41.831016],[-87.617338,41.830316],[-87.616484,41.830329]]],[[[-87.618724,41.829822],[-87.618741,41.830726],[-87.618711,41.830727],[-87.618484,41.830729],[-87.618489,41.831004],[-87.618716,41.831001],[-87.618716,41.831],[-87.618712,41.830774],[-87.619202,41.830768],[-87.619183,41.829817],[-87.618724,41.829822]]],[[[-87.6241,41.825561],[-87.624101,41.825632],[-87.624103,41.825701],[-87.624105,41.82577],[-87.624107,41.825839],[-87.624108,41.825908],[-87.624673,41.825902],[-87.624672,41.825833],[-87.62467,41.825764],[-87.624668,41.825695],[-87.624666,41.825626],[-87.624665,41.825554],[-87.6241,41.825561]]],[[[-87.625857,41.827939],[-87.625859,41.828008],[-87.62586,41.828076],[-87.625862,41.828145],[-87.625864,41.828213],[-87.626313,41.828208],[-87.626311,41.828139],[-87.62631,41.828071],[-87.626308,41.828002],[-87.626306,41.827933],[-87.625857,41.827939]]],[[[-87.626049,41.828804],[-87.626051,41.828886],[-87.626053,41.828957],[-87.626055,41.829028],[-87.626056,41.8291],[-87.626058,41.829171],[-87.626319,41.829168],[-87.626317,41.829097],[-87.626315,41.829026],[-87.626313,41.828955],[-87.626312,41.828883],[-87.626309,41.828801],[-87.626049,41.828804]]],[[[-87.6212,41.831772],[-87.621202,41.831839],[-87.621203,41.831907],[-87.621204,41.831975],[-87.621658,41.83197],[-87.621656,41.831902],[-87.621655,41.831835],[-87.621653,41.831767],[-87.6212,41.831772]]],[[[-87.622014,41.837105],[-87.622015,41.837174],[-87.622017,41.837243],[-87.622608,41.837235],[-87.622607,41.837166],[-87.622605,41.837097],[-87.622014,41.837105]]]]},"properties":{"NAME":"Black Metropolis-Bronzeville","NUMBER_":"HD- 6","DATE_":"9/9/1998","REGISTER":"N"}},{"type":"Feature","geometry":{"type":"Polygon","coordinates":[[[-87.634626,41.913301],[-87.634627,41.913343],[-87.634627,41.913351],[-87.634628,41.913374],[-87.634632,41.913489],[-87.634632,41.913504],[-87.634632,41.913511],[-87.634633,41.913535],[-87.634634,41.913558],[-87.634636,41.913615],[-87.634636,41.913627],[-87.634641,41.913783],[-87.634643,41.913855],[-87.634646,41.913939],[-87.634649,41.914045],[-87.634651,41.914092],[-87.634651,41.914109],[-87.634654,41.914191],[-87.634655,41.914225],[-87.634657,41.914274],[-87.634658,41.914316],[-87.63466,41.914384],[-87.634663,41.914473],[-87.634664,41.914495],[-87.634665,41.914523],[-87.634666,41.914564],[-87.634667,41.914592],[-87.634669,41.914661],[-87.634671,41.914711],[-87.634673,41.914771],[-87.634686,41.914809],[-87.634701,41.914853],[-87.634707,41.915047],[-87.634709,41.915112],[-87.63471,41.915143],[-87.634712,41.915176],[-87.634714,41.915241],[-87.634719,41.915408],[-87.634721,41.915482],[-87.634723,41.915531],[-87.634783,41.915574],[-87.634815,41.915597],[-87.634847,41.91562],[-87.634988,41.915723],[-87.634997,41.915729],[-87.635021,41.915746],[-87.6352,41.915876],[-87.63525,41.915913],[-87.635266,41.915924],[-87.635268,41.915925],[-87.635332,41.915971],[-87.635363,41.915994],[-87.635384,41.91601],[-87.635352,41.916035],[-87.635236,41.916124],[-87.635206,41.916147],[-87.635209,41.916151],[-87.635251,41.916221],[-87.635264,41.916241],[-87.635293,41.91629],[-87.63533,41.916349],[-87.635344,41.916371],[-87.635367,41.916409],[-87.635399,41.916461],[-87.635411,41.916481],[-87.635464,41.916567],[-87.635522,41.916661],[-87.63555,41.91666],[-87.635605,41.916659],[-87.63567,41.916658],[-87.635745,41.916657],[-87.63584,41.916656],[-87.635925,41.916654],[-87.635931,41.916654],[-87.635937,41.916654],[-87.636022,41.916653],[-87.636112,41.916651],[-87.636191,41.91665],[-87.63632,41.916643],[-87.636439,41.916636],[-87.636625,41.916626],[-87.636733,41.916625],[-87.637169,41.916623],[-87.637315,41.916622],[-87.637407,41.916621],[-87.637475,41.916621],[-87.637623,41.916619],[-87.637658,41.916619],[-87.637653,41.916528],[-87.637647,41.916438],[-87.637643,41.916236],[-87.637641,41.916164],[-87.637733,41.916163],[-87.637815,41.916161],[-87.637825,41.916161],[-87.637835,41.916161],[-87.637918,41.91616],[-87.637983,41.916159],[-87.63801,41.916158],[-87.638022,41.916158],[-87.638036,41.916158],[-87.6381,41.916097],[-87.638154,41.916046],[-87.638154,41.916037],[-87.638153,41.915993],[-87.638152,41.915961],[-87.638151,41.915926],[-87.63815,41.915891],[-87.638149,41.915865],[-87.638149,41.91586],[-87.638149,41.915857],[-87.638147,41.915794],[-87.638146,41.915766],[-87.638145,41.915727],[-87.638144,41.915697],[-87.638144,41.915666],[-87.638144,41.915664],[-87.638143,41.915661],[-87.638142,41.915623],[-87.638142,41.915595],[-87.638141,41.915567],[-87.63814,41.915528],[-87.638139,41.915492],[-87.638138,41.915467],[-87.638138,41.915462],[-87.638136,41.915396],[-87.638135,41.915368],[-87.638134,41.915329],[-87.638133,41.915299],[-87.638133,41.915269],[-87.638133,41.915267],[-87.638133,41.915263],[-87.638131,41.915223],[-87.638131,41.915197],[-87.63813,41.915169],[-87.638129,41.91513],[-87.638129,41.915125],[-87.638128,41.915113],[-87.638128,41.9151],[-87.638128,41.915088],[-87.638127,41.915067],[-87.638127,41.915064],[-87.638132,41.915064],[-87.638197,41.915063],[-87.638336,41.915061],[-87.638399,41.91506],[-87.638435,41.915059],[-87.63849,41.915058],[-87.638589,41.915057],[-87.638716,41.915055],[-87.638832,41.915053],[-87.638831,41.915033],[-87.638831,41.915029],[-87.638829,41.914966],[-87.638829,41.914938],[-87.638828,41.914903],[-87.638826,41.914839],[-87.638824,41.914785],[-87.638824,41.914774],[-87.638824,41.914766],[-87.638823,41.91473],[-87.639447,41.914727],[-87.639558,41.914726],[-87.639554,41.9146],[-87.639553,41.914554],[-87.63955,41.914453],[-87.639548,41.914385],[-87.639547,41.914355],[-87.639545,41.914316],[-87.639543,41.914248],[-87.639541,41.914179],[-87.639539,41.914111],[-87.639537,41.914042],[-87.639769,41.914038],[-87.639896,41.914035],[-87.640011,41.914033],[-87.640073,41.914032],[-87.640149,41.914031],[-87.640257,41.914029],[-87.640346,41.914027],[-87.640399,41.913977],[-87.640401,41.913975],[-87.640417,41.91396],[-87.640429,41.913949],[-87.640447,41.913933],[-87.640451,41.91393],[-87.640451,41.913928],[-87.640451,41.913918],[-87.64045,41.913907],[-87.64045,41.913901],[-87.64045,41.913896],[-87.64045,41.913893],[-87.64045,41.913884],[-87.640448,41.913842],[-87.640447,41.913807],[-87.640447,41.91379],[-87.640447,41.913784],[-87.640446,41.913774],[-87.640444,41.913705],[-87.640444,41.913697],[-87.640443,41.913672],[-87.640442,41.913636],[-87.64044,41.913568],[-87.640439,41.913539],[-87.640439,41.913527],[-87.640439,41.913515],[-87.640438,41.913499],[-87.640436,41.913431],[-87.640434,41.913362],[-87.640434,41.913358],[-87.640432,41.913294],[-87.640507,41.913292],[-87.640697,41.913289],[-87.640962,41.913285],[-87.640962,41.913282],[-87.640961,41.913263],[-87.64096,41.913236],[-87.64096,41.913216],[-87.640958,41.913148],[-87.640956,41.913079],[-87.640952,41.912942],[-87.641094,41.91294],[-87.641098,41.91294],[-87.641155,41.912939],[-87.641194,41.912938],[-87.641386,41.912935],[-87.641659,41.912931],[-87.641718,41.91293],[-87.641756,41.912929],[-87.641806,41.912928],[-87.641864,41.912927],[-87.641889,41.912927],[-87.641894,41.912927],[-87.641906,41.912927],[-87.641982,41.912925],[-87.64207,41.912924],[-87.642088,41.912924],[-87.642158,41.912923],[-87.64229,41.912921],[-87.642401,41.912919],[-87.642398,41.912827],[-87.642395,41.912738],[-87.642394,41.912698],[-87.642393,41.912674],[-87.642391,41.91261],[-87.642389,41.912546],[-87.642389,41.91253],[-87.642388,41.912483],[-87.642386,41.912419],[-87.642384,41.912355],[-87.642383,41.912314],[-87.642382,41.912291],[-87.64238,41.912227],[-87.642378,41.912163],[-87.642378,41.912135],[-87.642377,41.912099],[-87.642375,41.912035],[-87.642373,41.911974],[-87.642373,41.911971],[-87.642371,41.911907],[-87.64237,41.911884],[-87.642369,41.911843],[-87.642367,41.911779],[-87.642366,41.911739],[-87.642366,41.911715],[-87.642364,41.911652],[-87.642362,41.911592],[-87.642362,41.911588],[-87.64236,41.911522],[-87.642358,41.911455],[-87.642357,41.911414],[-87.642238,41.911418],[-87.642115,41.911422],[-87.642083,41.911422],[-87.641876,41.911425],[-87.641802,41.911427],[-87.641566,41.91143],[-87.641509,41.911429],[-87.641456,41.911429],[-87.64129,41.911431],[-87.641142,41.911433],[-87.641031,41.911435],[-87.6409,41.911437],[-87.640898,41.911397],[-87.640898,41.91139],[-87.640897,41.91137],[-87.640892,41.911217],[-87.640761,41.911219],[-87.640742,41.91122],[-87.640595,41.911222],[-87.640444,41.911224],[-87.640378,41.911225],[-87.640359,41.911225],[-87.640302,41.911226],[-87.640182,41.911228],[-87.640079,41.91123],[-87.639923,41.911232],[-87.639929,41.911426],[-87.639817,41.911428],[-87.639687,41.911431],[-87.639575,41.911433],[-87.639531,41.911434],[-87.639483,41.911434],[-87.639434,41.911435],[-87.639391,41.911436],[-87.639348,41.911436],[-87.6393,41.911437],[-87.639201,41.911439],[-87.639191,41.911439],[-87.639176,41.911439],[-87.638717,41.911447],[-87.638475,41.911452],[-87.638475,41.911463],[-87.638475,41.911474],[-87.638476,41.911503],[-87.638477,41.911543],[-87.63848,41.911612],[-87.638482,41.911681],[-87.638083,41.911687],[-87.638084,41.911712],[-87.638014,41.911713],[-87.637906,41.911715],[-87.637888,41.911715],[-87.637794,41.911717],[-87.637682,41.911719],[-87.637611,41.91172],[-87.637569,41.91172],[-87.637458,41.911722],[-87.637389,41.911723],[-87.637343,41.911724],[-87.63723,41.911726],[-87.637181,41.911726],[-87.637117,41.911727],[-87.637004,41.911729],[-87.636891,41.911731],[-87.636799,41.911733],[-87.636781,41.911733],[-87.636777,41.911733],[-87.636753,41.911733],[-87.636683,41.911734],[-87.636678,41.911734],[-87.636556,41.911736],[-87.636558,41.91177],[-87.636563,41.91193],[-87.636565,41.911998],[-87.636456,41.912],[-87.636138,41.912006],[-87.636139,41.91204],[-87.636141,41.912082],[-87.636142,41.912128],[-87.636143,41.912161],[-87.636144,41.912194],[-87.636146,41.912239],[-87.636147,41.912287],[-87.636148,41.912315],[-87.636124,41.912315],[-87.636126,41.912379],[-87.636127,41.912391],[-87.636127,41.912402],[-87.636128,41.912466],[-87.635733,41.912472],[-87.635317,41.912478],[-87.635319,41.912542],[-87.635321,41.912605],[-87.635323,41.912668],[-87.635325,41.912732],[-87.635327,41.912795],[-87.635262,41.912796],[-87.634903,41.912801],[-87.634762,41.912804],[-87.63461,41.912806],[-87.634467,41.912808],[-87.634261,41.912811],[-87.634262,41.912893],[-87.634263,41.912976],[-87.634264,41.913009],[-87.634268,41.913104],[-87.634271,41.913197],[-87.634338,41.913196],[-87.634405,41.913195],[-87.634472,41.913194],[-87.634539,41.913193],[-87.634559,41.913193],[-87.634578,41.913192],[-87.634592,41.913192],[-87.634622,41.913192],[-87.634623,41.913213],[-87.634624,41.913252],[-87.634626,41.913301]]]},"properties":{"NAME":"Old Town Triangle","NUMBER_":"HD-25","DATE_":"9/28/1977","REGISTER":"Y"}},{"type":"Feature","geometry":{"type":"Polygon","coordinates":[[[-87.677862,41.911124],[-87.67811,41.91091],[-87.678043,41.910867],[-87.6782,41.910729],[-87.678333,41.910613],[-87.678331,41.910558],[-87.67854,41.910555],[-87.678727,41.910551],[-87.678786,41.91055],[-87.678783,41.910452],[-87.678782,41.910369],[-87.678879,41.910367],[-87.678974,41.910365],[-87.67907,41.910363],[-87.67917,41.910361],[-87.679157,41.909932],[-87.679139,41.909919],[-87.679057,41.90992],[-87.678962,41.909922],[-87.678866,41.909924],[-87.678769,41.909925],[-87.678676,41.909927],[-87.67858,41.909929],[-87.678485,41.90993],[-87.678389,41.909932],[-87.678303,41.909934],[-87.678294,41.909934],[-87.678211,41.909935],[-87.678193,41.909949],[-87.678195,41.910018],[-87.678196,41.910066],[-87.678077,41.910071],[-87.677979,41.910004],[-87.677882,41.909938],[-87.677815,41.909892],[-87.677809,41.909734],[-87.677807,41.909666],[-87.677805,41.909597],[-87.677803,41.909526],[-87.677801,41.909455],[-87.677562,41.909459],[-87.677564,41.909531],[-87.677566,41.909602],[-87.677568,41.90967],[-87.67757,41.909724],[-87.677446,41.909643],[-87.677447,41.90967],[-87.677351,41.909609],[-87.677324,41.909632],[-87.677324,41.90962],[-87.677262,41.909581],[-87.677192,41.909536],[-87.677123,41.909492],[-87.677053,41.909447],[-87.676983,41.909402],[-87.676913,41.909358],[-87.676843,41.909313],[-87.676773,41.909269],[-87.676703,41.909224],[-87.676634,41.90918],[-87.676564,41.909135],[-87.676494,41.909091],[-87.676424,41.909046],[-87.676354,41.909001],[-87.676285,41.908957],[-87.676215,41.908912],[-87.676145,41.908868],[-87.676075,41.908823],[-87.676005,41.908779],[-87.675935,41.908734],[-87.675866,41.90869],[-87.675796,41.908645],[-87.675611,41.908527],[-87.675541,41.908483],[-87.675472,41.908438],[-87.675402,41.908394],[-87.675332,41.908349],[-87.675262,41.908305],[-87.675192,41.90826],[-87.675122,41.908216],[-87.675053,41.908171],[-87.674983,41.908126],[-87.674913,41.908082],[-87.674843,41.908037],[-87.674773,41.907993],[-87.674703,41.907948],[-87.674634,41.907904],[-87.674564,41.907859],[-87.674494,41.907814],[-87.674424,41.90777],[-87.674354,41.907725],[-87.674285,41.907681],[-87.674215,41.907636],[-87.67403,41.907519],[-87.67396,41.907474],[-87.673891,41.907429],[-87.673821,41.907385],[-87.673751,41.90734],[-87.673681,41.907296],[-87.673611,41.907251],[-87.673543,41.907208],[-87.67347,41.907161],[-87.673403,41.907119],[-87.673337,41.907076],[-87.67327,41.907033],[-87.673198,41.906987],[-87.673116,41.907058],[-87.672937,41.906936],[-87.672865,41.906891],[-87.672795,41.906846],[-87.672725,41.906801],[-87.672655,41.906756],[-87.672585,41.906712],[-87.672515,41.906667],[-87.672468,41.906637],[-87.672445,41.906622],[-87.672375,41.906577],[-87.672304,41.906533],[-87.672234,41.906488],[-87.672164,41.906443],[-87.672094,41.906398],[-87.672024,41.906354],[-87.671954,41.906309],[-87.671884,41.906264],[-87.671819,41.906223],[-87.671592,41.906143],[-87.671533,41.906105],[-87.67147,41.906065],[-87.671408,41.906026],[-87.671364,41.905997],[-87.671341,41.905983],[-87.671185,41.905883],[-87.671072,41.905811],[-87.671058,41.905802],[-87.671002,41.905766],[-87.670993,41.905761],[-87.670828,41.905652],[-87.670758,41.905608],[-87.670689,41.905563],[-87.670619,41.905519],[-87.670549,41.905474],[-87.67048,41.905429],[-87.67041,41.905385],[-87.67034,41.90534],[-87.67027,41.905295],[-87.670201,41.905251],[-87.670131,41.905206],[-87.670131,41.905206],[-87.67016,41.905181],[-87.67009,41.905137],[-87.67002,41.905092],[-87.669951,41.905047],[-87.669881,41.905003],[-87.66971,41.904899],[-87.669382,41.904689],[-87.669354,41.904671],[-87.669263,41.904613],[-87.669234,41.904638],[-87.668993,41.904845],[-87.668823,41.904975],[-87.668581,41.905182],[-87.668714,41.905267],[-87.668831,41.905342],[-87.669026,41.905466],[-87.669188,41.90557],[-87.669885,41.906037],[-87.670145,41.906186],[-87.670213,41.90623],[-87.67028,41.906273],[-87.670348,41.906316],[-87.670416,41.906359],[-87.670484,41.906402],[-87.670551,41.906445],[-87.670619,41.906489],[-87.670686,41.906532],[-87.670754,41.906575],[-87.670822,41.906618],[-87.670889,41.906661],[-87.670957,41.906705],[-87.671025,41.906748],[-87.671092,41.906791],[-87.67116,41.906834],[-87.671228,41.906877],[-87.671295,41.90692],[-87.671363,41.906963],[-87.67143,41.907007],[-87.671498,41.90705],[-87.671566,41.907093],[-87.671633,41.907136],[-87.671701,41.907179],[-87.671769,41.907222],[-87.671836,41.907266],[-87.671904,41.907309],[-87.671972,41.907352],[-87.672039,41.907395],[-87.672107,41.907438],[-87.672148,41.907465],[-87.672248,41.907463],[-87.672371,41.907462],[-87.672367,41.907313],[-87.672364,41.907235],[-87.672611,41.907393],[-87.67262,41.907702],[-87.672753,41.9077],[-87.672794,41.907768],[-87.672839,41.907836],[-87.672885,41.907904],[-87.67293,41.907972],[-87.672974,41.908038],[-87.673016,41.908002],[-87.673059,41.908067],[-87.673103,41.908133],[-87.673173,41.908178],[-87.673243,41.908223],[-87.673313,41.908267],[-87.673383,41.908312],[-87.673453,41.908357],[-87.673523,41.908401],[-87.673593,41.908446],[-87.673663,41.908491],[-87.673732,41.908535],[-87.673802,41.90858],[-87.673872,41.908625],[-87.673942,41.908669],[-87.674012,41.908714],[-87.674082,41.908759],[-87.674152,41.908803],[-87.674222,41.908848],[-87.674292,41.908893],[-87.674361,41.908937],[-87.674545,41.909055],[-87.674615,41.9091],[-87.674686,41.909145],[-87.674756,41.909189],[-87.674826,41.909234],[-87.674896,41.909279],[-87.674966,41.909323],[-87.675036,41.909368],[-87.675107,41.909413],[-87.675108,41.909413],[-87.675109,41.909414],[-87.675177,41.909457],[-87.675247,41.909502],[-87.675317,41.909546],[-87.675387,41.909591],[-87.675453,41.909633],[-87.675457,41.909636],[-87.675528,41.90968],[-87.675598,41.909725],[-87.675668,41.90977],[-87.675738,41.909814],[-87.675808,41.909859],[-87.675878,41.909904],[-87.675949,41.909948],[-87.676019,41.909993],[-87.676089,41.910038],[-87.676159,41.910082],[-87.676229,41.910127],[-87.676299,41.910171],[-87.67637,41.910216],[-87.67637,41.910216],[-87.676374,41.91041],[-87.676373,41.910591],[-87.676462,41.910589],[-87.676551,41.910588],[-87.67664,41.910587],[-87.676729,41.910585],[-87.676818,41.910584],[-87.676906,41.910583],[-87.67691,41.910802],[-87.677,41.910801],[-87.677088,41.910799],[-87.67716,41.910798],[-87.677177,41.910798],[-87.677247,41.910797],[-87.677266,41.910797],[-87.677355,41.910795],[-87.677601,41.910955],[-87.677661,41.910994],[-87.677728,41.911038],[-87.677795,41.911081],[-87.677862,41.911124]]]},"properties":{"NAME":"Milwaukee Avenue District","NUMBER_":"HD-56","DATE_":"4/9/2008","REGISTER":null}},{"type":"Feature","geometry":{"type":"Polygon","coordinates":[[[-87.627029,41.910307],[-87.627031,41.910376],[-87.627033,41.910444],[-87.627035,41.910513],[-87.627036,41.91054],[-87.627038,41.910581],[-87.62704,41.91065],[-87.627042,41.910718],[-87.627043,41.910745],[-87.627044,41.910787],[-87.627046,41.910856],[-87.627048,41.910924],[-87.62705,41.910993],[-87.627052,41.911061],[-87.627055,41.911156],[-87.627056,41.911243],[-87.627056,41.911266],[-87.627057,41.911328],[-87.628855,41.911309],[-87.629031,41.911306],[-87.629028,41.911221],[-87.629024,41.911132],[-87.629021,41.91104],[-87.629019,41.910971],[-87.629017,41.910903],[-87.629015,41.910834],[-87.629015,41.910831],[-87.629013,41.910765],[-87.629011,41.910697],[-87.629009,41.910628],[-87.629007,41.910559],[-87.628999,41.910322],[-87.628998,41.910284],[-87.628858,41.910286],[-87.628704,41.910288],[-87.628437,41.910292],[-87.628245,41.910295],[-87.628238,41.91029],[-87.628226,41.910281],[-87.628226,41.910281],[-87.628226,41.910257],[-87.628225,41.910226],[-87.628224,41.910195],[-87.628222,41.910158],[-87.628222,41.910147],[-87.62822,41.910089],[-87.628219,41.910051],[-87.628218,41.91002],[-87.628217,41.909993],[-87.628217,41.909969],[-87.628216,41.90996],[-87.628216,41.909952],[-87.628214,41.909883],[-87.628214,41.909873],[-87.628212,41.909814],[-87.62821,41.909745],[-87.628208,41.909677],[-87.628205,41.909585],[-87.628202,41.909491],[-87.628199,41.909404],[-87.628198,41.909362],[-87.628197,41.909322],[-87.628195,41.909253],[-87.628193,41.909184],[-87.628191,41.909147],[-87.62819,41.909115],[-87.628188,41.909046],[-87.628188,41.909036],[-87.628188,41.90903],[-87.628187,41.908999],[-87.628186,41.908977],[-87.628186,41.908957],[-87.628185,41.908934],[-87.628184,41.908915],[-87.628184,41.908908],[-87.628182,41.908851],[-87.628182,41.90884],[-87.628182,41.908839],[-87.628181,41.908794],[-87.62818,41.90877],[-87.628178,41.908728],[-87.628178,41.908701],[-87.628177,41.90868],[-87.628176,41.908659],[-87.628176,41.908647],[-87.628176,41.908633],[-87.628174,41.908577],[-87.628174,41.908575],[-87.628173,41.908564],[-87.628171,41.908495],[-87.628169,41.908426],[-87.628169,41.908417],[-87.628169,41.908411],[-87.628168,41.908383],[-87.628167,41.908357],[-87.628165,41.908288],[-87.628165,41.908286],[-87.628165,41.908274],[-87.628163,41.908219],[-87.628161,41.90815],[-87.628159,41.908081],[-87.628157,41.908012],[-87.628156,41.907978],[-87.628154,41.907943],[-87.628152,41.907872],[-87.628152,41.907861],[-87.628151,41.907808],[-87.628149,41.907751],[-87.627909,41.907755],[-87.62784,41.907756],[-87.62784,41.907756],[-87.627788,41.907525],[-87.627739,41.907307],[-87.627732,41.907275],[-87.627724,41.907238],[-87.627694,41.907107],[-87.62769,41.907088],[-87.627641,41.90687],[-87.627641,41.90687],[-87.6281,41.906862],[-87.628098,41.906774],[-87.628096,41.906681],[-87.628094,41.906626],[-87.628093,41.906588],[-87.628092,41.90656],[-87.628091,41.906543],[-87.62809,41.90651],[-87.62809,41.906485],[-87.628089,41.906457],[-87.628088,41.906447],[-87.628088,41.906441],[-87.628087,41.906416],[-87.628087,41.9064],[-87.628084,41.906321],[-87.628081,41.906202],[-87.628076,41.906043],[-87.628074,41.905985],[-87.628074,41.905983],[-87.628074,41.905981],[-87.628072,41.905907],[-87.628068,41.905821],[-87.628064,41.905726],[-87.628062,41.905658],[-87.628059,41.905546],[-87.628054,41.905408],[-87.628052,41.905326],[-87.628051,41.905291],[-87.62805,41.905265],[-87.628048,41.905203],[-87.628046,41.905142],[-87.628044,41.90508],[-87.628042,41.905009],[-87.628041,41.904958],[-87.628037,41.904867],[-87.628033,41.904776],[-87.62803,41.904666],[-87.628027,41.904587],[-87.628026,41.904556],[-87.628025,41.904513],[-87.628023,41.904446],[-87.628022,41.904411],[-87.62802,41.904367],[-87.627954,41.904368],[-87.627913,41.904369],[-87.62788,41.904369],[-87.627807,41.90437],[-87.627764,41.904371],[-87.627733,41.904372],[-87.627659,41.904373],[-87.627648,41.904373],[-87.627586,41.904374],[-87.627512,41.904375],[-87.627466,41.904376],[-87.627438,41.904377],[-87.627365,41.904378],[-87.627355,41.904378],[-87.627291,41.904379],[-87.627217,41.90438],[-87.627217,41.90438],[-87.627207,41.904055],[-87.627204,41.903965],[-87.627202,41.903874],[-87.627175,41.903874],[-87.627108,41.903875],[-87.627108,41.903875],[-87.627097,41.903763],[-87.627085,41.903648],[-87.627085,41.903648],[-87.627066,41.903648],[-87.627044,41.903648],[-87.626999,41.903649],[-87.62693,41.90365],[-87.62691,41.903651],[-87.626894,41.903651],[-87.626882,41.903651],[-87.626877,41.903651],[-87.626855,41.903651],[-87.626794,41.903652],[-87.626734,41.903653],[-87.626673,41.903654],[-87.626614,41.903655],[-87.626591,41.903656],[-87.626546,41.903657],[-87.626508,41.903657],[-87.626485,41.903658],[-87.626426,41.903659],[-87.626433,41.903887],[-87.626422,41.903887],[-87.626358,41.903888],[-87.626295,41.903889],[-87.626307,41.90398],[-87.626319,41.90407],[-87.626359,41.904374],[-87.626369,41.904451],[-87.626372,41.904475],[-87.626373,41.904482],[-87.626387,41.904585],[-87.626396,41.904659],[-87.626401,41.904695],[-87.626406,41.904732],[-87.626416,41.904805],[-87.626421,41.904893],[-87.626426,41.904986],[-87.626426,41.904986],[-87.62644,41.905117],[-87.626451,41.905223],[-87.626463,41.905342],[-87.626468,41.905392],[-87.62651,41.905391],[-87.626538,41.90539],[-87.626584,41.905749],[-87.626584,41.905749],[-87.626444,41.905751],[-87.626427,41.905752],[-87.626436,41.905843],[-87.626444,41.905932],[-87.626454,41.906042],[-87.626465,41.906153],[-87.626475,41.906264],[-87.626485,41.906376],[-87.626491,41.906433],[-87.626496,41.906486],[-87.626501,41.906541],[-87.626506,41.906598],[-87.626516,41.906708],[-87.626525,41.906799],[-87.626533,41.906889],[-87.626722,41.906886],[-87.626879,41.906883],[-87.626934,41.907129],[-87.626977,41.907322],[-87.626931,41.907323],[-87.62696,41.907452],[-87.626981,41.907542],[-87.626993,41.907542],[-87.627085,41.90754],[-87.627136,41.907768],[-87.627,41.90777],[-87.626707,41.907775],[-87.626716,41.907831],[-87.626725,41.907885],[-87.626736,41.907952],[-87.626746,41.90802],[-87.626757,41.908088],[-87.626767,41.908156],[-87.626778,41.908223],[-87.626789,41.908291],[-87.626799,41.908359],[-87.626808,41.908414],[-87.62681,41.908427],[-87.62682,41.908494],[-87.626831,41.908562],[-87.626841,41.90863],[-87.626844,41.908644],[-87.626852,41.908697],[-87.626863,41.908765],[-87.626865,41.908779],[-87.626873,41.908833],[-87.626884,41.908901],[-87.626894,41.908968],[-87.626905,41.909036],[-87.626916,41.909104],[-87.626926,41.909172],[-87.626935,41.909226],[-87.626937,41.909239],[-87.626947,41.909307],[-87.626965,41.909422],[-87.626979,41.90951],[-87.626994,41.909602],[-87.627028,41.909602],[-87.62704,41.909992],[-87.627041,41.910033],[-87.627022,41.910064],[-87.627023,41.910101],[-87.627025,41.91017],[-87.627027,41.910239],[-87.627029,41.910307]]]},"properties":{"NAME":"Astor Street","NUMBER_":"HD- 4","DATE_":"12/19/1975","REGISTER":"Y"}},{"type":"Feature","geometry":{"type":"MultiPolygon","coordinates":[[[[-87.670767,41.692435],[-87.670622,41.692425],[-87.670578,41.692752],[-87.670723,41.692763],[-87.670767,41.692435]]],[[[-87.667452,41.721333],[-87.667415,41.721332],[-87.667411,41.721417],[-87.667355,41.721415],[-87.667357,41.721367],[-87.667271,41.721365],[-87.667264,41.721524],[-87.667361,41.721527],[-87.667364,41.721462],[-87.667356,41.721462],[-87.667357,41.721452],[-87.667414,41.721454],[-87.667408,41.721581],[-87.66744,41.721581],[-87.667452,41.721333]]],[[[-87.671671,41.684915],[-87.67161,41.684911],[-87.671545,41.684906],[-87.671522,41.685078],[-87.671608,41.685084],[-87.671649,41.685087],[-87.671671,41.684915]]],[[[-87.667417,41.727896],[-87.667288,41.727894],[-87.667286,41.72796],[-87.667269,41.727959],[-87.667266,41.728048],[-87.667412,41.728051],[-87.667417,41.727896]]],[[[-87.669974,41.698818],[-87.66988,41.698813],[-87.669877,41.698847],[-87.66986,41.698856],[-87.669856,41.698885],[-87.669869,41.698896],[-87.669865,41.698934],[-87.66996,41.69894],[-87.669961,41.698929],[-87.670017,41.698933],[-87.670026,41.698846],[-87.670004,41.698845],[-87.670006,41.698827],[-87.669973,41.698825],[-87.669974,41.698818]]],[[[-87.66756,41.713658],[-87.6674,41.713662],[-87.667405,41.713771],[-87.667564,41.713768],[-87.66756,41.713658]]]]},"properties":{"NAME":"Beverly/Morgan Park Railroad Station","NUMBER_":"HD- 5","DATE_":"4/15/1995","REGISTER":"N"}},{"type":"Feature","geometry":{"type":"Polygon","coordinates":[[[-87.644105,41.934892],[-87.644347,41.934886],[-87.644344,41.934775],[-87.644332,41.934415],[-87.64435,41.934366],[-87.644369,41.934319],[-87.644391,41.934272],[-87.644414,41.934226],[-87.64444,41.93418],[-87.644446,41.934171],[-87.644202,41.934168],[-87.644185,41.933663],[-87.644183,41.933595],[-87.644182,41.93358],[-87.64418,41.933498],[-87.643996,41.933501],[-87.643812,41.933505],[-87.643626,41.933508],[-87.643494,41.933511],[-87.643435,41.933512],[-87.643438,41.933606],[-87.643442,41.933742],[-87.643446,41.933879],[-87.643447,41.933913],[-87.642896,41.933924],[-87.642895,41.933897],[-87.642653,41.933902],[-87.642103,41.933912],[-87.642101,41.933874],[-87.642099,41.933806],[-87.642095,41.93367],[-87.642093,41.93358],[-87.642091,41.933535],[-87.642088,41.933412],[-87.642088,41.93336],[-87.64206,41.933361],[-87.641968,41.933362],[-87.641878,41.933364],[-87.641786,41.933366],[-87.641694,41.933368],[-87.641485,41.933372],[-87.641242,41.933376],[-87.641089,41.933379],[-87.640926,41.933382],[-87.640879,41.933383],[-87.640746,41.933386],[-87.640565,41.933389],[-87.640385,41.933393],[-87.640213,41.933396],[-87.640212,41.933448],[-87.640215,41.93357],[-87.640218,41.933705],[-87.640221,41.93384],[-87.640223,41.933945],[-87.640022,41.933948],[-87.640023,41.933979],[-87.640026,41.934116],[-87.640029,41.934245],[-87.640035,41.934426],[-87.640027,41.934427],[-87.640034,41.934614],[-87.64004,41.934774],[-87.640047,41.934962],[-87.64011,41.934961],[-87.640203,41.934959],[-87.640231,41.934959],[-87.640291,41.934958],[-87.640353,41.934957],[-87.640387,41.934956],[-87.640476,41.934955],[-87.640661,41.934952],[-87.640722,41.934951],[-87.640845,41.934949],[-87.640882,41.934948],[-87.64103,41.934945],[-87.641214,41.934942],[-87.641399,41.934939],[-87.641499,41.934938],[-87.641683,41.934934],[-87.641926,41.93493],[-87.642109,41.934927],[-87.642293,41.934924],[-87.642476,41.93492],[-87.64266,41.934917],[-87.642843,41.934914],[-87.643027,41.934911],[-87.643131,41.934909],[-87.643187,41.934908],[-87.643237,41.934907],[-87.643244,41.934907],[-87.643371,41.934905],[-87.643555,41.934901],[-87.643646,41.9349],[-87.643738,41.934898],[-87.643922,41.934895],[-87.644105,41.934892]]]},"properties":{"NAME":"Surf-Pine District","NUMBER_":"HD-50","DATE_":"7/19/2007","REGISTER":null}},{"type":"Feature","geometry":{"type":"Polygon","coordinates":[[[-87.721698,41.853238],[-87.721695,41.853139],[-87.721636,41.85314],[-87.721157,41.853145],[-87.720915,41.853146],[-87.720917,41.853226],[-87.720919,41.853295],[-87.720921,41.853364],[-87.720923,41.853432],[-87.720925,41.853501],[-87.720927,41.85357],[-87.72093,41.853638],[-87.720932,41.853707],[-87.720934,41.853776],[-87.720936,41.853845],[-87.721178,41.85383],[-87.721655,41.853826],[-87.721714,41.853825],[-87.721711,41.853732],[-87.721709,41.853633],[-87.721706,41.853534],[-87.721703,41.853435],[-87.7217,41.853337],[-87.721698,41.853238]]]},"properties":{"NAME":"Five Houses on Avers Avenue","NUMBER_":"HD-10","DATE_":"3/2/1994","REGISTER":"N"}},{"type":"Feature","geometry":{"type":"Polygon","coordinates":[[[-87.642418,41.94486],[-87.642583,41.945401],[-87.642584,41.945401],[-87.64264,41.945382],[-87.642643,41.945381],[-87.642695,41.945363],[-87.642752,41.945344],[-87.642806,41.945326],[-87.642862,41.945307],[-87.642891,41.945297],[-87.643036,41.945248],[-87.643062,41.945239],[-87.64317,41.945202],[-87.643197,41.945193],[-87.643206,41.94519],[-87.643233,41.945181],[-87.643256,41.945173],[-87.643314,41.945153],[-87.643364,41.945136],[-87.643403,41.945123],[-87.643515,41.945085],[-87.643518,41.945084],[-87.643531,41.94508],[-87.643568,41.945067],[-87.643574,41.945065],[-87.643609,41.945053],[-87.643699,41.945023],[-87.643728,41.945013],[-87.643745,41.945007],[-87.643866,41.944966],[-87.643916,41.944949],[-87.643936,41.944942],[-87.644041,41.944907],[-87.644072,41.944896],[-87.644087,41.944891],[-87.644113,41.944882],[-87.644201,41.944853],[-87.644248,41.944837],[-87.644258,41.944833],[-87.644284,41.944824],[-87.644284,41.944824],[-87.644307,41.944862],[-87.644357,41.944845],[-87.644391,41.944833],[-87.644424,41.944822],[-87.644475,41.944805],[-87.644508,41.944794],[-87.644518,41.94479],[-87.644558,41.944776],[-87.644611,41.944758],[-87.644628,41.944753],[-87.644726,41.94472],[-87.644794,41.944697],[-87.644771,41.944659],[-87.644771,41.944659],[-87.644841,41.944635],[-87.64487,41.944625],[-87.644903,41.944614],[-87.644951,41.944598],[-87.644954,41.944597],[-87.644954,41.944597],[-87.644977,41.944635],[-87.644977,41.944635],[-87.645026,41.944618],[-87.64506,41.944606],[-87.645112,41.944589],[-87.645144,41.944578],[-87.645147,41.944577],[-87.645149,41.944576],[-87.645149,41.944576],[-87.645138,41.944539],[-87.645129,41.94451],[-87.64512,41.94448],[-87.645111,41.944451],[-87.645102,41.944421],[-87.645093,41.944392],[-87.645084,41.944362],[-87.645075,41.944333],[-87.645063,41.944295],[-87.645054,41.944266],[-87.645029,41.944184],[-87.645005,41.944106],[-87.644997,41.944107],[-87.644889,41.943872],[-87.644889,41.943872],[-87.644848,41.943872],[-87.644757,41.943873],[-87.644687,41.943874],[-87.644575,41.943875],[-87.644551,41.943876],[-87.644542,41.943876],[-87.644527,41.943876],[-87.644504,41.943876],[-87.644501,41.943876],[-87.644354,41.943878],[-87.64432,41.943878],[-87.644166,41.94388],[-87.644152,41.94388],[-87.644136,41.943881],[-87.643978,41.943883],[-87.643971,41.943883],[-87.643952,41.943883],[-87.643805,41.943885],[-87.64379,41.943885],[-87.643771,41.943885],[-87.643769,41.943885],[-87.643738,41.943885],[-87.643624,41.943887],[-87.643602,41.943887],[-87.643598,41.943887],[-87.643585,41.943887],[-87.643415,41.943889],[-87.643415,41.943889],[-87.643508,41.944196],[-87.643556,41.944353],[-87.643556,41.944353],[-87.643417,41.944376],[-87.643377,41.944383],[-87.643342,41.944389],[-87.643198,41.944414],[-87.643034,41.944441],[-87.643019,41.944444],[-87.643001,41.944447],[-87.642839,41.944475],[-87.6427,41.944498],[-87.64266,41.944505],[-87.642513,41.94453],[-87.642413,41.944547],[-87.642327,41.944562],[-87.642351,41.944641],[-87.642376,41.944722],[-87.642418,41.94486]]]},"properties":{"NAME":"Hawthorne Place","NUMBER_":"HD-11","DATE_":"3/26/1996","REGISTER":"N"}},{"type":"Feature","geometry":{"type":"Polygon","coordinates":[[[-87.623882,41.869222],[-87.623887,41.86943],[-87.623973,41.873058],[-87.623976,41.873167],[-87.623978,41.873277],[-87.624006,41.874442],[-87.624014,41.874872],[-87.624014,41.874873],[-87.624015,41.874873],[-87.624015,41.874874],[-87.624015,41.874875],[-87.624016,41.874876],[-87.624016,41.874877],[-87.624016,41.874878],[-87.624016,41.874879],[-87.624016,41.87488],[-87.624017,41.874881],[-87.624017,41.874882],[-87.624017,41.874883],[-87.624017,41.874884],[-87.624057,41.876579],[-87.624068,41.877014],[-87.624095,41.878177],[-87.623301,41.878187],[-87.623323,41.879126],[-87.623126,41.879129],[-87.623135,41.879489],[-87.623139,41.879654],[-87.623147,41.880003],[-87.623344,41.88],[-87.623367,41.880963],[-87.624161,41.880951],[-87.624189,41.882115],[-87.624238,41.884398],[-87.624243,41.884615],[-87.624711,41.884613],[-87.625186,41.884611],[-87.625274,41.884611],[-87.625423,41.88461],[-87.625454,41.88461],[-87.625449,41.884393],[-87.625446,41.884261],[-87.625444,41.884129],[-87.625441,41.883997],[-87.625439,41.883865],[-87.625436,41.883733],[-87.625435,41.883667],[-87.625434,41.8836],[-87.625431,41.883468],[-87.625428,41.883333],[-87.625423,41.883112],[-87.625419,41.882981],[-87.625415,41.882849],[-87.625413,41.882784],[-87.625411,41.882718],[-87.625407,41.882586],[-87.625404,41.882475],[-87.625403,41.882455],[-87.6254,41.882352],[-87.625399,41.882323],[-87.625396,41.882206],[-87.625389,41.881989],[-87.625361,41.88199],[-87.625355,41.881732],[-87.625354,41.881696],[-87.625353,41.881622],[-87.625351,41.881549],[-87.625318,41.88155],[-87.625315,41.881439],[-87.625314,41.881379],[-87.625313,41.881327],[-87.62531,41.881208],[-87.625307,41.881107],[-87.625307,41.881087],[-87.625305,41.881005],[-87.625302,41.8809],[-87.6253,41.880718],[-87.625295,41.880498],[-87.625294,41.880475],[-87.625289,41.880278],[-87.625287,41.880168],[-87.625286,41.880129],[-87.625284,41.880057],[-87.625281,41.879947],[-87.625279,41.879837],[-87.625312,41.879836],[-87.625307,41.879628],[-87.625302,41.879446],[-87.625297,41.879225],[-87.625295,41.879155],[-87.625288,41.878826],[-87.625287,41.878784],[-87.625284,41.878673],[-87.625283,41.878624],[-87.625281,41.878565],[-87.625277,41.878356],[-87.625267,41.878175],[-87.625257,41.877763],[-87.625257,41.877735],[-87.625254,41.877626],[-87.625251,41.877516],[-87.625248,41.877376],[-87.625241,41.877084],[-87.625389,41.877081],[-87.625469,41.87708],[-87.625487,41.87708],[-87.625505,41.877079],[-87.625579,41.877078],[-87.625575,41.876897],[-87.625572,41.876787],[-87.625568,41.876628],[-87.625484,41.876629],[-87.625419,41.876631],[-87.625356,41.876632],[-87.625231,41.876634],[-87.62523,41.876608],[-87.625228,41.876534],[-87.625228,41.876515],[-87.625226,41.876461],[-87.625196,41.876462],[-87.625191,41.876241],[-87.625854,41.876228],[-87.626221,41.876222],[-87.626219,41.876111],[-87.626218,41.87607],[-87.626216,41.876001],[-87.626212,41.875826],[-87.626211,41.87578],[-87.626206,41.875599],[-87.625839,41.875606],[-87.625469,41.875613],[-87.625432,41.875613],[-87.625396,41.875614],[-87.6253,41.875616],[-87.625205,41.875618],[-87.625197,41.8753],[-87.625196,41.875251],[-87.625194,41.875177],[-87.625189,41.874956],[-87.625186,41.874846],[-87.625184,41.874735],[-87.625181,41.874625],[-87.625179,41.874517],[-87.625174,41.874336],[-87.625172,41.874225],[-87.625169,41.874115],[-87.625167,41.874005],[-87.625164,41.873894],[-87.625161,41.873784],[-87.625159,41.873674],[-87.625156,41.873563],[-87.625154,41.873453],[-87.625493,41.873446],[-87.625491,41.873336],[-87.625488,41.873227],[-87.625483,41.873045],[-87.62514,41.873053],[-87.625115,41.873054],[-87.625109,41.872833],[-87.625104,41.872612],[-87.625102,41.87254],[-87.625099,41.872396],[-87.625094,41.87218],[-87.625088,41.87195],[-87.625084,41.871768],[-87.625079,41.871548],[-87.625077,41.871466],[-87.625074,41.871327],[-87.625071,41.871217],[-87.62507,41.871184],[-87.62507,41.871162],[-87.625069,41.871107],[-87.625066,41.870998],[-87.625064,41.8709],[-87.625063,41.870873],[-87.625024,41.870873],[-87.625022,41.870773],[-87.625019,41.870667],[-87.625281,41.870661],[-87.625277,41.87048],[-87.625272,41.870248],[-87.625268,41.870111],[-87.625122,41.870115],[-87.625119,41.870005],[-87.625117,41.869931],[-87.625117,41.869915],[-87.625116,41.869865],[-87.625115,41.86984],[-87.625113,41.869753],[-87.625112,41.869722],[-87.625068,41.869723],[-87.624973,41.869726],[-87.624877,41.869728],[-87.624869,41.869384],[-87.624865,41.869203],[-87.624359,41.869214],[-87.623882,41.869222]]]},"properties":{"NAME":"Historic Michigan Boulevard","NUMBER_":"HD-12","DATE_":"2/27/2002","REGISTER":null}},{"type":"Feature","geometry":{"type":"Polygon","coordinates":[[[-87.646648,41.959656],[-87.646648,41.959658],[-87.646648,41.959659],[-87.646648,41.959663],[-87.646649,41.959665],[-87.646649,41.959666],[-87.646649,41.959668],[-87.646649,41.959669],[-87.646649,41.95967],[-87.64665,41.959672],[-87.64665,41.959675],[-87.646651,41.959689],[-87.646653,41.959721],[-87.646737,41.95972],[-87.646896,41.959718],[-87.647151,41.959714],[-87.647335,41.959711],[-87.64752,41.959708],[-87.647567,41.959707],[-87.647704,41.959705],[-87.647888,41.959702],[-87.647901,41.959702],[-87.647903,41.959702],[-87.647918,41.959702],[-87.648072,41.959699],[-87.648154,41.959698],[-87.648256,41.959697],[-87.64844,41.959694],[-87.648451,41.959694],[-87.648624,41.959691],[-87.648808,41.959688],[-87.648925,41.959686],[-87.648992,41.959685],[-87.64901,41.959685],[-87.649139,41.959683],[-87.649159,41.959682],[-87.649176,41.959682],[-87.64936,41.959679],[-87.649436,41.959678],[-87.649544,41.959677],[-87.649728,41.959674],[-87.649851,41.959676],[-87.649971,41.959679],[-87.649971,41.959679],[-87.650155,41.959677],[-87.650338,41.959675],[-87.650446,41.959673],[-87.650522,41.959672],[-87.650628,41.959671],[-87.650633,41.959671],[-87.650993,41.959667],[-87.651074,41.959666],[-87.651186,41.959664],[-87.651287,41.959663],[-87.65172,41.959658],[-87.651728,41.959658],[-87.651856,41.959657],[-87.651982,41.959655],[-87.651955,41.959594],[-87.65194,41.95956],[-87.651892,41.959452],[-87.652462,41.959259],[-87.652456,41.959249],[-87.652447,41.959234],[-87.652444,41.95923],[-87.652441,41.959226],[-87.652412,41.959181],[-87.652371,41.959115],[-87.652365,41.959106],[-87.652175,41.959174],[-87.651824,41.959299],[-87.651766,41.959168],[-87.651736,41.959099],[-87.651707,41.959034],[-87.651496,41.958559],[-87.651455,41.958467],[-87.651416,41.958379],[-87.651396,41.958379],[-87.651291,41.95838],[-87.65122,41.958381],[-87.651128,41.958382],[-87.650999,41.958384],[-87.650944,41.958385],[-87.650825,41.958386],[-87.65076,41.958387],[-87.650598,41.958389],[-87.650576,41.958389],[-87.650471,41.958391],[-87.650392,41.958392],[-87.650213,41.958394],[-87.650208,41.958394],[-87.649932,41.958397],[-87.649932,41.958397],[-87.649812,41.958398],[-87.649689,41.9584],[-87.649691,41.958489],[-87.649694,41.958581],[-87.649702,41.958813],[-87.649706,41.958943],[-87.649706,41.958943],[-87.649603,41.958945],[-87.649523,41.958946],[-87.64943,41.958947],[-87.649409,41.958947],[-87.649376,41.958947],[-87.649348,41.958948],[-87.649338,41.958948],[-87.649246,41.958949],[-87.649221,41.958949],[-87.649156,41.95895],[-87.649062,41.958951],[-87.64897,41.958952],[-87.648878,41.958953],[-87.648787,41.958954],[-87.64874,41.958955],[-87.648695,41.958956],[-87.648603,41.958957],[-87.648419,41.958959],[-87.648343,41.95896],[-87.648327,41.95896],[-87.648235,41.958961],[-87.648143,41.958962],[-87.648051,41.958963],[-87.647959,41.958964],[-87.647951,41.958965],[-87.647944,41.958965],[-87.647867,41.958966],[-87.647775,41.958967],[-87.647744,41.958967],[-87.64772,41.958967],[-87.6477,41.958968],[-87.647683,41.958968],[-87.647591,41.958969],[-87.647499,41.95897],[-87.647493,41.95897],[-87.647481,41.95897],[-87.647371,41.958971],[-87.647316,41.958972],[-87.647303,41.958972],[-87.64726,41.958973],[-87.647195,41.958974],[-87.647132,41.958974],[-87.646962,41.958976],[-87.646752,41.958979],[-87.64659,41.95898],[-87.646506,41.958981],[-87.646506,41.958981],[-87.64651,41.958994],[-87.646515,41.959013],[-87.646516,41.959019],[-87.64652,41.959032],[-87.646523,41.959044],[-87.64653,41.959069],[-87.646533,41.959083],[-87.646536,41.959095],[-87.646541,41.959114],[-87.646543,41.95912],[-87.646544,41.959125],[-87.646549,41.959145],[-87.646555,41.959166],[-87.646556,41.95917],[-87.646563,41.959195],[-87.646567,41.959212],[-87.646569,41.959221],[-87.646571,41.959228],[-87.646576,41.959246],[-87.646582,41.959271],[-87.646582,41.959273],[-87.646588,41.959296],[-87.646594,41.959319],[-87.646595,41.959322],[-87.646595,41.959322],[-87.646595,41.959323],[-87.646597,41.959329],[-87.646597,41.95933],[-87.646599,41.959337],[-87.646599,41.959341],[-87.6466,41.959344],[-87.646602,41.95935],[-87.646602,41.959351],[-87.646604,41.959359],[-87.646604,41.959361],[-87.646605,41.959366],[-87.646607,41.959373],[-87.646607,41.959374],[-87.646609,41.95938],[-87.646609,41.959384],[-87.64661,41.959388],[-87.646611,41.959393],[-87.646612,41.959395],[-87.646612,41.959398],[-87.646613,41.959402],[-87.646614,41.959405],[-87.646615,41.959409],[-87.646616,41.959414],[-87.646616,41.959416],[-87.646616,41.959418],[-87.646618,41.959424],[-87.646619,41.95943],[-87.646619,41.959431],[-87.64662,41.959438],[-87.646621,41.959442],[-87.646622,41.959445],[-87.646623,41.959452],[-87.646623,41.959453],[-87.646624,41.95946],[-87.646625,41.959462],[-87.646626,41.959467],[-87.646627,41.959475],[-87.646628,41.959481],[-87.646628,41.959482],[-87.646629,41.959489],[-87.64663,41.959496],[-87.646631,41.959504],[-87.646632,41.959511],[-87.646633,41.959518],[-87.646634,41.959525],[-87.646635,41.959533],[-87.646636,41.95954],[-87.646637,41.959547],[-87.646638,41.959555],[-87.646639,41.959562],[-87.64664,41.959567],[-87.64664,41.959569],[-87.646641,41.959577],[-87.646642,41.959584],[-87.646642,41.959588],[-87.646642,41.959591],[-87.646643,41.959597],[-87.646643,41.959598],[-87.646644,41.959606],[-87.646644,41.959609],[-87.646644,41.959613],[-87.646645,41.959619],[-87.646645,41.95962],[-87.646646,41.959628],[-87.646646,41.959633],[-87.646646,41.959635],[-87.646646,41.959638],[-87.646647,41.959642],[-87.646647,41.959645],[-87.646647,41.95965],[-87.646647,41.959651],[-87.646648,41.959653],[-87.646648,41.959656]]]},"properties":{"NAME":"Hutchinson Street","NUMBER_":"HD-13","DATE_":"8/31/1977","REGISTER":"Y"}},{"type":"Feature","geometry":{"type":"MultiPolygon","coordinates":[[[[-87.682205,41.900805],[-87.682207,41.900849],[-87.682209,41.900937],[-87.682211,41.90102],[-87.682213,41.901104],[-87.682216,41.901192],[-87.682603,41.901185],[-87.682655,41.901184],[-87.682765,41.901182],[-87.682875,41.90118],[-87.682985,41.901177],[-87.683095,41.901176],[-87.683205,41.901174],[-87.683315,41.901172],[-87.683425,41.90117],[-87.683535,41.901168],[-87.683645,41.901166],[-87.683755,41.901164],[-87.683865,41.901162],[-87.683975,41.901159],[-87.684027,41.901159],[-87.684415,41.901152],[-87.684412,41.901064],[-87.68441,41.90098],[-87.684408,41.900897],[-87.684406,41.900816],[-87.684405,41.900765],[-87.683969,41.900773],[-87.683956,41.900431],[-87.684396,41.900423],[-87.684638,41.900418],[-87.68464,41.900501],[-87.684643,41.900583],[-87.684645,41.900666],[-87.684647,41.90075],[-87.684649,41.900832],[-87.684651,41.900915],[-87.684653,41.900997],[-87.684655,41.90108],[-87.684657,41.901147],[-87.68477,41.901146],[-87.684859,41.901144],[-87.684948,41.901143],[-87.685038,41.901141],[-87.685036,41.901073],[-87.685034,41.900991],[-87.685032,41.900909],[-87.68503,41.900826],[-87.685028,41.900753],[-87.685105,41.900753],[-87.685207,41.900751],[-87.685327,41.900749],[-87.685447,41.900747],[-87.685568,41.900745],[-87.685688,41.900743],[-87.685809,41.900741],[-87.685929,41.900739],[-87.68605,41.900737],[-87.68617,41.900735],[-87.686291,41.900733],[-87.686392,41.900731],[-87.68641,41.900717],[-87.686402,41.900387],[-87.686397,41.900206],[-87.686388,41.899877],[-87.686369,41.899864],[-87.686267,41.899866],[-87.686146,41.899868],[-87.686035,41.89987],[-87.685914,41.899872],[-87.685793,41.899874],[-87.685672,41.899876],[-87.685551,41.899878],[-87.68543,41.899881],[-87.68531,41.899883],[-87.685189,41.899885],[-87.685086,41.899887],[-87.685068,41.899901],[-87.685006,41.899899],[-87.685004,41.899834],[-87.685004,41.899816],[-87.685003,41.899768],[-87.685002,41.899742],[-87.685001,41.899703],[-87.685,41.899653],[-87.684999,41.899637],[-87.684998,41.899571],[-87.684996,41.899503],[-87.684615,41.89951],[-87.684373,41.899515],[-87.684368,41.899334],[-87.684366,41.899267],[-87.684365,41.899233],[-87.684365,41.899201],[-87.684363,41.89915],[-87.684363,41.899134],[-87.684361,41.899068],[-87.68436,41.899001],[-87.684359,41.89899],[-87.683978,41.898997],[-87.683919,41.898998],[-87.683831,41.899],[-87.683809,41.899],[-87.683743,41.899001],[-87.683699,41.899002],[-87.683655,41.899003],[-87.683589,41.899004],[-87.683567,41.899004],[-87.683479,41.899006],[-87.683391,41.899008],[-87.683369,41.899008],[-87.683303,41.899009],[-87.683259,41.89901],[-87.683215,41.899011],[-87.683149,41.899012],[-87.683127,41.899012],[-87.683038,41.899014],[-87.682951,41.899015],[-87.682863,41.899017],[-87.682774,41.899019],[-87.682686,41.89902],[-87.682598,41.899022],[-87.682539,41.899023],[-87.682158,41.89903],[-87.682158,41.899041],[-87.68216,41.899106],[-87.68216,41.899123],[-87.682161,41.899172],[-87.682162,41.899205],[-87.682163,41.899238],[-87.681921,41.899243],[-87.68154,41.899249],[-87.681542,41.899315],[-87.681544,41.899383],[-87.681924,41.899377],[-87.682167,41.899372],[-87.682191,41.900281],[-87.682196,41.900462],[-87.682205,41.900805]]],[[[-87.680125,41.898112],[-87.680213,41.89811],[-87.680302,41.898109],[-87.680317,41.898109],[-87.68039,41.898107],[-87.68042,41.898107],[-87.680479,41.898106],[-87.680523,41.898105],[-87.680567,41.898104],[-87.680626,41.898103],[-87.680655,41.898103],[-87.680729,41.898101],[-87.680743,41.898101],[-87.680832,41.898099],[-87.68092,41.898098],[-87.680935,41.898098],[-87.681008,41.898096],[-87.681038,41.898096],[-87.681097,41.898095],[-87.681141,41.898094],[-87.681185,41.898093],[-87.681244,41.898092],[-87.681274,41.898092],[-87.681347,41.89809],[-87.681362,41.89809],[-87.68145,41.898088],[-87.68145,41.898111],[-87.681509,41.89811],[-87.68189,41.898103],[-87.681889,41.898081],[-87.682132,41.898076],[-87.682263,41.898074],[-87.682385,41.898072],[-87.682506,41.89807],[-87.682627,41.898068],[-87.682748,41.898066],[-87.682869,41.898063],[-87.682991,41.898061],[-87.683112,41.898059],[-87.683233,41.898057],[-87.683354,41.898055],[-87.683475,41.898053],[-87.683596,41.898051],[-87.683717,41.898048],[-87.683839,41.898046],[-87.68396,41.898044],[-87.684081,41.898042],[-87.684202,41.89804],[-87.684335,41.898038],[-87.684577,41.898008],[-87.684958,41.898001],[-87.685017,41.898026],[-87.685105,41.898024],[-87.685164,41.898023],[-87.685193,41.898022],[-87.685267,41.898021],[-87.685281,41.898021],[-87.685369,41.898019],[-87.685418,41.898018],[-87.685457,41.898018],[-87.685544,41.898016],[-87.68557,41.898016],[-87.685633,41.898015],[-87.685721,41.898013],[-87.685809,41.898012],[-87.68586,41.898011],[-87.685897,41.89801],[-87.68597,41.898009],[-87.686099,41.898006],[-87.686227,41.898004],[-87.686339,41.898002],[-87.68633,41.897662],[-87.686328,41.897481],[-87.68632,41.897156],[-87.686301,41.897143],[-87.686203,41.897145],[-87.686093,41.897147],[-87.685983,41.897149],[-87.685872,41.897151],[-87.685762,41.897152],[-87.685652,41.897154],[-87.685542,41.897156],[-87.685432,41.897158],[-87.685322,41.89716],[-87.685212,41.897162],[-87.685105,41.897164],[-87.68501,41.897166],[-87.684933,41.897167],[-87.684932,41.897104],[-87.68493,41.897021],[-87.684927,41.896939],[-87.684925,41.896856],[-87.684923,41.896785],[-87.684986,41.896603],[-87.684984,41.896506],[-87.684982,41.89645],[-87.684982,41.896423],[-87.684981,41.896381],[-87.68498,41.896339],[-87.684978,41.896274],[-87.684958,41.89626],[-87.684532,41.896267],[-87.68429,41.896271],[-87.683908,41.896278],[-87.683831,41.896279],[-87.683739,41.896281],[-87.683629,41.896282],[-87.683518,41.896284],[-87.683406,41.896286],[-87.683298,41.896288],[-87.683188,41.89629],[-87.683078,41.896292],[-87.682968,41.896294],[-87.682858,41.896295],[-87.682747,41.896297],[-87.682637,41.896299],[-87.682545,41.896301],[-87.682527,41.896315],[-87.682536,41.896645],[-87.682646,41.896643],[-87.682756,41.896641],[-87.682866,41.89664],[-87.682976,41.896638],[-87.683087,41.896636],[-87.683197,41.896634],[-87.683307,41.896632],[-87.683417,41.89663],[-87.683527,41.896628],[-87.683541,41.897191],[-87.683431,41.897193],[-87.683321,41.897195],[-87.683211,41.897197],[-87.6831,41.897199],[-87.68299,41.897201],[-87.68288,41.897203],[-87.68277,41.897204],[-87.68266,41.897206],[-87.682549,41.897208],[-87.682439,41.89721],[-87.682329,41.897212],[-87.682219,41.897214],[-87.682109,41.897216],[-87.681867,41.89722],[-87.681486,41.897227],[-87.681486,41.897238],[-87.681488,41.897304],[-87.681488,41.897306],[-87.681489,41.89737],[-87.68149,41.897386],[-87.681491,41.897436],[-87.681492,41.897466],[-87.681493,41.897502],[-87.681495,41.897565],[-87.6815,41.897746],[-87.681441,41.897747],[-87.681353,41.897748],[-87.681338,41.897749],[-87.681264,41.89775],[-87.681235,41.89775],[-87.681176,41.897751],[-87.681132,41.897752],[-87.681088,41.897753],[-87.681029,41.897754],[-87.680999,41.897755],[-87.680926,41.897756],[-87.680911,41.897756],[-87.680823,41.897758],[-87.680734,41.897759],[-87.680719,41.897759],[-87.680646,41.897761],[-87.680616,41.897761],[-87.680558,41.897762],[-87.680513,41.897763],[-87.680469,41.897764],[-87.68041,41.897765],[-87.680381,41.897765],[-87.680307,41.897767],[-87.680293,41.897767],[-87.680204,41.897768],[-87.680116,41.89777],[-87.680125,41.898112]]]]},"properties":{"NAME":"Ukrainian Village District Ext II","NUMBER_":"HD-53","DATE_":"4/11/2007","REGISTER":null}},{"type":"Feature","geometry":{"type":"MultiPolygon","coordinates":[[[[-87.625342,41.851183],[-87.624771,41.851191],[-87.62462,41.851193],[-87.624629,41.851576],[-87.624633,41.851741],[-87.624596,41.851741],[-87.624559,41.851742],[-87.624558,41.851676],[-87.624557,41.851649],[-87.624556,41.851607],[-87.624556,41.851586],[-87.624555,41.851538],[-87.624553,41.85147],[-87.624553,41.851462],[-87.624552,41.851401],[-87.62455,41.851326],[-87.624547,41.851194],[-87.62391,41.851203],[-87.623913,41.851335],[-87.623915,41.851409],[-87.623917,41.85147],[-87.623917,41.851478],[-87.623918,41.851546],[-87.62392,41.851595],[-87.62392,41.851615],[-87.623921,41.851657],[-87.623922,41.851684],[-87.623923,41.85175],[-87.62393,41.852024],[-87.623937,41.852297],[-87.624626,41.852288],[-87.624627,41.852343],[-87.624627,41.852356],[-87.623939,41.852365],[-87.623942,41.852503],[-87.623944,41.852572],[-87.624632,41.852563],[-87.625374,41.852552],[-87.625373,41.852497],[-87.625371,41.852442],[-87.62537,41.852388],[-87.625369,41.852333],[-87.625367,41.852278],[-87.625361,41.852005],[-87.625355,41.851729],[-87.625355,41.851729],[-87.625352,41.851622],[-87.625351,41.851567],[-87.625349,41.851512],[-87.625347,41.851402],[-87.625344,41.851293],[-87.625342,41.851183]]],[[[-87.624557,41.849366],[-87.624116,41.849372],[-87.623865,41.849376],[-87.623879,41.849922],[-87.62388,41.849978],[-87.623881,41.850031],[-87.623882,41.850084],[-87.623884,41.850137],[-87.623885,41.850192],[-87.623887,41.850261],[-87.623889,41.850331],[-87.623892,41.850475],[-87.623894,41.850538],[-87.623895,41.850606],[-87.623895,41.850608],[-87.623899,41.850745],[-87.623906,41.851022],[-87.624563,41.851013],[-87.624556,41.850735],[-87.624553,41.850598],[-87.624553,41.850597],[-87.624552,41.850529],[-87.62455,41.850465],[-87.624547,41.850322],[-87.624545,41.850252],[-87.624543,41.850183],[-87.624542,41.850128],[-87.624541,41.850075],[-87.62454,41.850022],[-87.624538,41.849969],[-87.624537,41.849912],[-87.624536,41.849863],[-87.624569,41.849862],[-87.624557,41.849366]]],[[[-87.623616,41.851207],[-87.623027,41.851215],[-87.623031,41.851353],[-87.623034,41.85149],[-87.623037,41.851627],[-87.623039,41.851696],[-87.623041,41.851764],[-87.623042,41.851832],[-87.623044,41.851901],[-87.623046,41.851969],[-87.623047,41.852037],[-87.62305,41.852139],[-87.623054,41.85231],[-87.623057,41.852448],[-87.623059,41.852516],[-87.62306,41.852585],[-87.623063,41.852711],[-87.623653,41.852703],[-87.62365,41.852576],[-87.623648,41.852508],[-87.623647,41.852439],[-87.623643,41.852302],[-87.623639,41.852131],[-87.623637,41.852029],[-87.623635,41.851961],[-87.623633,41.851892],[-87.623632,41.851824],[-87.62363,41.851756],[-87.623628,41.851687],[-87.623627,41.851618],[-87.623623,41.851481],[-87.62362,41.851345],[-87.623616,41.851207]]],[[[-87.623582,41.849784],[-87.622992,41.849793],[-87.622996,41.849937],[-87.622997,41.850005],[-87.622999,41.850074],[-87.623001,41.850142],[-87.623002,41.85021],[-87.623003,41.850241],[-87.623004,41.850296],[-87.623006,41.85035],[-87.623009,41.850487],[-87.623013,41.850624],[-87.623014,41.850693],[-87.623016,41.850761],[-87.623018,41.850829],[-87.623023,41.851034],[-87.623612,41.851026],[-87.623607,41.85082],[-87.623605,41.850752],[-87.623604,41.850684],[-87.623602,41.850615],[-87.623599,41.850479],[-87.623595,41.850341],[-87.623594,41.850286],[-87.623593,41.850232],[-87.623592,41.850201],[-87.62359,41.850133],[-87.623588,41.850065],[-87.623587,41.849996],[-87.623585,41.849927],[-87.623582,41.849784]]],[[[-87.622919,41.849794],[-87.622329,41.849803],[-87.622333,41.849948],[-87.622335,41.850019],[-87.622336,41.850084],[-87.622337,41.850124],[-87.62234,41.850221],[-87.622343,41.850358],[-87.622345,41.850429],[-87.622347,41.850496],[-87.62235,41.850632],[-87.622352,41.8507],[-87.622354,41.850769],[-87.622357,41.850906],[-87.622361,41.851044],[-87.62295,41.851035],[-87.622946,41.850898],[-87.622943,41.850761],[-87.622941,41.850692],[-87.622939,41.850624],[-87.622936,41.850488],[-87.622934,41.85042],[-87.622932,41.85035],[-87.622929,41.850213],[-87.622927,41.850116],[-87.622926,41.850076],[-87.622924,41.850011],[-87.622922,41.849938],[-87.622919,41.849794]]],[[[-87.624496,41.848497],[-87.623844,41.848507],[-87.623845,41.848576],[-87.623847,41.848645],[-87.62385,41.84877],[-87.62385,41.848772],[-87.623852,41.848831],[-87.623853,41.848888],[-87.623855,41.848946],[-87.623856,41.849007],[-87.623861,41.849195],[-87.624515,41.849185],[-87.62451,41.848997],[-87.624508,41.848936],[-87.624506,41.848878],[-87.624505,41.848847],[-87.624505,41.848821],[-87.624503,41.848763],[-87.624503,41.84876],[-87.6245,41.848635],[-87.624498,41.848566],[-87.624496,41.848497]]],[[[-87.623572,41.849381],[-87.623482,41.849382],[-87.623393,41.849383],[-87.623303,41.849385],[-87.623214,41.849386],[-87.623124,41.849388],[-87.623081,41.849388],[-87.623035,41.849389],[-87.622945,41.84939],[-87.622856,41.849392],[-87.622766,41.849393],[-87.622677,41.849394],[-87.622587,41.849396],[-87.622498,41.849397],[-87.622408,41.849399],[-87.622319,41.8494],[-87.622328,41.849748],[-87.622417,41.849747],[-87.622506,41.849746],[-87.622596,41.849744],[-87.622685,41.849743],[-87.622775,41.849741],[-87.622864,41.84974],[-87.622954,41.849739],[-87.623043,41.849737],[-87.623089,41.849737],[-87.623133,41.849736],[-87.623222,41.849735],[-87.623312,41.849733],[-87.623401,41.849732],[-87.623491,41.84973],[-87.62358,41.849729],[-87.623576,41.849545],[-87.623572,41.849381]]],[[[-87.623552,41.848585],[-87.622948,41.848595],[-87.622949,41.848659],[-87.622927,41.848659],[-87.62293,41.84877],[-87.62293,41.848771],[-87.622932,41.848849],[-87.622932,41.848852],[-87.622934,41.848933],[-87.622934,41.848934],[-87.622936,41.849002],[-87.622941,41.849209],[-87.623567,41.8492],[-87.62356,41.848924],[-87.623558,41.84884],[-87.623556,41.848762],[-87.623554,41.848649],[-87.623552,41.848585]]],[[[-87.622954,41.851216],[-87.622365,41.851225],[-87.622367,41.851294],[-87.622369,41.851363],[-87.62237,41.851431],[-87.622372,41.8515],[-87.622374,41.851569],[-87.622376,41.851638],[-87.622964,41.85163],[-87.622962,41.851561],[-87.622961,41.851492],[-87.622959,41.851423],[-87.622957,41.851354],[-87.622956,41.851285],[-87.622954,41.851216]]],[[[-87.626299,41.851717],[-87.626262,41.851717],[-87.625597,41.851726],[-87.625601,41.851916],[-87.626303,41.851906],[-87.626299,41.851717]]],[[[-87.623769,41.857972],[-87.623172,41.85798],[-87.623173,41.858057],[-87.623175,41.858127],[-87.623177,41.858197],[-87.623774,41.858189],[-87.623772,41.858119],[-87.623771,41.858048],[-87.623769,41.857972]]],[[[-87.624664,41.855184],[-87.624036,41.855193],[-87.624038,41.855258],[-87.624041,41.855398],[-87.624669,41.85539],[-87.624666,41.85525],[-87.624664,41.855184]]],[[[-87.625375,41.852596],[-87.625283,41.852597],[-87.625146,41.852599],[-87.625073,41.8526],[-87.624999,41.852601],[-87.624925,41.852602],[-87.624851,41.852604],[-87.624778,41.852605],[-87.624704,41.852606],[-87.62463,41.852607],[-87.624557,41.852608],[-87.624468,41.852609],[-87.624387,41.85261],[-87.624306,41.852611],[-87.624232,41.852612],[-87.624176,41.852613],[-87.62414,41.852613],[-87.624055,41.852615],[-87.623974,41.852616],[-87.623945,41.852616],[-87.623947,41.852699],[-87.623976,41.852698],[-87.624057,41.852697],[-87.624142,41.852696],[-87.624178,41.852695],[-87.624234,41.852695],[-87.624308,41.852694],[-87.624389,41.852692],[-87.62447,41.852691],[-87.624559,41.85269],[-87.624632,41.852689],[-87.624706,41.852688],[-87.62478,41.852687],[-87.624853,41.852686],[-87.624927,41.852685],[-87.625001,41.852684],[-87.625075,41.852683],[-87.625148,41.852682],[-87.625285,41.85268],[-87.625377,41.852678],[-87.625375,41.852596]]],[[[-87.62372,41.855808],[-87.623131,41.855816],[-87.623134,41.855969],[-87.623723,41.855961],[-87.62372,41.855808]]],[[[-87.624838,41.862626],[-87.624207,41.862634],[-87.62421,41.862772],[-87.624842,41.862763],[-87.624838,41.862626]]],[[[-87.624834,41.862421],[-87.624202,41.86243],[-87.624203,41.862442],[-87.624205,41.862538],[-87.624205,41.862547],[-87.624836,41.862538],[-87.624836,41.86253],[-87.624834,41.862434],[-87.624834,41.862421]]]]},"properties":{"NAME":"Motor Row","NUMBER_":"HD-20","DATE_":"12/13/2000","REGISTER":"N"}},{"type":"Feature","geometry":{"type":"Polygon","coordinates":[[[-87.639626,41.927835],[-87.639321,41.92793],[-87.63932,41.927998],[-87.639329,41.928134],[-87.639587,41.928049],[-87.639775,41.927988],[-87.639796,41.927981],[-87.63993,41.927937],[-87.639991,41.927917],[-87.640121,41.928139],[-87.640135,41.928134],[-87.640192,41.928115],[-87.640222,41.928105],[-87.640289,41.928083],[-87.640313,41.928076],[-87.640349,41.928064],[-87.640397,41.928048],[-87.640408,41.928044],[-87.640468,41.928025],[-87.640481,41.92802],[-87.640606,41.92798],[-87.64075,41.927932],[-87.640909,41.92788],[-87.64107,41.927827],[-87.641221,41.927778],[-87.64128,41.927758],[-87.641373,41.927728],[-87.641412,41.927715],[-87.641283,41.927493],[-87.641247,41.927432],[-87.641215,41.927377],[-87.641075,41.927423],[-87.641029,41.927345],[-87.640986,41.927272],[-87.640975,41.927253],[-87.640945,41.927204],[-87.640916,41.927213],[-87.640869,41.927229],[-87.640832,41.927241],[-87.640711,41.927039],[-87.640647,41.926922],[-87.640731,41.926894],[-87.640815,41.926866],[-87.640898,41.926838],[-87.640805,41.926681],[-87.640783,41.926645],[-87.640699,41.926672],[-87.640615,41.9267],[-87.64053,41.926727],[-87.64046,41.926751],[-87.640446,41.926755],[-87.640362,41.926782],[-87.640278,41.92681],[-87.640228,41.926827],[-87.640194,41.926838],[-87.64009,41.926872],[-87.639869,41.926881],[-87.640017,41.927133],[-87.639947,41.927156],[-87.639913,41.927167],[-87.6393,41.927372],[-87.639305,41.927509],[-87.639314,41.927739],[-87.639369,41.927721],[-87.639582,41.927651],[-87.639649,41.927764],[-87.639711,41.927871],[-87.639657,41.927888],[-87.639626,41.927835]]]},"properties":{"NAME":"Arlington &amp; Roslyn","NUMBER_":"HD- 2","DATE_":"11/15/1989","REGISTER":"N"}},{"type":"Feature","geometry":{"type":"Polygon","coordinates":[[[-87.766293,41.99703],[-87.766537,41.997149],[-87.766537,41.997149],[-87.766772,41.997193],[-87.766893,41.997186],[-87.767027,41.997178],[-87.767234,41.997167],[-87.767254,41.997166],[-87.767573,41.997149],[-87.768001,41.997125],[-87.768005,41.997124],[-87.768028,41.997123],[-87.768047,41.997122],[-87.768259,41.997108],[-87.768737,41.997076],[-87.768871,41.997067],[-87.769361,41.99704],[-87.76962,41.99703],[-87.770083,41.99702],[-87.770111,41.997019],[-87.770151,41.997019],[-87.77036,41.997018],[-87.77048,41.997019],[-87.770829,41.997023],[-87.770944,41.997026],[-87.770996,41.997028],[-87.771243,41.997037],[-87.77142,41.996504],[-87.771425,41.996487],[-87.771425,41.996487],[-87.771387,41.99643],[-87.771369,41.996405],[-87.771355,41.996387],[-87.771327,41.996353],[-87.771311,41.996332],[-87.771298,41.996283],[-87.771288,41.996258],[-87.771259,41.996218],[-87.771249,41.996179],[-87.771233,41.996135],[-87.771231,41.996108],[-87.771225,41.9961],[-87.771218,41.99609],[-87.771214,41.996071],[-87.771215,41.996062],[-87.771215,41.996052],[-87.771208,41.996043],[-87.771194,41.996027],[-87.771175,41.99599],[-87.771171,41.995982],[-87.771155,41.995946],[-87.77115,41.99593],[-87.771141,41.995901],[-87.771142,41.995871],[-87.771143,41.995865],[-87.771143,41.995855],[-87.771143,41.99583],[-87.771141,41.995827],[-87.771126,41.995798],[-87.771123,41.995761],[-87.771122,41.995739],[-87.771121,41.995723],[-87.771113,41.995669],[-87.771111,41.995619],[-87.77111,41.995584],[-87.771127,41.99533],[-87.771139,41.995307],[-87.771154,41.995275],[-87.771165,41.99525],[-87.771165,41.995228],[-87.771189,41.995217],[-87.771189,41.995217],[-87.771187,41.995192],[-87.771192,41.995181],[-87.771195,41.995172],[-87.771208,41.995142],[-87.771247,41.995055],[-87.771267,41.995022],[-87.771269,41.995018],[-87.771298,41.994972],[-87.771245,41.994963],[-87.771113,41.994941],[-87.771113,41.994934],[-87.771107,41.994886],[-87.771103,41.994857],[-87.771078,41.994781],[-87.771039,41.994709],[-87.771039,41.994709],[-87.771038,41.994708],[-87.770987,41.994641],[-87.770982,41.994637],[-87.770982,41.994636],[-87.770959,41.994616],[-87.770916,41.994578],[-87.770901,41.994568],[-87.770836,41.994523],[-87.770732,41.994464],[-87.770704,41.994451],[-87.770586,41.994403],[-87.770461,41.994365],[-87.770388,41.994349],[-87.770332,41.994337],[-87.770313,41.994334],[-87.770252,41.994326],[-87.770082,41.994309],[-87.770082,41.994309],[-87.769911,41.994303],[-87.769715,41.9943],[-87.769679,41.994299],[-87.76962,41.994295],[-87.769419,41.994283],[-87.769415,41.994283],[-87.769212,41.994261],[-87.769013,41.994228],[-87.769003,41.994226],[-87.768895,41.994195],[-87.768847,41.994181],[-87.768758,41.994149],[-87.768689,41.994123],[-87.768572,41.994069],[-87.768463,41.994006],[-87.768364,41.993935],[-87.768364,41.993935],[-87.768362,41.993933],[-87.768276,41.993856],[-87.768219,41.993793],[-87.768199,41.993771],[-87.768135,41.99368],[-87.768125,41.993663],[-87.768119,41.993652],[-87.768111,41.993638],[-87.768097,41.993611],[-87.767804,41.993474],[-87.767629,41.993392],[-87.767551,41.993356],[-87.767236,41.993209],[-87.766855,41.993031],[-87.766593,41.992908],[-87.766544,41.992885],[-87.766392,41.992814],[-87.765848,41.99256],[-87.765749,41.992611],[-87.76563,41.992672],[-87.765562,41.992855],[-87.765513,41.992988],[-87.765504,41.993013],[-87.765489,41.993054],[-87.765472,41.993099],[-87.765464,41.99312],[-87.765457,41.993139],[-87.76544,41.993186],[-87.765423,41.993231],[-87.765415,41.993252],[-87.765406,41.993276],[-87.765391,41.993318],[-87.765374,41.993363],[-87.765366,41.993384],[-87.765341,41.993451],[-87.765329,41.993484],[-87.765317,41.993517],[-87.765306,41.993546],[-87.765292,41.993583],[-87.765276,41.993628],[-87.765268,41.993649],[-87.765259,41.993673],[-87.765243,41.993715],[-87.765229,41.993752],[-87.765219,41.993781],[-87.765207,41.993813],[-87.765194,41.993847],[-87.765179,41.993889],[-87.76517,41.993913],[-87.765162,41.993933],[-87.765145,41.993979],[-87.76513,41.99402],[-87.765121,41.994045],[-87.765096,41.994112],[-87.765071,41.994178],[-87.765047,41.994244],[-87.765042,41.994256],[-87.765022,41.99431],[-87.764992,41.994392],[-87.764955,41.994492],[-87.764942,41.994526],[-87.764911,41.994609],[-87.764892,41.994662],[-87.764887,41.994675],[-87.764873,41.994714],[-87.764862,41.994742],[-87.764859,41.994751],[-87.764838,41.994808],[-87.764817,41.994864],[-87.764813,41.994874],[-87.764809,41.994886],[-87.764789,41.99494],[-87.764766,41.995001],[-87.764764,41.995006],[-87.764762,41.995011],[-87.76474,41.995072],[-87.764713,41.995144],[-87.764783,41.995279],[-87.764953,41.995606],[-87.764977,41.995653],[-87.764979,41.995657],[-87.764999,41.995698],[-87.765075,41.995857],[-87.765151,41.996016],[-87.76521,41.99614],[-87.765349,41.996431],[-87.765501,41.996699],[-87.765501,41.9967],[-87.765516,41.99666],[-87.765519,41.996653],[-87.765566,41.996676],[-87.765664,41.996723],[-87.765817,41.996798],[-87.765971,41.996873],[-87.766074,41.996923],[-87.766124,41.996948],[-87.766278,41.997023],[-87.766293,41.99703]]]},"properties":{"NAME":"Old Edgebrook","NUMBER_":"HD-24","DATE_":"10/24/1989","REGISTER":"N"}},{"type":"Feature","geometry":{"type":"MultiPolygon","coordinates":[[[[-87.674928,41.902703],[-87.675386,41.902696],[-87.675445,41.902695],[-87.675904,41.902688],[-87.676146,41.9027],[-87.676587,41.902694],[-87.676605,41.90268],[-87.676604,41.902622],[-87.676602,41.902551],[-87.6766,41.902478],[-87.676598,41.902407],[-87.676596,41.902336],[-87.676594,41.902265],[-87.676592,41.902196],[-87.67659,41.902128],[-87.676588,41.90206],[-87.676586,41.901992],[-87.676584,41.901923],[-87.676582,41.901855],[-87.676581,41.901811],[-87.676571,41.901474],[-87.676566,41.901292],[-87.676625,41.901292],[-87.677084,41.901284],[-87.677083,41.901219],[-87.677081,41.90115],[-87.677079,41.901082],[-87.676619,41.901089],[-87.67656,41.901092],[-87.676558,41.900996],[-87.676556,41.900952],[-87.676554,41.900884],[-87.676552,41.900815],[-87.676551,41.900747],[-87.676549,41.900678],[-87.676547,41.90061],[-87.676545,41.900541],[-87.676543,41.900472],[-87.676541,41.900404],[-87.676539,41.900335],[-87.676537,41.900266],[-87.676535,41.900198],[-87.676533,41.900129],[-87.676531,41.900061],[-87.676529,41.899992],[-87.676528,41.899948],[-87.676519,41.899652],[-87.676428,41.899654],[-87.676336,41.899655],[-87.676244,41.899656],[-87.676152,41.899658],[-87.67606,41.899659],[-87.676068,41.899956],[-87.676069,41.9],[-87.676071,41.900068],[-87.676073,41.900136],[-87.676075,41.900205],[-87.676077,41.900274],[-87.676079,41.900342],[-87.676081,41.900411],[-87.676083,41.90048],[-87.676085,41.900548],[-87.676087,41.900617],[-87.676089,41.900685],[-87.676091,41.900754],[-87.676093,41.900823],[-87.676095,41.900891],[-87.676097,41.90096],[-87.676098,41.901003],[-87.676106,41.9013],[-87.676112,41.901481],[-87.675869,41.901484],[-87.67541,41.901492],[-87.675352,41.901492],[-87.674893,41.9015],[-87.674895,41.901565],[-87.674897,41.901631],[-87.674899,41.901697],[-87.674901,41.901763],[-87.674903,41.901829],[-87.674904,41.901895],[-87.674906,41.901961],[-87.674908,41.902027],[-87.67491,41.902093],[-87.674912,41.902159],[-87.674914,41.902225],[-87.674916,41.902291],[-87.674918,41.902359],[-87.67492,41.902428],[-87.674921,41.902463],[-87.674922,41.902497],[-87.674924,41.902566],[-87.674926,41.902634],[-87.674928,41.902703]]],[[[-87.672436,41.900949],[-87.672438,41.901018],[-87.67244,41.901086],[-87.672442,41.901155],[-87.672444,41.901224],[-87.672446,41.901291],[-87.672448,41.901356],[-87.672906,41.901349],[-87.672965,41.901348],[-87.673058,41.901347],[-87.673149,41.901345],[-87.67324,41.901344],[-87.673332,41.901343],[-87.673423,41.901341],[-87.673665,41.901337],[-87.673784,41.901336],[-87.673979,41.901333],[-87.674126,41.90133],[-87.674185,41.901329],[-87.674645,41.901322],[-87.674641,41.901185],[-87.674639,41.901116],[-87.674637,41.901048],[-87.674635,41.900979],[-87.674633,41.90091],[-87.674631,41.900842],[-87.674629,41.900773],[-87.674627,41.900704],[-87.674625,41.900635],[-87.674283,41.900641],[-87.67428,41.900575],[-87.674163,41.900577],[-87.674105,41.900578],[-87.673644,41.900585],[-87.673402,41.900591],[-87.6734,41.900522],[-87.673398,41.900461],[-87.673396,41.900392],[-87.672938,41.900399],[-87.672879,41.900393],[-87.672422,41.900401],[-87.67242,41.900332],[-87.6722,41.900343],[-87.671726,41.900351],[-87.671728,41.900419],[-87.67173,41.900487],[-87.671732,41.900555],[-87.671734,41.900623],[-87.671736,41.900692],[-87.671738,41.90076],[-87.67174,41.900828],[-87.671742,41.900896],[-87.672214,41.900888],[-87.672435,41.900881],[-87.672436,41.900949]]],[[[-87.674062,41.897045],[-87.674064,41.8971],[-87.674064,41.897114],[-87.674066,41.897183],[-87.674068,41.897252],[-87.67407,41.897322],[-87.674072,41.897391],[-87.674074,41.89746],[-87.674076,41.897529],[-87.674078,41.897599],[-87.674081,41.897686],[-87.674355,41.897681],[-87.67454,41.897678],[-87.674782,41.897674],[-87.675242,41.897668],[-87.6753,41.897667],[-87.67576,41.89766],[-87.675758,41.897591],[-87.675756,41.897523],[-87.675754,41.897455],[-87.675752,41.897387],[-87.67575,41.897318],[-87.675748,41.89725],[-87.675748,41.897233],[-87.675746,41.897182],[-87.675745,41.897148],[-87.675744,41.897114],[-87.675742,41.897046],[-87.67574,41.896978],[-87.675738,41.896909],[-87.675736,41.896841],[-87.675735,41.896774],[-87.675733,41.896706],[-87.67573,41.896632],[-87.675728,41.896557],[-87.675726,41.896483],[-87.675724,41.896409],[-87.675264,41.896418],[-87.675266,41.896492],[-87.675268,41.896566],[-87.675271,41.896641],[-87.675273,41.896715],[-87.675275,41.896783],[-87.675277,41.89685],[-87.675279,41.896918],[-87.675281,41.896987],[-87.675222,41.896988],[-87.674763,41.896997],[-87.67452,41.897001],[-87.674519,41.896947],[-87.67406,41.896956],[-87.674062,41.897045]]],[[[-87.671082,41.896484],[-87.670862,41.896488],[-87.670864,41.896556],[-87.670866,41.896623],[-87.670867,41.896691],[-87.670869,41.896759],[-87.670871,41.896827],[-87.670873,41.896894],[-87.670875,41.896962],[-87.670877,41.89703],[-87.670879,41.897098],[-87.670882,41.897202],[-87.670886,41.897339],[-87.670888,41.897408],[-87.67089,41.897477],[-87.670892,41.897546],[-87.670894,41.897615],[-87.670896,41.897684],[-87.670898,41.897753],[-87.6709,41.897822],[-87.670902,41.897891],[-87.670904,41.89796],[-87.670906,41.898029],[-87.670908,41.898098],[-87.67091,41.898167],[-87.670912,41.898236],[-87.670914,41.898305],[-87.670916,41.898374],[-87.670918,41.898443],[-87.671139,41.898439],[-87.671617,41.898431],[-87.671615,41.898363],[-87.671613,41.898294],[-87.671611,41.898225],[-87.671609,41.898155],[-87.671607,41.898086],[-87.671605,41.898017],[-87.671603,41.897948],[-87.671601,41.897879],[-87.671599,41.89781],[-87.671597,41.897741],[-87.671596,41.897672],[-87.671593,41.897603],[-87.671591,41.897534],[-87.671589,41.897465],[-87.671588,41.897396],[-87.671586,41.897327],[-87.671582,41.89719],[-87.671579,41.897103],[-87.671577,41.897015],[-87.671575,41.896948],[-87.671573,41.89688],[-87.671571,41.896813],[-87.671569,41.896746],[-87.671567,41.896678],[-87.671565,41.896611],[-87.671563,41.896543],[-87.671561,41.896476],[-87.671082,41.896484]]]]},"properties":{"NAME":"East Village District","NUMBER_":"HD-46","DATE_":"1/11/2006","REGISTER":null}},{"type":"Feature","geometry":{"type":"Polygon","coordinates":[[[-87.630113,41.872143],[-87.62969,41.872148],[-87.629683,41.871872],[-87.629677,41.871664],[-87.629661,41.871067],[-87.628513,41.871081],[-87.628514,41.871107],[-87.628532,41.87178],[-87.628536,41.871961],[-87.628541,41.872162],[-87.628114,41.872167],[-87.628117,41.872276],[-87.62812,41.872403],[-87.628122,41.872457],[-87.628123,41.872513],[-87.628125,41.872568],[-87.628126,41.872623],[-87.628127,41.872678],[-87.628129,41.872733],[-87.62813,41.872788],[-87.628132,41.872843],[-87.628133,41.872898],[-87.628135,41.872955],[-87.628138,41.873093],[-87.628142,41.87323],[-87.628145,41.873368],[-87.628147,41.873437],[-87.628149,41.873506],[-87.628151,41.873574],[-87.628153,41.873643],[-87.628154,41.873712],[-87.628156,41.873781],[-87.628158,41.873847],[-87.62816,41.873913],[-87.628161,41.873979],[-87.628163,41.874023],[-87.628192,41.874023],[-87.628222,41.874022],[-87.62859,41.874017],[-87.628591,41.874042],[-87.628593,41.874111],[-87.628594,41.87418],[-87.628596,41.874249],[-87.628598,41.874317],[-87.6286,41.874386],[-87.628602,41.874455],[-87.628233,41.87446],[-87.628203,41.87446],[-87.628174,41.874461],[-87.628139,41.874461],[-87.628144,41.874642],[-87.628147,41.874779],[-87.62815,41.874916],[-87.628151,41.874984],[-87.628153,41.875053],[-87.628156,41.875181],[-87.628159,41.875318],[-87.628162,41.875446],[-87.628162,41.875458],[-87.628206,41.875458],[-87.628569,41.875454],[-87.628826,41.875454],[-87.628826,41.875449],[-87.629074,41.875446],[-87.629074,41.875452],[-87.629367,41.875447],[-87.629613,41.875444],[-87.62976,41.875435],[-87.629758,41.875379],[-87.629755,41.87527],[-87.629752,41.875165],[-87.62975,41.875096],[-87.629749,41.875029],[-87.629747,41.874962],[-87.629745,41.874896],[-87.629743,41.874827],[-87.629738,41.874622],[-87.630106,41.874617],[-87.630157,41.874617],[-87.630154,41.874435],[-87.630153,41.874365],[-87.630151,41.874297],[-87.630149,41.874228],[-87.630147,41.874159],[-87.630145,41.87409],[-87.630144,41.874022],[-87.630142,41.873953],[-87.63014,41.873887],[-87.630138,41.873821],[-87.630137,41.873754],[-87.630135,41.873686],[-87.630133,41.873617],[-87.630131,41.873548],[-87.63013,41.87348],[-87.630128,41.873411],[-87.630126,41.873342],[-87.630144,41.873342],[-87.630141,41.873221],[-87.630139,41.873151],[-87.630137,41.873083],[-87.630137,41.873076],[-87.630136,41.873013],[-87.630134,41.872944],[-87.630132,41.872875],[-87.63013,41.872806],[-87.630128,41.872737],[-87.630126,41.872667],[-87.630125,41.872599],[-87.630123,41.872529],[-87.630121,41.872459],[-87.630119,41.87239],[-87.630116,41.872253],[-87.630113,41.872143]]]},"properties":{"NAME":"Printing House Row","NUMBER_":"HD-26","DATE_":"5/9/1996","REGISTER":"Y"}},{"type":"Feature","geometry":{"type":"MultiPolygon","coordinates":[[[[-87.607171,41.69363],[-87.607194,41.694328],[-87.607209,41.694807],[-87.607212,41.694888],[-87.607232,41.695501],[-87.60726,41.695501],[-87.607543,41.695498],[-87.608493,41.695488],[-87.608531,41.695487],[-87.609082,41.695481],[-87.609234,41.695476],[-87.609381,41.695472],[-87.609965,41.69291],[-87.61,41.692757],[-87.610041,41.692577],[-87.610828,41.689143],[-87.611009,41.688355],[-87.610855,41.688357],[-87.61071,41.688359],[-87.610138,41.688366],[-87.610079,41.688367],[-87.610079,41.688369],[-87.61008,41.688397],[-87.609658,41.688401],[-87.609654,41.688401],[-87.609653,41.688334],[-87.609653,41.688333],[-87.609652,41.688302],[-87.609652,41.688279],[-87.609652,41.688264],[-87.609651,41.688202],[-87.60965,41.688199],[-87.60965,41.688195],[-87.609649,41.688127],[-87.609649,41.688126],[-87.609649,41.688103],[-87.609648,41.688058],[-87.609647,41.688041],[-87.609647,41.688028],[-87.609646,41.687989],[-87.609646,41.687967],[-87.609646,41.687954],[-87.609645,41.687933],[-87.609645,41.687921],[-87.609644,41.687879],[-87.609644,41.687864],[-87.609644,41.687852],[-87.609643,41.687805],[-87.609643,41.687801],[-87.609642,41.687784],[-87.609641,41.687715],[-87.609641,41.68771],[-87.609641,41.687705],[-87.60964,41.687646],[-87.609639,41.687617],[-87.609639,41.687606],[-87.609639,41.687604],[-87.609638,41.687578],[-87.609638,41.687539],[-87.609637,41.687515],[-87.609637,41.687509],[-87.609637,41.687473],[-87.609632,41.687254],[-87.609631,41.687184],[-87.60963,41.687117],[-87.609628,41.687055],[-87.609628,41.687034],[-87.609628,41.687018],[-87.609627,41.686952],[-87.609625,41.68687],[-87.609625,41.686864],[-87.609624,41.686833],[-87.609623,41.686788],[-87.609623,41.686777],[-87.609623,41.686761],[-87.609622,41.686705],[-87.609621,41.686662],[-87.60962,41.686623],[-87.60962,41.686615],[-87.60962,41.686612],[-87.609619,41.686541],[-87.609617,41.686446],[-87.609613,41.686265],[-87.609613,41.686228],[-87.609612,41.686178],[-87.60961,41.686103],[-87.60961,41.686094],[-87.609608,41.686009],[-87.609606,41.685892],[-87.609605,41.685848],[-87.609479,41.685849],[-87.609364,41.68585],[-87.609364,41.68585],[-87.609246,41.685851],[-87.609154,41.685852],[-87.609062,41.685853],[-87.60897,41.685854],[-87.608897,41.685855],[-87.608878,41.685855],[-87.608786,41.685856],[-87.608694,41.685857],[-87.608602,41.685858],[-87.60851,41.685859],[-87.608392,41.68586],[-87.608151,41.685862],[-87.608126,41.685862],[-87.608034,41.685864],[-87.607967,41.685864],[-87.607943,41.685865],[-87.607881,41.685866],[-87.607851,41.685866],[-87.60776,41.685867],[-87.607705,41.685868],[-87.607669,41.685869],[-87.607592,41.68587],[-87.607578,41.68587],[-87.607486,41.685871],[-87.607443,41.685872],[-87.607395,41.685873],[-87.607304,41.685874],[-87.607187,41.685876],[-87.607065,41.685878],[-87.607065,41.685878],[-87.606946,41.685879],[-87.606525,41.685885],[-87.606525,41.685885],[-87.606494,41.685908],[-87.606434,41.685952],[-87.606443,41.68637],[-87.606451,41.686775],[-87.606461,41.687288],[-87.606195,41.687291],[-87.605387,41.687299],[-87.605387,41.687299],[-87.605365,41.687461],[-87.605362,41.687481],[-87.605341,41.687617],[-87.605369,41.68911],[-87.605372,41.689291],[-87.605372,41.689291],[-87.605394,41.690414],[-87.605407,41.691106],[-87.605425,41.692055],[-87.605427,41.692194],[-87.60543,41.692346],[-87.605434,41.692525],[-87.605437,41.692684],[-87.605439,41.692823],[-87.605442,41.692959],[-87.605461,41.692958],[-87.605644,41.692956],[-87.606264,41.69295],[-87.6063,41.692949],[-87.607102,41.692941],[-87.607148,41.69294],[-87.607171,41.69363]]],[[[-87.606027,41.69817],[-87.606062,41.698308],[-87.606089,41.699206],[-87.606098,41.699489],[-87.606114,41.700025],[-87.606117,41.700116],[-87.606119,41.700206],[-87.606169,41.701854],[-87.606172,41.701947],[-87.606174,41.702035],[-87.606416,41.702032],[-87.606873,41.702025],[-87.606932,41.702024],[-87.607298,41.702019],[-87.60754,41.702015],[-87.607536,41.701834],[-87.607529,41.701598],[-87.607528,41.70156],[-87.607525,41.701476],[-87.607524,41.701452],[-87.607523,41.701402],[-87.607521,41.701342],[-87.607521,41.701328],[-87.607519,41.70126],[-87.607518,41.701233],[-87.607516,41.701191],[-87.607515,41.701143],[-87.607514,41.701122],[-87.607512,41.701054],[-87.60751,41.700985],[-87.607508,41.700917],[-87.607506,41.700848],[-87.607504,41.70078],[-87.607501,41.700711],[-87.607499,41.700643],[-87.607497,41.700574],[-87.607496,41.70053],[-87.607485,41.700187],[-87.607732,41.700184],[-87.60776,41.700183],[-87.607916,41.700181],[-87.60801,41.70018],[-87.608308,41.700176],[-87.608329,41.700085],[-87.60835,41.699994],[-87.608599,41.698902],[-87.608732,41.698318],[-87.608774,41.698136],[-87.608628,41.698134],[-87.608478,41.698131],[-87.60776,41.698142],[-87.607773,41.697796],[-87.607427,41.697802],[-87.607377,41.696285],[-87.607286,41.696287],[-87.606123,41.696305],[-87.605971,41.696305],[-87.60598,41.696597],[-87.606006,41.697489],[-87.606007,41.697494],[-87.606027,41.69817]]],[[[-87.603852,41.701887],[-87.602759,41.701902],[-87.602517,41.701906],[-87.602521,41.702024],[-87.602525,41.702182],[-87.602625,41.705567],[-87.602631,41.705748],[-87.603816,41.70573],[-87.604109,41.705726],[-87.604103,41.705545],[-87.604101,41.705476],[-87.604099,41.705407],[-87.604098,41.705373],[-87.604097,41.705338],[-87.604095,41.70527],[-87.604094,41.705201],[-87.604092,41.705132],[-87.60409,41.705063],[-87.604088,41.704995],[-87.604087,41.704981],[-87.604086,41.704926],[-87.604085,41.704898],[-87.604082,41.704809],[-87.604077,41.704628],[-87.604075,41.70454],[-87.604074,41.704513],[-87.604072,41.704458],[-87.604072,41.704444],[-87.60407,41.704376],[-87.604068,41.704307],[-87.604066,41.704239],[-87.604064,41.70417],[-87.604062,41.704102],[-87.60406,41.704033],[-87.604058,41.703965],[-87.604056,41.703896],[-87.604051,41.703715],[-87.604049,41.703647],[-87.604047,41.703578],[-87.604045,41.70351],[-87.604043,41.703441],[-87.604041,41.703373],[-87.604039,41.703305],[-87.604037,41.703236],[-87.604035,41.703168],[-87.604033,41.703099],[-87.60403,41.702983],[-87.604025,41.702802],[-87.604021,41.702686],[-87.60402,41.702617],[-87.604019,41.702583],[-87.604018,41.702548],[-87.604016,41.702479],[-87.604014,41.702411],[-87.604012,41.702342],[-87.60401,41.702273],[-87.604008,41.702204],[-87.604006,41.702135],[-87.604004,41.702066],[-87.604001,41.701976],[-87.603998,41.701885],[-87.603852,41.701887]]]]},"properties":{"NAME":"Pullman","NUMBER_":"HD-27","DATE_":"6/9/1993","REGISTER":null}},{"type":"Feature","geometry":{"type":"Polygon","coordinates":[[[-87.725045,41.949575],[-87.726944,41.950651],[-87.726941,41.950551],[-87.726937,41.95042],[-87.726935,41.950352],[-87.726934,41.950311],[-87.726934,41.950311],[-87.726934,41.950311],[-87.726933,41.950283],[-87.726931,41.950215],[-87.726931,41.950207],[-87.726931,41.950201],[-87.72693,41.950171],[-87.726929,41.950146],[-87.726927,41.950077],[-87.726925,41.950009],[-87.726923,41.949946],[-87.726923,41.94994],[-87.726921,41.949872],[-87.726919,41.949803],[-87.726917,41.949734],[-87.726915,41.949666],[-87.726913,41.949597],[-87.726912,41.949548],[-87.726911,41.949528],[-87.72691,41.949504],[-87.726909,41.94946],[-87.726907,41.949405],[-87.726907,41.949391],[-87.726905,41.949322],[-87.726903,41.949254],[-87.726901,41.949185],[-87.726899,41.949117],[-87.726897,41.949048],[-87.726895,41.948979],[-87.726893,41.948911],[-87.726891,41.948842],[-87.726889,41.948774],[-87.726887,41.948705],[-87.726885,41.948636],[-87.726883,41.948568],[-87.726881,41.948499],[-87.726879,41.948431],[-87.727144,41.948427],[-87.72734,41.948424],[-87.72734,41.948424],[-87.727338,41.948388],[-87.727337,41.948356],[-87.727335,41.948287],[-87.727335,41.948287],[-87.727332,41.94819],[-87.72733,41.948106],[-87.727328,41.94804],[-87.727326,41.947971],[-87.727326,41.947971],[-87.726865,41.947977],[-87.726865,41.947977],[-87.726863,41.947909],[-87.726861,41.94784],[-87.726859,41.947771],[-87.726857,41.947703],[-87.726855,41.947634],[-87.726853,41.947565],[-87.726851,41.947497],[-87.726849,41.947428],[-87.726847,41.94736],[-87.726845,41.947291],[-87.726843,41.947222],[-87.726841,41.947154],[-87.726839,41.947085],[-87.726837,41.947021],[-87.726837,41.947016],[-87.726837,41.947005],[-87.726835,41.946948],[-87.726833,41.946879],[-87.726831,41.946811],[-87.726829,41.946754],[-87.726829,41.946742],[-87.726828,41.946717],[-87.726827,41.946673],[-87.726826,41.946645],[-87.726825,41.946605],[-87.726825,41.946592],[-87.726823,41.946539],[-87.726821,41.946473],[-87.726819,41.946381],[-87.726817,41.946292],[-87.726758,41.946293],[-87.726666,41.946294],[-87.726653,41.946294],[-87.72665,41.946294],[-87.726558,41.946295],[-87.726538,41.946296],[-87.726519,41.946296],[-87.726466,41.946297],[-87.726374,41.946298],[-87.726282,41.946299],[-87.726274,41.946299],[-87.72619,41.9463],[-87.726098,41.946301],[-87.726045,41.946302],[-87.726006,41.946303],[-87.725914,41.946304],[-87.725869,41.946304],[-87.725822,41.946305],[-87.72573,41.946306],[-87.725686,41.946307],[-87.725639,41.946308],[-87.725547,41.946309],[-87.725455,41.94631],[-87.725455,41.94631],[-87.725363,41.946311],[-87.725271,41.946313],[-87.725216,41.946313],[-87.725179,41.946314],[-87.725108,41.946315],[-87.725071,41.946315],[-87.725071,41.946315],[-87.724952,41.946316],[-87.724828,41.946318],[-87.724778,41.946319],[-87.724737,41.94632],[-87.724645,41.946321],[-87.724598,41.946322],[-87.724553,41.946322],[-87.724545,41.946322],[-87.724522,41.946323],[-87.724486,41.946323],[-87.724461,41.946323],[-87.724399,41.946324],[-87.724388,41.946324],[-87.724369,41.946325],[-87.724277,41.946326],[-87.72421,41.946327],[-87.724185,41.946327],[-87.724093,41.946328],[-87.724001,41.946329],[-87.723943,41.94633],[-87.723909,41.946331],[-87.723886,41.946331],[-87.723863,41.946331],[-87.723826,41.946332],[-87.723817,41.946332],[-87.72379,41.946332],[-87.723725,41.946333],[-87.723633,41.946334],[-87.723578,41.946335],[-87.723567,41.946335],[-87.723541,41.946336],[-87.723449,41.946337],[-87.723397,41.946338],[-87.723357,41.946338],[-87.723265,41.946339],[-87.723231,41.94634],[-87.723219,41.94634],[-87.723173,41.946341],[-87.723081,41.946342],[-87.722989,41.946343],[-87.722973,41.946343],[-87.722897,41.946344],[-87.722805,41.946345],[-87.722749,41.946346],[-87.722713,41.946347],[-87.722622,41.946348],[-87.722504,41.946349],[-87.722379,41.946351],[-87.722379,41.946351],[-87.722379,41.946351],[-87.722381,41.946441],[-87.722384,41.946532],[-87.722394,41.946875],[-87.722395,41.946919],[-87.722397,41.946988],[-87.722399,41.947056],[-87.722401,41.947125],[-87.722403,41.947194],[-87.722405,41.947262],[-87.722407,41.947331],[-87.722409,41.9474],[-87.722411,41.947468],[-87.722413,41.947537],[-87.722415,41.947605],[-87.722422,41.947861],[-87.722422,41.947861],[-87.722426,41.94799],[-87.722429,41.948092],[-87.72249,41.948127],[-87.722553,41.948163],[-87.725045,41.949575]]]},"properties":{"NAME":"Villa","NUMBER_":"HD-30","DATE_":"11/23/1983","REGISTER":"Y"}},{"type":"Feature","geometry":{"type":"Polygon","coordinates":[[[-87.662769,41.703516],[-87.662201,41.703525],[-87.662175,41.703525],[-87.66188,41.703529],[-87.661895,41.703613],[-87.661899,41.703638],[-87.661915,41.703775],[-87.661923,41.703838],[-87.661927,41.703899],[-87.661927,41.703913],[-87.661934,41.704024],[-87.661936,41.704065],[-87.661936,41.704133],[-87.661934,41.704291],[-87.66193,41.704353],[-87.661924,41.704434],[-87.662218,41.704433],[-87.66223,41.704433],[-87.662741,41.704425],[-87.662915,41.704422],[-87.662919,41.70456],[-87.662922,41.704649],[-87.66311,41.704646],[-87.663293,41.704643],[-87.663482,41.70464],[-87.663526,41.70464],[-87.663665,41.704637],[-87.663659,41.704411],[-87.663842,41.704408],[-87.663849,41.704634],[-87.663892,41.704634],[-87.664032,41.704632],[-87.664075,41.704631],[-87.664216,41.704629],[-87.664258,41.704628],[-87.6644,41.704626],[-87.664441,41.704625],[-87.664554,41.704623],[-87.664547,41.704397],[-87.664731,41.704394],[-87.664737,41.70462],[-87.664806,41.704619],[-87.664921,41.704617],[-87.664989,41.704616],[-87.664983,41.70439],[-87.665098,41.704388],[-87.665156,41.704387],[-87.665166,41.704387],[-87.665172,41.704613],[-87.665355,41.704611],[-87.665538,41.704608],[-87.665721,41.704605],[-87.665715,41.704378],[-87.665891,41.704376],[-87.665898,41.704376],[-87.665946,41.704375],[-87.666074,41.704373],[-87.666258,41.70437],[-87.666441,41.704367],[-87.666596,41.704365],[-87.666625,41.704364],[-87.66675,41.704362],[-87.666904,41.70436],[-87.667171,41.704356],[-87.66717,41.704332],[-87.667166,41.704196],[-87.667162,41.70405],[-87.667158,41.703914],[-87.667157,41.70387],[-87.667152,41.703732],[-87.667148,41.703593],[-87.667144,41.703455],[-87.666877,41.70345],[-87.666739,41.703452],[-87.666723,41.703453],[-87.666615,41.703454],[-87.666601,41.703455],[-87.66657,41.703455],[-87.666491,41.703456],[-87.666416,41.703458],[-87.666367,41.703458],[-87.666243,41.70346],[-87.666236,41.703461],[-87.666233,41.703461],[-87.666119,41.703462],[-87.66605,41.703463],[-87.665995,41.703464],[-87.665871,41.703466],[-87.665867,41.703466],[-87.665734,41.703469],[-87.665684,41.703469],[-87.665598,41.703471],[-87.665506,41.703472],[-87.665501,41.703472],[-87.665461,41.703473],[-87.665324,41.703475],[-87.665317,41.703475],[-87.665142,41.703478],[-87.665134,41.703478],[-87.664988,41.70348],[-87.664959,41.703481],[-87.664951,41.703481],[-87.664777,41.703484],[-87.664768,41.703484],[-87.664595,41.703487],[-87.664536,41.703488],[-87.664527,41.703488],[-87.664456,41.703489],[-87.664383,41.70349],[-87.664373,41.70349],[-87.664328,41.703491],[-87.664208,41.703493],[-87.664195,41.703493],[-87.664012,41.703496],[-87.663829,41.703499],[-87.663738,41.7035],[-87.663646,41.703502],[-87.663464,41.703505],[-87.663372,41.703506],[-87.663281,41.703508],[-87.663098,41.703511],[-87.663091,41.703511],[-87.662915,41.703514],[-87.662857,41.703515],[-87.662769,41.703516]]]},"properties":{"NAME":"Walter Burley Griffin Place","NUMBER_":"HD-31","DATE_":"11/13/1981","REGISTER":"N"}},{"type":"Feature","geometry":{"type":"Polygon","coordinates":[[[-87.712979,41.932055],[-87.712978,41.931962],[-87.712912,41.931962],[-87.712891,41.931963],[-87.71289,41.931874],[-87.712888,41.931822],[-87.712886,41.931754],[-87.712885,41.931693],[-87.712426,41.931699],[-87.712302,41.931702],[-87.712293,41.931522],[-87.71229,41.931455],[-87.712174,41.931365],[-87.711771,41.931119],[-87.711643,41.931041],[-87.711583,41.931004],[-87.711466,41.930933],[-87.711432,41.930969],[-87.711143,41.931235],[-87.711182,41.931369],[-87.711103,41.931445],[-87.710815,41.931711],[-87.710777,41.931744],[-87.710804,41.931761],[-87.710652,41.931901],[-87.710545,41.931992],[-87.710641,41.931991],[-87.710644,41.931991],[-87.711069,41.931985],[-87.711271,41.931982],[-87.711546,41.93198],[-87.711675,41.931979],[-87.712253,41.931983],[-87.71253,41.932198],[-87.712594,41.932238],[-87.71272,41.932313],[-87.712789,41.932355],[-87.712866,41.932286],[-87.712982,41.932179],[-87.712979,41.932055]]]},"properties":{"NAME":"Milwaukee-Diversey-Kimball District","NUMBER_":"HD-41","DATE_":"2/9/2005","REGISTER":null}},{"type":"Feature","geometry":{"type":"Polygon","coordinates":[[[-87.651624,41.921298],[-87.651621,41.921238],[-87.651619,41.921178],[-87.651617,41.921117],[-87.651615,41.921057],[-87.651613,41.920996],[-87.651611,41.920936],[-87.651608,41.920865],[-87.651606,41.920794],[-87.651604,41.920733],[-87.651602,41.920673],[-87.6516,41.920613],[-87.651597,41.920552],[-87.651595,41.920481],[-87.651592,41.92041],[-87.65159,41.920349],[-87.651588,41.920289],[-87.651586,41.920228],[-87.651584,41.920168],[-87.651582,41.920108],[-87.65158,41.920042],[-87.651574,41.919861],[-87.650872,41.919872],[-87.650878,41.920053],[-87.650888,41.920329],[-87.650889,41.920375],[-87.650891,41.920421],[-87.650893,41.920467],[-87.650895,41.920536],[-87.650897,41.920605],[-87.6509,41.920673],[-87.650902,41.920742],[-87.650904,41.920811],[-87.650907,41.920879],[-87.650909,41.920948],[-87.650912,41.921017],[-87.650914,41.921085],[-87.650915,41.92112],[-87.650917,41.921154],[-87.650919,41.921223],[-87.650922,41.92131],[-87.650923,41.921348],[-87.650923,41.921348],[-87.651166,41.921344],[-87.651254,41.921343],[-87.651342,41.921341],[-87.65143,41.92134],[-87.651518,41.921338],[-87.651606,41.921337],[-87.651626,41.921337],[-87.651624,41.921298]]]},"properties":{"NAME":"Fremont Row House District","NUMBER_":"HD-38","DATE_":"3/10/2004","REGISTER":null}},{"type":"Feature","geometry":{"type":"Polygon","coordinates":[[[-87.624807,41.89681],[-87.622816,41.896829],[-87.622823,41.897567],[-87.624133,41.897545],[-87.624821,41.89754],[-87.624807,41.89681]]]},"properties":{"NAME":"Old Chicago Water Tower","NUMBER_":"HD-23","DATE_":"10/6/1971","REGISTER":"Y"}},{"type":"Feature","geometry":{"type":"Polygon","coordinates":[[[-87.624781,41.896806],[-87.621875,41.896838],[-87.621889,41.897571],[-87.624798,41.897539],[-87.624781,41.896806]]]},"properties":{"NAME":"Old Chicago Water Tower Extension","NUMBER_":"HD-54","DATE_":"6/10/1981","REGISTER":null}},{"type":"Feature","geometry":{"type":"Polygon","coordinates":[[[-87.68097,41.910836],[-87.680963,41.910836],[-87.680878,41.910838],[-87.680801,41.910839],[-87.680786,41.910839],[-87.680773,41.910839],[-87.680694,41.910841],[-87.680626,41.910842],[-87.680603,41.910842],[-87.680576,41.910843],[-87.680511,41.910844],[-87.680457,41.910845],[-87.680419,41.910845],[-87.680366,41.910846],[-87.680327,41.910847],[-87.680293,41.910847],[-87.680235,41.910848],[-87.680048,41.910851],[-87.680001,41.910852],[-87.679957,41.910853],[-87.679957,41.91088],[-87.679958,41.910897],[-87.67996,41.910988],[-87.679966,41.911176],[-87.679875,41.911177],[-87.679777,41.911179],[-87.679703,41.91118],[-87.679738,41.911202],[-87.679808,41.911247],[-87.679812,41.911249],[-87.679888,41.911298],[-87.679913,41.911314],[-87.67997,41.91135],[-87.680063,41.911409],[-87.680156,41.911468],[-87.680249,41.911527],[-87.680266,41.911538],[-87.680336,41.911582],[-87.680403,41.911625],[-87.680413,41.911631],[-87.680426,41.911639],[-87.680518,41.911698],[-87.680611,41.911757],[-87.680672,41.911796],[-87.680704,41.911817],[-87.68073,41.911833],[-87.680824,41.911901],[-87.680845,41.911916],[-87.680917,41.911967],[-87.680929,41.911975],[-87.680941,41.911983],[-87.680989,41.912014],[-87.681034,41.912043],[-87.681056,41.912058],[-87.681127,41.912104],[-87.68122,41.912164],[-87.681293,41.912211],[-87.681313,41.912224],[-87.681315,41.912226],[-87.681327,41.912234],[-87.68137,41.912233],[-87.681405,41.912232],[-87.681415,41.912232],[-87.681497,41.912231],[-87.681681,41.912228],[-87.681721,41.912227],[-87.681827,41.912226],[-87.682007,41.912223],[-87.68201,41.912223],[-87.682041,41.912222],[-87.682272,41.912219],[-87.682389,41.912217],[-87.682514,41.912215],[-87.682514,41.912203],[-87.682514,41.9122],[-87.682646,41.912198],[-87.682675,41.912197],[-87.682756,41.912196],[-87.682866,41.912194],[-87.682929,41.912193],[-87.682976,41.912193],[-87.682985,41.912193],[-87.682995,41.912192],[-87.683023,41.912192],[-87.683035,41.912192],[-87.683033,41.912107],[-87.683031,41.912038],[-87.683031,41.912031],[-87.683031,41.912027],[-87.68303,41.911974],[-87.68303,41.911969],[-87.683029,41.911945],[-87.683029,41.911922],[-87.683028,41.911901],[-87.683028,41.911867],[-87.683027,41.911843],[-87.683027,41.911832],[-87.683026,41.91182],[-87.683025,41.911764],[-87.683024,41.911703],[-87.683024,41.911695],[-87.683024,41.911686],[-87.683022,41.911627],[-87.683021,41.911573],[-87.683021,41.911558],[-87.683021,41.911545],[-87.683019,41.911489],[-87.683018,41.911431],[-87.683018,41.911421],[-87.683018,41.911411],[-87.683016,41.911352],[-87.683015,41.911298],[-87.683015,41.911284],[-87.683015,41.911268],[-87.683013,41.911215],[-87.683012,41.911155],[-87.683012,41.911146],[-87.683012,41.911138],[-87.68301,41.911078],[-87.683009,41.911031],[-87.683009,41.911009],[-87.683008,41.910981],[-87.683007,41.910941],[-87.683007,41.910919],[-87.683006,41.910886],[-87.683005,41.910828],[-87.682929,41.910829],[-87.682892,41.91083],[-87.682841,41.910831],[-87.682765,41.910832],[-87.682753,41.910832],[-87.682752,41.91079],[-87.682744,41.910475],[-87.682827,41.910474],[-87.682832,41.910474],[-87.68292,41.910473],[-87.682979,41.910472],[-87.683008,41.910471],[-87.683062,41.91047],[-87.683096,41.91047],[-87.68312,41.910469],[-87.683184,41.910468],[-87.683273,41.910467],[-87.683284,41.910467],[-87.683361,41.910466],[-87.683409,41.910465],[-87.683453,41.910464],[-87.68357,41.910462],[-87.683695,41.91046],[-87.683692,41.910372],[-87.68369,41.910279],[-87.683681,41.909942],[-87.68368,41.909898],[-87.68368,41.909894],[-87.683679,41.909873],[-87.683645,41.908637],[-87.683642,41.908546],[-87.68364,41.908456],[-87.683515,41.908458],[-87.683397,41.90846],[-87.683252,41.908463],[-87.682938,41.908469],[-87.682879,41.90847],[-87.68269,41.908473],[-87.68242,41.908478],[-87.682418,41.908409],[-87.682416,41.90834],[-87.682414,41.908271],[-87.682412,41.908201],[-87.68241,41.908132],[-87.682409,41.908086],[-87.682409,41.908073],[-87.682287,41.908076],[-87.682166,41.908078],[-87.681615,41.908088],[-87.681613,41.908019],[-87.681612,41.907982],[-87.681611,41.907951],[-87.681609,41.907885],[-87.681608,41.907819],[-87.681607,41.907803],[-87.681606,41.907753],[-87.681604,41.907687],[-87.681602,41.907621],[-87.681601,41.907593],[-87.6816,41.907555],[-87.681598,41.907489],[-87.681597,41.907423],[-87.681596,41.907388],[-87.681595,41.907357],[-87.681593,41.907292],[-87.681591,41.907223],[-87.681589,41.907153],[-87.681586,41.907063],[-87.681584,41.906972],[-87.681582,41.906903],[-87.68158,41.906837],[-87.68158,41.906835],[-87.681578,41.906769],[-87.681577,41.906726],[-87.681576,41.906703],[-87.681574,41.906637],[-87.681573,41.906571],[-87.681572,41.906538],[-87.681571,41.906505],[-87.681569,41.906439],[-87.681567,41.906373],[-87.681566,41.906336],[-87.681565,41.906307],[-87.681564,41.906241],[-87.681562,41.90618],[-87.681562,41.906175],[-87.68156,41.906107],[-87.681558,41.906037],[-87.681555,41.905943],[-87.681552,41.905856],[-87.681542,41.905476],[-87.681541,41.905443],[-87.681574,41.905442],[-87.681633,41.905441],[-87.681685,41.90544],[-87.681725,41.90544],[-87.68177,41.905439],[-87.681817,41.905438],[-87.681858,41.905438],[-87.681908,41.905437],[-87.681966,41.905436],[-87.682,41.905435],[-87.682031,41.905435],[-87.682092,41.905434],[-87.682211,41.90543],[-87.682335,41.905426],[-87.682333,41.905357],[-87.682331,41.905289],[-87.682329,41.90522],[-87.682327,41.905151],[-87.682325,41.905083],[-87.682324,41.905044],[-87.682323,41.905014],[-87.682321,41.90492],[-87.682318,41.904833],[-87.682316,41.904767],[-87.682315,41.904701],[-87.682313,41.904635],[-87.682311,41.904569],[-87.682309,41.904503],[-87.682308,41.904456],[-87.682183,41.904458],[-87.682065,41.90446],[-87.681906,41.904462],[-87.681713,41.904466],[-87.681676,41.904466],[-87.68164,41.904467],[-87.681581,41.904468],[-87.68154,41.904468],[-87.681489,41.904469],[-87.68143,41.90447],[-87.681397,41.904471],[-87.681368,41.904471],[-87.681305,41.904472],[-87.681242,41.904473],[-87.681216,41.904474],[-87.68119,41.904474],[-87.681121,41.904475],[-87.681029,41.904477],[-87.680938,41.904479],[-87.680858,41.90448],[-87.680846,41.90448],[-87.680837,41.90448],[-87.680806,41.904481],[-87.680754,41.904482],[-87.680686,41.904483],[-87.680662,41.904483],[-87.680636,41.904484],[-87.680571,41.904485],[-87.680515,41.904486],[-87.680479,41.904486],[-87.680406,41.904487],[-87.680388,41.904474],[-87.680379,41.904159],[-87.680376,41.904065],[-87.680374,41.903978],[-87.680315,41.903979],[-87.67985,41.903987],[-87.679726,41.903989],[-87.679607,41.903991],[-87.6795,41.903993],[-87.679098,41.903999],[-87.679039,41.904],[-87.679042,41.904087],[-87.679045,41.904181],[-87.679048,41.904283],[-87.679054,41.904509],[-87.678986,41.90451],[-87.678962,41.904511],[-87.67894,41.904511],[-87.67887,41.904512],[-87.67879,41.904514],[-87.678778,41.904514],[-87.678766,41.904514],[-87.678686,41.904515],[-87.678603,41.904517],[-87.678594,41.904517],[-87.678501,41.904518],[-87.67841,41.90452],[-87.678407,41.90452],[-87.678317,41.904522],[-87.678229,41.904523],[-87.678221,41.904523],[-87.678141,41.904524],[-87.678065,41.904526],[-87.678052,41.904526],[-87.67805,41.904526],[-87.678033,41.904526],[-87.677964,41.904527],[-87.677908,41.904528],[-87.677876,41.904529],[-87.677874,41.90448],[-87.677867,41.904201],[-87.677864,41.904109],[-87.677861,41.90402],[-87.677802,41.904021],[-87.67762,41.904024],[-87.677408,41.904027],[-87.677284,41.904029],[-87.677165,41.904031],[-87.676855,41.904036],[-87.676787,41.904038],[-87.676725,41.904039],[-87.676666,41.90404],[-87.676668,41.904129],[-87.676671,41.904221],[-87.67668,41.904537],[-87.676682,41.904595],[-87.676691,41.904921],[-87.67665,41.904921],[-87.676603,41.904922],[-87.676564,41.904923],[-87.676515,41.904924],[-87.676517,41.905013],[-87.67652,41.905105],[-87.67653,41.905435],[-87.676531,41.905471],[-87.676491,41.905472],[-87.676442,41.905473],[-87.676382,41.905474],[-87.676354,41.905474],[-87.676331,41.905475],[-87.676266,41.905476],[-87.676201,41.905477],[-87.676178,41.905477],[-87.676155,41.905478],[-87.67609,41.905479],[-87.676009,41.90548],[-87.676002,41.90548],[-87.675996,41.90548],[-87.675914,41.905482],[-87.675829,41.905483],[-87.675826,41.905483],[-87.675737,41.905484],[-87.67566,41.905486],[-87.675649,41.905486],[-87.675627,41.905486],[-87.675575,41.905487],[-87.675524,41.905531],[-87.675448,41.905597],[-87.675325,41.905703],[-87.675256,41.905763],[-87.675239,41.905778],[-87.675196,41.905815],[-87.675135,41.905867],[-87.675075,41.905919],[-87.675015,41.905971],[-87.674955,41.906023],[-87.674895,41.906074],[-87.674835,41.906126],[-87.674775,41.906178],[-87.674715,41.90623],[-87.674655,41.906282],[-87.674598,41.906332],[-87.674595,41.906334],[-87.674535,41.906386],[-87.674475,41.906438],[-87.674415,41.90649],[-87.674372,41.906526],[-87.674354,41.906541],[-87.674294,41.906593],[-87.674264,41.906619],[-87.674259,41.906624],[-87.674234,41.906645],[-87.67423,41.906649],[-87.674204,41.906671],[-87.674182,41.90669],[-87.674174,41.906697],[-87.67413,41.906669],[-87.674113,41.906658],[-87.673996,41.906583],[-87.673966,41.906564],[-87.673804,41.906461],[-87.673864,41.906409],[-87.673924,41.906357],[-87.673932,41.906351],[-87.673946,41.906338],[-87.673852,41.906278],[-87.673761,41.906221],[-87.673434,41.906013],[-87.673348,41.905959],[-87.673278,41.905914],[-87.673184,41.905855],[-87.673147,41.905831],[-87.673108,41.905864],[-87.672912,41.906035],[-87.672809,41.906124],[-87.672778,41.906105],[-87.672739,41.906079],[-87.672674,41.906038],[-87.672669,41.906035],[-87.672589,41.906102],[-87.672508,41.90617],[-87.672493,41.906183],[-87.672458,41.906211],[-87.672313,41.906333],[-87.672216,41.906414],[-87.672164,41.906443],[-87.672234,41.906488],[-87.672304,41.906533],[-87.672375,41.906577],[-87.672445,41.906622],[-87.672468,41.906637],[-87.672515,41.906667],[-87.672585,41.906712],[-87.672655,41.906756],[-87.672725,41.906801],[-87.672795,41.906846],[-87.672865,41.906891],[-87.672937,41.906936],[-87.673029,41.906995],[-87.673116,41.907058],[-87.673198,41.906987],[-87.67327,41.907033],[-87.673337,41.907076],[-87.673403,41.907119],[-87.67347,41.907161],[-87.673543,41.907208],[-87.673611,41.907251],[-87.673681,41.907296],[-87.673751,41.90734],[-87.673821,41.907385],[-87.673891,41.907429],[-87.67396,41.907474],[-87.67403,41.907519],[-87.674124,41.907575],[-87.674215,41.907636],[-87.674285,41.907681],[-87.674354,41.907725],[-87.674424,41.90777],[-87.674494,41.907814],[-87.674564,41.907859],[-87.674634,41.907904],[-87.674703,41.907948],[-87.674773,41.907993],[-87.674843,41.908037],[-87.674913,41.908082],[-87.674983,41.908126],[-87.675053,41.908171],[-87.675122,41.908216],[-87.675192,41.90826],[-87.675262,41.908305],[-87.675332,41.908349],[-87.675402,41.908394],[-87.675472,41.908438],[-87.675541,41.908483],[-87.675611,41.908527],[-87.675796,41.908645],[-87.675866,41.90869],[-87.675935,41.908734],[-87.676005,41.908779],[-87.676075,41.908823],[-87.676145,41.908868],[-87.676215,41.908912],[-87.676285,41.908957],[-87.676354,41.909001],[-87.676424,41.909046],[-87.676494,41.909091],[-87.676564,41.909135],[-87.676634,41.90918],[-87.676703,41.909224],[-87.676773,41.909269],[-87.676843,41.909313],[-87.676913,41.909358],[-87.676983,41.909402],[-87.677053,41.909447],[-87.677123,41.909492],[-87.677192,41.909536],[-87.677262,41.909581],[-87.677324,41.90962],[-87.677324,41.909632],[-87.677351,41.909609],[-87.677447,41.90967],[-87.677446,41.909643],[-87.67757,41.909724],[-87.677568,41.90967],[-87.677566,41.909602],[-87.677564,41.909531],[-87.677562,41.909459],[-87.677562,41.909368],[-87.677559,41.909276],[-87.677557,41.909208],[-87.677555,41.909139],[-87.677555,41.909131],[-87.677554,41.909073],[-87.677552,41.909008],[-87.677551,41.908972],[-87.67755,41.908942],[-87.677548,41.908876],[-87.677546,41.90881],[-87.677544,41.908744],[-87.677542,41.908678],[-87.67754,41.908612],[-87.677539,41.90858],[-87.677538,41.908547],[-87.677536,41.908481],[-87.677534,41.908412],[-87.677533,41.908344],[-87.67753,41.908252],[-87.677527,41.908162],[-87.677525,41.908094],[-87.677523,41.908025],[-87.677522,41.907989],[-87.677521,41.907959],[-87.677519,41.907894],[-87.677517,41.907828],[-87.677516,41.907762],[-87.677514,41.907696],[-87.677512,41.907631],[-87.67751,41.907564],[-87.677508,41.907498],[-87.677506,41.907433],[-87.677504,41.907367],[-87.677502,41.907298],[-87.6775,41.907232],[-87.677498,41.907138],[-87.677495,41.907051],[-87.677493,41.906982],[-87.677491,41.906913],[-87.677489,41.906845],[-87.677487,41.906776],[-87.677485,41.906704],[-87.677483,41.906638],[-87.677481,41.906572],[-87.67748,41.906536],[-87.677479,41.906506],[-87.677477,41.906435],[-87.677475,41.906366],[-87.677475,41.906342],[-87.677883,41.906334],[-87.678026,41.906331],[-87.678092,41.90633],[-87.678085,41.906088],[-87.67813,41.906087],[-87.678185,41.906086],[-87.678242,41.906085],[-87.678281,41.906085],[-87.678376,41.906083],[-87.678463,41.906082],[-87.678472,41.906082],[-87.678487,41.906082],[-87.678567,41.906081],[-87.678618,41.90608],[-87.678663,41.906079],[-87.678721,41.906078],[-87.678758,41.906078],[-87.678854,41.906076],[-87.67894,41.906075],[-87.678949,41.906075],[-87.678963,41.906075],[-87.67905,41.906074],[-87.679052,41.906153],[-87.679062,41.906513],[-87.679064,41.906584],[-87.679072,41.906868],[-87.679077,41.90702],[-87.679079,41.907108],[-87.679082,41.907202],[-87.679094,41.90763],[-87.679096,41.907702],[-87.679108,41.908134],[-87.679111,41.908223],[-87.679113,41.908315],[-87.679123,41.908648],[-87.679126,41.908746],[-87.679108,41.90876],[-87.67909,41.90876],[-87.679026,41.908762],[-87.678969,41.908763],[-87.678931,41.908763],[-87.678835,41.908765],[-87.678808,41.908766],[-87.67874,41.908767],[-87.67872,41.908767],[-87.678644,41.908769],[-87.678549,41.90877],[-87.678453,41.908772],[-87.678434,41.908772],[-87.678358,41.908774],[-87.678355,41.908774],[-87.678262,41.908776],[-87.678181,41.908777],[-87.678096,41.908778],[-87.678097,41.9088],[-87.678099,41.908866],[-87.678099,41.908873],[-87.678101,41.908932],[-87.678103,41.908998],[-87.678104,41.909063],[-87.678105,41.909092],[-87.678106,41.909121],[-87.678106,41.909125],[-87.678106,41.909129],[-87.678108,41.909198],[-87.67811,41.909266],[-87.678113,41.909358],[-87.678116,41.909448],[-87.678181,41.909446],[-87.678226,41.909446],[-87.678283,41.909445],[-87.678378,41.909443],[-87.678391,41.909886],[-87.678389,41.909932],[-87.678485,41.90993],[-87.67858,41.909929],[-87.678676,41.909927],[-87.678769,41.909925],[-87.678866,41.909924],[-87.678962,41.909922],[-87.679057,41.90992],[-87.679139,41.909919],[-87.679157,41.909932],[-87.679162,41.910091],[-87.679231,41.91009],[-87.679781,41.91008],[-87.679782,41.910104],[-87.679783,41.910146],[-87.679901,41.910143],[-87.680026,41.91014],[-87.680322,41.910135],[-87.680574,41.91013],[-87.68064,41.910129],[-87.680637,41.91004],[-87.680634,41.909903],[-87.680646,41.909893],[-87.680651,41.909889],[-87.680683,41.909888],[-87.680735,41.909887],[-87.680771,41.909887],[-87.68083,41.909886],[-87.680925,41.909884],[-87.680979,41.909883],[-87.68102,41.909882],[-87.681118,41.90988],[-87.681167,41.909879],[-87.681211,41.909879],[-87.681306,41.909877],[-87.681318,41.909877],[-87.681401,41.909875],[-87.681435,41.909875],[-87.681497,41.909874],[-87.681568,41.909872],[-87.681579,41.909872],[-87.681597,41.909885],[-87.681604,41.910131],[-87.681609,41.910314],[-87.681509,41.910316],[-87.681502,41.910316],[-87.681414,41.910318],[-87.681366,41.910319],[-87.681318,41.91032],[-87.68126,41.910321],[-87.681223,41.910321],[-87.68113,41.910323],[-87.681102,41.910324],[-87.681033,41.910325],[-87.681002,41.910325],[-87.680962,41.910326],[-87.680963,41.910418],[-87.680964,41.910507],[-87.68097,41.910836]]]},"properties":{"NAME":"Wicker Park","NUMBER_":"HD-35","DATE_":"4/12/1991","REGISTER":"Y"}},{"type":"Feature","geometry":{"type":"Polygon","coordinates":[[[-87.647335,41.922576],[-87.647222,41.922578],[-87.646876,41.922583],[-87.646876,41.922583],[-87.646878,41.922643],[-87.64688,41.922702],[-87.646882,41.922761],[-87.646884,41.92282],[-87.646886,41.922879],[-87.646888,41.922938],[-87.64689,41.922997],[-87.646892,41.923056],[-87.646894,41.923115],[-87.646896,41.923175],[-87.647139,41.923171],[-87.647356,41.923168],[-87.647356,41.923168],[-87.647354,41.923108],[-87.647352,41.923049],[-87.647351,41.923021],[-87.64735,41.92299],[-87.647348,41.92296],[-87.647348,41.922931],[-87.647346,41.922901],[-87.647345,41.922872],[-87.647345,41.922843],[-87.647343,41.922813],[-87.647342,41.922782],[-87.647341,41.922754],[-87.647339,41.922695],[-87.647337,41.922636],[-87.647335,41.922576],[-87.647335,41.922576]]]},"properties":{"NAME":"Burling Row House","NUMBER_":"HD- 7","DATE_":"11/15/2000","REGISTER":"N"}},{"type":"Feature","geometry":{"type":"MultiPolygon","coordinates":[[[[-87.601593,41.811499],[-87.600992,41.811506],[-87.600993,41.811561],[-87.600994,41.811616],[-87.600995,41.81167],[-87.600996,41.811725],[-87.600997,41.81178],[-87.600968,41.811781],[-87.60097,41.811835],[-87.60097,41.81189],[-87.600972,41.811945],[-87.600974,41.812041],[-87.601003,41.81204],[-87.601004,41.812098],[-87.601006,41.812156],[-87.601007,41.812211],[-87.601008,41.812266],[-87.601009,41.812323],[-87.60101,41.812381],[-87.601011,41.812436],[-87.601013,41.812491],[-87.601014,41.812546],[-87.601015,41.812604],[-87.600912,41.812605],[-87.600545,41.812608],[-87.600544,41.812551],[-87.600543,41.812496],[-87.600542,41.812441],[-87.600542,41.81243],[-87.599445,41.812442],[-87.599448,41.81262],[-87.59945,41.812702],[-87.599451,41.812785],[-87.599455,41.812949],[-87.599457,41.813059],[-87.599459,41.813167],[-87.600119,41.81316],[-87.600156,41.813159],[-87.600334,41.813157],[-87.600518,41.813155],[-87.600569,41.813154],[-87.600632,41.813154],[-87.600786,41.813152],[-87.600868,41.813151],[-87.601052,41.813149],[-87.601077,41.813149],[-87.601628,41.813142],[-87.601624,41.812961],[-87.60162,41.81278],[-87.601617,41.812643],[-87.601616,41.812599],[-87.601615,41.812539],[-87.601614,41.812484],[-87.601613,41.812429],[-87.601612,41.812374],[-87.60161,41.812317],[-87.601609,41.812259],[-87.601608,41.812204],[-87.601607,41.812149],[-87.601606,41.812092],[-87.601604,41.812034],[-87.601602,41.811938],[-87.601601,41.811883],[-87.6016,41.811828],[-87.601599,41.811774],[-87.601598,41.811719],[-87.601597,41.811664],[-87.601595,41.811609],[-87.601594,41.811554],[-87.601593,41.811499]]],[[[-87.599186,41.811526],[-87.598676,41.811531],[-87.598679,41.811682],[-87.598681,41.811756],[-87.598682,41.811825],[-87.598448,41.811828],[-87.598449,41.811913],[-87.59845,41.81197],[-87.598452,41.812026],[-87.598453,41.812082],[-87.598454,41.812138],[-87.598455,41.812195],[-87.598456,41.812251],[-87.598457,41.812313],[-87.59842,41.812313],[-87.598141,41.812317],[-87.598142,41.812382],[-87.598143,41.812453],[-87.598143,41.812462],[-87.598146,41.812599],[-87.598148,41.812728],[-87.598149,41.812769],[-87.598259,41.812768],[-87.598267,41.813181],[-87.59849,41.813178],[-87.599217,41.81317],[-87.599215,41.813057],[-87.599214,41.813012],[-87.599213,41.812968],[-87.599211,41.812875],[-87.599208,41.812724],[-87.599206,41.812587],[-87.599203,41.81245],[-87.599203,41.812442],[-87.599202,41.81237],[-87.5992,41.812304],[-87.599199,41.812243],[-87.599198,41.812186],[-87.599197,41.81213],[-87.599196,41.812074],[-87.599195,41.812018],[-87.599194,41.811961],[-87.599193,41.811905],[-87.599191,41.811819],[-87.59919,41.811751],[-87.599188,41.811677],[-87.599186,41.811526]]],[[[-87.600029,41.813342],[-87.599462,41.813348],[-87.599465,41.813485],[-87.599468,41.813622],[-87.599471,41.81376],[-87.599474,41.813897],[-87.599477,41.814034],[-87.59948,41.814171],[-87.599483,41.814308],[-87.599483,41.814322],[-87.599485,41.814445],[-87.599488,41.814582],[-87.599491,41.814719],[-87.599494,41.814857],[-87.599497,41.814988],[-87.599996,41.814982],[-87.60007,41.814981],[-87.600067,41.81485],[-87.600063,41.814713],[-87.60006,41.814576],[-87.600056,41.814439],[-87.600053,41.814315],[-87.600053,41.814301],[-87.600049,41.814164],[-87.600046,41.814027],[-87.600043,41.81389],[-87.600039,41.813753],[-87.600036,41.813616],[-87.600032,41.813479],[-87.600029,41.813342]]],[[[-87.601631,41.813323],[-87.601078,41.81333],[-87.601079,41.813376],[-87.60108,41.813422],[-87.601081,41.813468],[-87.601082,41.813514],[-87.601084,41.81356],[-87.601085,41.813606],[-87.601086,41.813652],[-87.601087,41.813698],[-87.601088,41.813744],[-87.601089,41.813791],[-87.60109,41.813837],[-87.601092,41.813883],[-87.601093,41.813928],[-87.601094,41.813974],[-87.601095,41.814021],[-87.601096,41.814076],[-87.601098,41.814132],[-87.601099,41.814187],[-87.601101,41.814242],[-87.601102,41.814298],[-87.601103,41.814353],[-87.601105,41.814411],[-87.601106,41.814469],[-87.601108,41.814527],[-87.601109,41.814584],[-87.601111,41.81464],[-87.601112,41.814698],[-87.601113,41.814745],[-87.601114,41.814791],[-87.601116,41.814837],[-87.601117,41.814882],[-87.601118,41.814928],[-87.601119,41.814969],[-87.601665,41.814962],[-87.601664,41.814922],[-87.601663,41.814876],[-87.601662,41.81483],[-87.601662,41.814785],[-87.601661,41.814739],[-87.60166,41.814692],[-87.601658,41.814634],[-87.601657,41.814577],[-87.601656,41.814521],[-87.601655,41.814463],[-87.601654,41.814405],[-87.601652,41.814347],[-87.601651,41.814291],[-87.60165,41.814236],[-87.601649,41.814181],[-87.601648,41.814125],[-87.601647,41.81407],[-87.601646,41.814015],[-87.601645,41.813968],[-87.601644,41.813922],[-87.601643,41.813876],[-87.601642,41.813831],[-87.601641,41.813785],[-87.60164,41.813738],[-87.601639,41.813692],[-87.601638,41.813646],[-87.601637,41.8136],[-87.601636,41.813554],[-87.601635,41.813507],[-87.601634,41.813461],[-87.601633,41.813415],[-87.601632,41.813369],[-87.601631,41.813323]]],[[[-87.600446,41.813337],[-87.600076,41.813341],[-87.60008,41.813478],[-87.600083,41.813615],[-87.600085,41.813684],[-87.600087,41.813752],[-87.600088,41.813821],[-87.60009,41.813889],[-87.600091,41.813935],[-87.600092,41.813981],[-87.600094,41.814027],[-87.600095,41.814072],[-87.600096,41.814118],[-87.600097,41.814164],[-87.600098,41.814209],[-87.600099,41.814255],[-87.6001,41.814301],[-87.600102,41.814347],[-87.600103,41.814392],[-87.600104,41.814438],[-87.600105,41.814484],[-87.600106,41.814529],[-87.600107,41.814575],[-87.600109,41.814621],[-87.60011,41.814667],[-87.600118,41.814981],[-87.600488,41.814976],[-87.60048,41.814662],[-87.600478,41.814616],[-87.600477,41.814571],[-87.600476,41.814525],[-87.600475,41.814479],[-87.600474,41.814434],[-87.600473,41.814388],[-87.600472,41.814342],[-87.60047,41.814296],[-87.600469,41.814251],[-87.600468,41.814205],[-87.600467,41.814159],[-87.600466,41.814114],[-87.600465,41.814068],[-87.600463,41.814022],[-87.600462,41.813977],[-87.600461,41.813931],[-87.60046,41.813885],[-87.600458,41.813817],[-87.600457,41.813748],[-87.600455,41.813679],[-87.600453,41.813611],[-87.60045,41.813474],[-87.600446,41.813337]]],[[[-87.60103,41.81333],[-87.600666,41.813334],[-87.600667,41.813383],[-87.600669,41.813428],[-87.60067,41.813474],[-87.600671,41.813519],[-87.600672,41.813564],[-87.600673,41.81361],[-87.600675,41.813665],[-87.600676,41.813719],[-87.600677,41.813774],[-87.600679,41.813829],[-87.60068,41.813883],[-87.600681,41.813931],[-87.600682,41.813978],[-87.600684,41.814026],[-87.600685,41.814074],[-87.600686,41.814122],[-87.600687,41.81417],[-87.600688,41.814218],[-87.60069,41.814266],[-87.600691,41.814312],[-87.600692,41.81436],[-87.600693,41.814409],[-87.600695,41.814455],[-87.600696,41.814501],[-87.600697,41.814547],[-87.600698,41.814593],[-87.600699,41.81464],[-87.6007,41.814686],[-87.600702,41.814736],[-87.600703,41.814782],[-87.600704,41.814829],[-87.600705,41.814875],[-87.600706,41.814924],[-87.600708,41.814974],[-87.601071,41.814969],[-87.60107,41.81492],[-87.601069,41.814871],[-87.601068,41.814824],[-87.601066,41.814778],[-87.601065,41.814731],[-87.601064,41.814682],[-87.601063,41.814636],[-87.601062,41.814589],[-87.601061,41.814543],[-87.601059,41.814497],[-87.601058,41.814451],[-87.601057,41.814405],[-87.601056,41.814356],[-87.601055,41.814307],[-87.601053,41.814261],[-87.601052,41.814214],[-87.601051,41.814166],[-87.60105,41.814118],[-87.601049,41.81407],[-87.601047,41.814022],[-87.601046,41.813974],[-87.601045,41.813927],[-87.601044,41.813879],[-87.601042,41.813825],[-87.601041,41.81377],[-87.60104,41.813715],[-87.601038,41.81366],[-87.601037,41.813606],[-87.601036,41.81356],[-87.601035,41.813515],[-87.601033,41.813469],[-87.601032,41.813424],[-87.601031,41.813379],[-87.60103,41.81333]]],[[[-87.602496,41.813132],[-87.602495,41.813072],[-87.602494,41.813017],[-87.602493,41.812962],[-87.602492,41.812907],[-87.60249,41.812851],[-87.602489,41.812803],[-87.602431,41.812804],[-87.602428,41.812666],[-87.602426,41.812571],[-87.602424,41.812476],[-87.602928,41.81247],[-87.602925,41.812332],[-87.602922,41.812227],[-87.602904,41.812213],[-87.602599,41.812217],[-87.602581,41.812231],[-87.602581,41.812259],[-87.602522,41.81226],[-87.601903,41.812267],[-87.601904,41.812344],[-87.601907,41.812482],[-87.601909,41.812577],[-87.601911,41.812672],[-87.601914,41.81281],[-87.601915,41.812858],[-87.601916,41.812913],[-87.601918,41.812968],[-87.601919,41.813023],[-87.60192,41.813078],[-87.601921,41.813139],[-87.602438,41.813133],[-87.602496,41.813132]]],[[[-87.599249,41.814705],[-87.598888,41.81471],[-87.598872,41.81471],[-87.598855,41.81471],[-87.598789,41.814711],[-87.598728,41.814711],[-87.598618,41.814713],[-87.598552,41.814713],[-87.598486,41.814714],[-87.59842,41.814715],[-87.598354,41.814716],[-87.598288,41.814716],[-87.598222,41.814717],[-87.598156,41.814718],[-87.598107,41.814718],[-87.598034,41.814719],[-87.597954,41.81472],[-87.597958,41.814895],[-87.597962,41.814897],[-87.598038,41.814896],[-87.598111,41.814895],[-87.598111,41.814906],[-87.597958,41.814907],[-87.597935,41.814897],[-87.597934,41.814849],[-87.597679,41.814852],[-87.597514,41.814854],[-87.597549,41.814901],[-87.597589,41.814955],[-87.597643,41.815029],[-87.597695,41.815099],[-87.598115,41.815094],[-87.598164,41.815094],[-87.59823,41.815093],[-87.598296,41.815092],[-87.598362,41.815092],[-87.598428,41.815091],[-87.598494,41.81509],[-87.59856,41.815089],[-87.598588,41.815089],[-87.598626,41.815088],[-87.598736,41.815087],[-87.598734,41.814986],[-87.598795,41.814985],[-87.598861,41.814984],[-87.598877,41.814984],[-87.598876,41.814916],[-87.598874,41.814847],[-87.598891,41.814847],[-87.599252,41.814843],[-87.59925,41.814774],[-87.599249,41.814705]]],[[[-87.60275,41.811487],[-87.602722,41.811487],[-87.602649,41.811488],[-87.602583,41.811488],[-87.602517,41.811489],[-87.602452,41.81149],[-87.602386,41.811491],[-87.602319,41.811491],[-87.601887,41.811496],[-87.601888,41.811565],[-87.601889,41.811624],[-87.60189,41.811682],[-87.601892,41.811741],[-87.601893,41.811801],[-87.602326,41.811796],[-87.602393,41.811795],[-87.602458,41.811795],[-87.602524,41.811794],[-87.602571,41.811793],[-87.602571,41.811807],[-87.602574,41.811924],[-87.602576,41.812053],[-87.602518,41.812054],[-87.602481,41.812055],[-87.601898,41.812061],[-87.601901,41.812199],[-87.602521,41.812192],[-87.602521,41.812174],[-87.602722,41.812171],[-87.602903,41.812169],[-87.602921,41.812155],[-87.602919,41.81205],[-87.602762,41.812051],[-87.602761,41.811991],[-87.602756,41.811791],[-87.602755,41.811713],[-87.60275,41.811487]]],[[[-87.59917,41.810831],[-87.598492,41.810838],[-87.598493,41.810893],[-87.598503,41.811352],[-87.599182,41.811345],[-87.599179,41.811216],[-87.599176,41.811088],[-87.599173,41.810959],[-87.59917,41.810831]]],[[[-87.603809,41.811475],[-87.602973,41.811484],[-87.60298,41.811812],[-87.603816,41.811803],[-87.603809,41.811475]]],[[[-87.600138,41.810992],[-87.599416,41.811],[-87.599419,41.811124],[-87.599424,41.811342],[-87.600146,41.811334],[-87.600141,41.811116],[-87.600138,41.810992]]],[[[-87.605486,41.812715],[-87.604569,41.812725],[-87.604571,41.812825],[-87.604571,41.812839],[-87.604573,41.812927],[-87.60549,41.812916],[-87.605489,41.812828],[-87.605488,41.812815],[-87.605486,41.812715]]],[[[-87.596528,41.814676],[-87.59608,41.814865],[-87.596098,41.814889],[-87.596109,41.814903],[-87.596137,41.814942],[-87.596142,41.814949],[-87.596166,41.81498],[-87.596187,41.815009],[-87.596219,41.815053],[-87.596231,41.815069],[-87.596275,41.815129],[-87.596285,41.815142],[-87.596732,41.814953],[-87.596723,41.81494],[-87.596678,41.81488],[-87.596666,41.814864],[-87.596634,41.81482],[-87.596613,41.814792],[-87.59659,41.81476],[-87.596585,41.814753],[-87.596556,41.814715],[-87.596546,41.8147],[-87.596528,41.814676]]],[[[-87.595856,41.811809],[-87.595418,41.81206],[-87.595456,41.812111],[-87.595492,41.812158],[-87.595527,41.812204],[-87.595565,41.812254],[-87.596092,41.812019],[-87.596038,41.811973],[-87.596002,41.811989],[-87.595958,41.811924],[-87.595918,41.811865],[-87.59591,41.811854],[-87.595856,41.811809]]],[[[-87.595743,41.811716],[-87.595679,41.811664],[-87.595619,41.811615],[-87.595558,41.811565],[-87.595499,41.811516],[-87.595101,41.811787],[-87.595162,41.811838],[-87.595213,41.811881],[-87.595265,41.811924],[-87.595316,41.811967],[-87.595743,41.811716]]],[[[-87.603062,41.815127],[-87.602964,41.815128],[-87.602904,41.815129],[-87.602867,41.815129],[-87.602848,41.81513],[-87.602791,41.81513],[-87.602769,41.815131],[-87.602713,41.815131],[-87.602722,41.815516],[-87.602778,41.815515],[-87.6028,41.815515],[-87.602857,41.815514],[-87.602876,41.815514],[-87.602913,41.815514],[-87.602974,41.815513],[-87.603071,41.815512],[-87.603062,41.815127]]],[[[-87.595839,41.814878],[-87.595379,41.815072],[-87.5954,41.815104],[-87.595442,41.815165],[-87.595486,41.815225],[-87.595531,41.815285],[-87.595995,41.81509],[-87.595951,41.81503],[-87.595906,41.814969],[-87.595862,41.814909],[-87.595839,41.814878]]],[[[-87.596149,41.813394],[-87.595739,41.813568],[-87.595675,41.813595],[-87.595569,41.81364],[-87.595599,41.813684],[-87.595627,41.813725],[-87.595656,41.813765],[-87.595684,41.813806],[-87.596273,41.813557],[-87.596243,41.813518],[-87.596213,41.813478],[-87.596182,41.813438],[-87.596149,41.813394]]],[[[-87.593446,41.811698],[-87.593114,41.811836],[-87.593157,41.811897],[-87.593161,41.811902],[-87.5932,41.811958],[-87.593212,41.811975],[-87.593243,41.812018],[-87.593261,41.812044],[-87.593285,41.812079],[-87.593311,41.812115],[-87.593652,41.811972],[-87.593626,41.811937],[-87.5936,41.811903],[-87.593581,41.811877],[-87.593549,41.811834],[-87.593536,41.811817],[-87.593495,41.811763],[-87.593491,41.811757],[-87.593446,41.811698]]],[[[-87.602519,41.815611],[-87.601969,41.815617],[-87.60197,41.815663],[-87.601971,41.815708],[-87.601972,41.815755],[-87.601974,41.815837],[-87.602524,41.815831],[-87.602522,41.815748],[-87.602521,41.815702],[-87.60252,41.815657],[-87.602519,41.815611]]],[[[-87.600016,41.811764],[-87.599432,41.811771],[-87.599433,41.811797],[-87.599435,41.811934],[-87.600167,41.811926],[-87.600164,41.811789],[-87.600017,41.81179],[-87.600016,41.811764]]],[[[-87.601572,41.810551],[-87.600875,41.810559],[-87.600878,41.810696],[-87.600879,41.810724],[-87.601576,41.810716],[-87.601575,41.810688],[-87.601572,41.810551]]],[[[-87.595296,41.814153],[-87.59487,41.814331],[-87.594913,41.814391],[-87.594956,41.814452],[-87.594998,41.814513],[-87.595137,41.814455],[-87.595431,41.814332],[-87.595386,41.814272],[-87.595341,41.814212],[-87.595296,41.814153]]],[[[-87.600126,41.810444],[-87.599404,41.810452],[-87.599407,41.810589],[-87.600129,41.810581],[-87.600126,41.810444]]],[[[-87.600132,41.810718],[-87.59941,41.810726],[-87.599413,41.810863],[-87.600135,41.810855],[-87.600132,41.810718]]],[[[-87.595292,41.811134],[-87.595239,41.811169],[-87.595185,41.811204],[-87.595131,41.811239],[-87.595078,41.811274],[-87.595359,41.811509],[-87.595433,41.811498],[-87.595467,41.811493],[-87.595498,41.811473],[-87.595551,41.811438],[-87.595605,41.811403],[-87.595292,41.811134]]],[[[-87.597174,41.815554],[-87.596959,41.815644],[-87.596726,41.815742],[-87.596761,41.81579],[-87.596788,41.815826],[-87.596806,41.81585],[-87.596843,41.815901],[-87.596963,41.81585],[-87.59729,41.815712],[-87.597253,41.815662],[-87.597236,41.815638],[-87.597209,41.815602],[-87.597174,41.815554]]],[[[-87.605254,41.810465],[-87.604521,41.810473],[-87.604523,41.810584],[-87.605257,41.810588],[-87.605254,41.810465]]],[[[-87.597502,41.815999],[-87.597054,41.816188],[-87.597071,41.816211],[-87.597115,41.816271],[-87.597159,41.816331],[-87.597607,41.816143],[-87.597563,41.816082],[-87.597519,41.816022],[-87.597502,41.815999]]],[[[-87.605264,41.810904],[-87.60453,41.810912],[-87.604533,41.811021],[-87.605266,41.811014],[-87.605264,41.810904]]],[[[-87.593915,41.811533],[-87.593687,41.811683],[-87.593732,41.811742],[-87.593777,41.811802],[-87.593822,41.811862],[-87.593827,41.811869],[-87.594132,41.811744],[-87.594138,41.811741],[-87.594131,41.811734],[-87.594073,41.81168],[-87.594015,41.811626],[-87.593915,41.811533]]],[[[-87.59505,41.811292],[-87.594746,41.811491],[-87.594856,41.811583],[-87.594918,41.811634],[-87.595221,41.811435],[-87.59516,41.811384],[-87.59505,41.811292]]],[[[-87.595519,41.812562],[-87.595483,41.812514],[-87.595447,41.812466],[-87.595429,41.812442],[-87.59541,41.812418],[-87.595011,41.812586],[-87.595029,41.81261],[-87.595047,41.812634],[-87.595082,41.812682],[-87.595118,41.812731],[-87.595519,41.812562]]],[[[-87.605483,41.812554],[-87.604566,41.812564],[-87.604567,41.812647],[-87.605485,41.812636],[-87.605483,41.812554]]],[[[-87.602534,41.816227],[-87.601984,41.816233],[-87.601987,41.81637],[-87.602537,41.816363],[-87.602534,41.816227]]],[[[-87.602527,41.815953],[-87.601977,41.81596],[-87.601981,41.816096],[-87.602531,41.81609],[-87.602527,41.815953]]],[[[-87.597697,41.816264],[-87.597249,41.816453],[-87.597292,41.816512],[-87.597336,41.816572],[-87.597337,41.816573],[-87.597785,41.816384],[-87.597784,41.816383],[-87.59774,41.816323],[-87.597697,41.816264]]],[[[-87.594801,41.811808],[-87.594769,41.811781],[-87.594728,41.811747],[-87.594708,41.81173],[-87.594655,41.811685],[-87.594359,41.811881],[-87.594409,41.811928],[-87.594428,41.811946],[-87.594466,41.811982],[-87.594497,41.81201],[-87.594511,41.812],[-87.594563,41.811966],[-87.594801,41.811808]]],[[[-87.594537,41.813145],[-87.59453,41.813136],[-87.594488,41.813081],[-87.59444,41.813016],[-87.594058,41.813176],[-87.594104,41.813242],[-87.594143,41.813297],[-87.59415,41.813307],[-87.594537,41.813145]]],[[[-87.601669,41.815342],[-87.601222,41.815347],[-87.601223,41.815391],[-87.601223,41.815436],[-87.601224,41.815488],[-87.601672,41.815483],[-87.601671,41.81543],[-87.60167,41.815385],[-87.601669,41.815342]]],[[[-87.601689,41.816187],[-87.601237,41.816193],[-87.601237,41.816239],[-87.601238,41.816284],[-87.601239,41.81633],[-87.601693,41.816324],[-87.601691,41.816279],[-87.60169,41.816234],[-87.601689,41.816187]]],[[[-87.600516,41.816338],[-87.600049,41.816343],[-87.600051,41.816406],[-87.600052,41.816469],[-87.600519,41.816464],[-87.600518,41.816401],[-87.600516,41.816338]]],[[[-87.594169,41.812658],[-87.593801,41.812812],[-87.593844,41.812872],[-87.593887,41.812933],[-87.594259,41.812777],[-87.594214,41.812718],[-87.594169,41.812658]]],[[[-87.596243,41.815426],[-87.595778,41.815622],[-87.595796,41.815646],[-87.59584,41.815706],[-87.595844,41.815711],[-87.596308,41.815515],[-87.596304,41.81551],[-87.59626,41.81545],[-87.596243,41.815426]]],[[[-87.596941,41.816375],[-87.596482,41.816568],[-87.59651,41.816604],[-87.596548,41.816654],[-87.596976,41.816473],[-87.597004,41.816462],[-87.596975,41.816423],[-87.596967,41.816411],[-87.596941,41.816375]]],[[[-87.595875,41.810317],[-87.595863,41.809762],[-87.595794,41.809763],[-87.595772,41.809763],[-87.595783,41.810321],[-87.595805,41.81032],[-87.595875,41.810317]]],[[[-87.597778,41.812981],[-87.597049,41.812989],[-87.59705,41.813025],[-87.597051,41.813058],[-87.597779,41.813049],[-87.597778,41.813016],[-87.597778,41.812981]]],[[[-87.5956,41.810932],[-87.595542,41.81097],[-87.595484,41.811008],[-87.595797,41.811278],[-87.595841,41.811249],[-87.595887,41.811219],[-87.5956,41.810932]]],[[[-87.599988,41.816051],[-87.59952,41.816057],[-87.599521,41.816125],[-87.599522,41.816151],[-87.59999,41.816145],[-87.59999,41.81612],[-87.599988,41.816051]]],[[[-87.59573,41.814729],[-87.595276,41.81492],[-87.595317,41.814982],[-87.595326,41.814994],[-87.595783,41.814801],[-87.595774,41.814789],[-87.59573,41.814729]]],[[[-87.601694,41.816377],[-87.60124,41.816382],[-87.601241,41.81643],[-87.601242,41.816475],[-87.601696,41.81647],[-87.601695,41.816425],[-87.601694,41.816377]]],[[[-87.59465,41.813296],[-87.594257,41.81346],[-87.594286,41.8135],[-87.594315,41.813541],[-87.594711,41.813376],[-87.59468,41.813336],[-87.59465,41.813296]]],[[[-87.601577,41.810771],[-87.60088,41.810779],[-87.600881,41.810833],[-87.601578,41.810826],[-87.601577,41.810771]]],[[[-87.598534,41.814057],[-87.598213,41.814061],[-87.598214,41.81412],[-87.598215,41.814179],[-87.598537,41.814176],[-87.598536,41.814116],[-87.598534,41.814057]]],[[[-87.597226,41.814838],[-87.596944,41.814957],[-87.596829,41.815006],[-87.596856,41.815042],[-87.596882,41.815078],[-87.596946,41.815051],[-87.597279,41.814911],[-87.597252,41.814874],[-87.597226,41.814838]]],[[[-87.596039,41.81515],[-87.595575,41.815346],[-87.595619,41.815406],[-87.596083,41.81521],[-87.596039,41.81515]]],[[[-87.59806,41.813739],[-87.597741,41.813743],[-87.597742,41.813798],[-87.597743,41.813853],[-87.598062,41.813849],[-87.598061,41.813794],[-87.59806,41.813739]]],[[[-87.595064,41.812028],[-87.594854,41.812161],[-87.594835,41.812146],[-87.594721,41.812219],[-87.594778,41.812272],[-87.595152,41.812102],[-87.595064,41.812028]]],[[[-87.598056,41.813525],[-87.597737,41.813529],[-87.597738,41.813582],[-87.597739,41.813636],[-87.598058,41.813632],[-87.598057,41.813579],[-87.598056,41.813525]]],[[[-87.601167,41.815149],[-87.600712,41.815155],[-87.600713,41.815225],[-87.601168,41.81522],[-87.601167,41.815149]]],[[[-87.600505,41.815771],[-87.600037,41.815776],[-87.600039,41.815845],[-87.600506,41.815839],[-87.600505,41.815771]]],[[[-87.600493,41.815227],[-87.600026,41.815233],[-87.600028,41.815301],[-87.600495,41.815296],[-87.600493,41.815227]]],[[[-87.597962,41.815836],[-87.597564,41.816004],[-87.597608,41.816064],[-87.598007,41.815897],[-87.597962,41.815836]]],[[[-87.596303,41.813597],[-87.595712,41.813846],[-87.59574,41.813887],[-87.596333,41.813637],[-87.596303,41.813597]]],[[[-87.60119,41.816456],[-87.600739,41.816461],[-87.60074,41.816527],[-87.601191,41.816522],[-87.60119,41.816456]]],[[[-87.596944,41.815241],[-87.596496,41.81543],[-87.596532,41.815478],[-87.596952,41.815301],[-87.596979,41.815289],[-87.596951,41.81525],[-87.596944,41.815241]]],[[[-87.594905,41.812528],[-87.594462,41.812711],[-87.594498,41.812758],[-87.59494,41.812576],[-87.594905,41.812528]]],[[[-87.595338,41.812322],[-87.59494,41.81249],[-87.594975,41.812538],[-87.595374,41.81237],[-87.595338,41.812322]]],[[[-87.593365,41.811265],[-87.593315,41.811298],[-87.59359,41.811528],[-87.59364,41.811495],[-87.593365,41.811265]]]]},"properties":{"NAME":"North Kenwood Multiple Resource","NUMBER_":"HD-21","DATE_":"6/9/1993","REGISTER":"N"}},{"type":"Feature","geometry":{"type":"Polygon","coordinates":[[[-87.640605,41.924378],[-87.640587,41.923843],[-87.640576,41.923843],[-87.640183,41.923849],[-87.640082,41.92385],[-87.639546,41.923858],[-87.639685,41.924089],[-87.639722,41.924152],[-87.640144,41.92401],[-87.640182,41.923991],[-87.640476,41.92448],[-87.64048,41.924487],[-87.640597,41.924485],[-87.640597,41.924478],[-87.640594,41.924378],[-87.640605,41.924378]]]},"properties":{"NAME":"Mid-North District Extension","NUMBER_":"HD-39","DATE_":"9/29/2004","REGISTER":null}},{"type":"Feature","geometry":{"type":"Polygon","coordinates":[[[-87.632304,41.899162],[-87.632302,41.899093],[-87.6323,41.899019],[-87.632208,41.89902],[-87.632149,41.899021],[-87.632079,41.899021],[-87.632081,41.899095],[-87.632083,41.899165],[-87.632153,41.899164],[-87.632212,41.899163],[-87.632304,41.899162]]]},"properties":{"NAME":"Washington Square Extension, III","NUMBER_":"HD-52","DATE_":"5/11/2005","REGISTER":null}},{"type":"Feature","geometry":{"type":"Polygon","coordinates":[[[-87.653796,41.944372],[-87.653794,41.944304],[-87.653792,41.944235],[-87.653522,41.944239],[-87.653448,41.944242],[-87.653323,41.944086],[-87.653283,41.944036],[-87.65323,41.944037],[-87.653138,41.944039],[-87.653123,41.944039],[-87.653046,41.94404],[-87.653015,41.944041],[-87.652954,41.944041],[-87.652908,41.944042],[-87.652862,41.944043],[-87.652801,41.944044],[-87.65277,41.944044],[-87.652678,41.944046],[-87.652587,41.944047],[-87.652495,41.944048],[-87.652403,41.94405],[-87.652311,41.944051],[-87.652219,41.944053],[-87.652127,41.944054],[-87.652036,41.944055],[-87.651944,41.944057],[-87.651852,41.944058],[-87.65176,41.94406],[-87.651668,41.944061],[-87.651576,41.944063],[-87.651484,41.944064],[-87.651392,41.944065],[-87.651301,41.944067],[-87.651209,41.944068],[-87.651117,41.944069],[-87.651025,41.944071],[-87.650933,41.944072],[-87.650841,41.944074],[-87.650749,41.944075],[-87.650657,41.944076],[-87.650566,41.944078],[-87.650474,41.944079],[-87.650382,41.944081],[-87.65029,41.944082],[-87.650198,41.944084],[-87.650106,41.944085],[-87.650054,41.944086],[-87.650015,41.944116],[-87.650024,41.94443],[-87.65003,41.944611],[-87.650038,41.944915],[-87.650067,41.944937],[-87.650131,41.944936],[-87.650223,41.944935],[-87.650315,41.944933],[-87.650407,41.944932],[-87.650498,41.94493],[-87.65059,41.944929],[-87.650682,41.944927],[-87.650774,41.944925],[-87.650866,41.944924],[-87.650958,41.944922],[-87.65105,41.944921],[-87.651141,41.944919],[-87.651187,41.944919],[-87.651233,41.944918],[-87.651325,41.944916],[-87.651417,41.944915],[-87.651509,41.944913],[-87.651601,41.944912],[-87.651693,41.94491],[-87.651784,41.944909],[-87.651876,41.944907],[-87.651968,41.944906],[-87.65206,41.944904],[-87.652152,41.944903],[-87.652244,41.944901],[-87.652336,41.9449],[-87.652428,41.944898],[-87.652519,41.944897],[-87.652611,41.944895],[-87.652703,41.944894],[-87.652795,41.944892],[-87.652887,41.94489],[-87.652979,41.944889],[-87.653071,41.944887],[-87.653163,41.944886],[-87.653254,41.944884],[-87.6533,41.944884],[-87.653346,41.944883],[-87.653438,41.944881],[-87.653429,41.944559],[-87.653331,41.94438],[-87.653419,41.944378],[-87.653466,41.944378],[-87.653557,41.944376],[-87.653624,41.944375],[-87.653796,41.944372]]]},"properties":{"NAME":"Newport Avenue District","NUMBER_":"HD-42","DATE_":"2/9/2005","REGISTER":null}},{"type":"Feature","geometry":{"type":"Polygon","coordinates":[[[-87.664456,41.878267],[-87.664458,41.878318],[-87.664215,41.878323],[-87.664216,41.878357],[-87.664217,41.878402],[-87.664219,41.878472],[-87.66422,41.878488],[-87.66422,41.878505],[-87.66423,41.878847],[-87.664234,41.879029],[-87.664477,41.879025],[-87.664586,41.879023],[-87.664674,41.879021],[-87.664762,41.87902],[-87.664851,41.879018],[-87.664939,41.879017],[-87.66503,41.879015],[-87.665122,41.879014],[-87.665214,41.879012],[-87.665307,41.879011],[-87.665399,41.879009],[-87.665489,41.879008],[-87.665581,41.879006],[-87.665662,41.879005],[-87.665673,41.879005],[-87.665761,41.879003],[-87.665849,41.879002],[-87.665937,41.879001],[-87.665996,41.879],[-87.66607,41.878998],[-87.666144,41.878997],[-87.666218,41.878996],[-87.666551,41.87899],[-87.666918,41.878984],[-87.666913,41.878803],[-87.66691,41.878693],[-87.666909,41.878666],[-87.666907,41.878583],[-87.666905,41.878525],[-87.666538,41.878532],[-87.665991,41.878541],[-87.665987,41.878415],[-87.665987,41.878389],[-87.665983,41.878278],[-87.665983,41.878268],[-87.666014,41.878267],[-87.66653,41.878258],[-87.666897,41.878252],[-87.666897,41.878234],[-87.666893,41.87811],[-87.66689,41.877986],[-87.666888,41.877926],[-87.666886,41.877872],[-87.666885,41.877819],[-87.666883,41.877765],[-87.666882,41.877712],[-87.666876,41.87753],[-87.666869,41.877277],[-87.666865,41.877127],[-87.666865,41.877117],[-87.666862,41.877011],[-87.666861,41.876989],[-87.666494,41.876995],[-87.665947,41.877005],[-87.665948,41.877029],[-87.665932,41.877029],[-87.665893,41.87703],[-87.6658,41.877032],[-87.665739,41.877033],[-87.665678,41.877034],[-87.665616,41.877035],[-87.665524,41.877037],[-87.665432,41.877038],[-87.66534,41.87704],[-87.665248,41.877042],[-87.665156,41.877043],[-87.665063,41.877045],[-87.664973,41.877046],[-87.664977,41.877205],[-87.664888,41.877206],[-87.664796,41.877208],[-87.664704,41.87721],[-87.664612,41.877211],[-87.664428,41.877214],[-87.664428,41.877231],[-87.664437,41.877574],[-87.664442,41.877755],[-87.66445,41.878027],[-87.664452,41.878098],[-87.664452,41.878131],[-87.664454,41.878199],[-87.664456,41.878267]]]},"properties":{"NAME":"Jackson Boulevard","NUMBER_":"HD-14","DATE_":"7/30/1977","REGISTER":"N"}},{"type":"Feature","geometry":{"type":"Polygon","coordinates":[[[-87.623986,41.90092],[-87.623936,41.900827],[-87.623948,41.900705],[-87.623941,41.900406],[-87.623934,41.900107],[-87.62375,41.90011],[-87.623566,41.900113],[-87.623383,41.900116],[-87.623199,41.900119],[-87.623016,41.900122],[-87.622866,41.900125],[-87.622832,41.900125],[-87.622648,41.900128],[-87.622465,41.900131],[-87.622471,41.900431],[-87.622041,41.900438],[-87.621983,41.900439],[-87.621675,41.900444],[-87.621552,41.900446],[-87.621369,41.900449],[-87.621185,41.900452],[-87.621001,41.900455],[-87.620817,41.900458],[-87.620782,41.900459],[-87.620692,41.90046],[-87.620634,41.900461],[-87.62045,41.900464],[-87.620288,41.900467],[-87.620288,41.900442],[-87.620152,41.900445],[-87.620017,41.900447],[-87.61962,41.900453],[-87.61962,41.900453],[-87.619318,41.900474],[-87.619514,41.900779],[-87.619641,41.900907],[-87.619681,41.900946],[-87.619682,41.900948],[-87.619759,41.901004],[-87.619835,41.901045],[-87.619932,41.901091],[-87.62003,41.901131],[-87.620118,41.901158],[-87.620215,41.901182],[-87.620292,41.901194],[-87.620376,41.901201],[-87.620684,41.90122],[-87.621129,41.901234],[-87.621407,41.901253],[-87.621746,41.901283],[-87.622047,41.901324],[-87.622332,41.901394],[-87.622625,41.901474],[-87.622699,41.901506],[-87.622865,41.901577],[-87.622996,41.901633],[-87.623153,41.901713],[-87.623378,41.901844],[-87.623457,41.901899],[-87.623514,41.901939],[-87.623522,41.901946],[-87.623558,41.901974],[-87.623619,41.902024],[-87.623665,41.902061],[-87.623702,41.901943],[-87.623704,41.901937],[-87.623752,41.901763],[-87.623794,41.901616],[-87.623824,41.901513],[-87.623872,41.901345],[-87.62394,41.901102],[-87.623981,41.900957],[-87.623983,41.900951],[-87.623986,41.90092]]]},"properties":{"NAME":"East Lake Shore Drive","NUMBER_":"HD- 9","DATE_":"4/18/1985","REGISTER":"N"}},{"type":"Feature","geometry":{"type":"Polygon","coordinates":[[[-87.649971,41.925262],[-87.649974,41.925347],[-87.649975,41.925347],[-87.650003,41.925347],[-87.650068,41.925345],[-87.650084,41.925345],[-87.650111,41.925345],[-87.650165,41.925344],[-87.6502,41.925343],[-87.650246,41.925342],[-87.650316,41.925341],[-87.650327,41.925341],[-87.650446,41.925339],[-87.650565,41.925337],[-87.650588,41.925336],[-87.650646,41.925335],[-87.650727,41.925334],[-87.650734,41.925334],[-87.650808,41.925333],[-87.650856,41.925332],[-87.650889,41.925331],[-87.650939,41.92533],[-87.65097,41.92533],[-87.651106,41.925328],[-87.651141,41.925327],[-87.651172,41.925326],[-87.65118,41.925326],[-87.651195,41.925326],[-87.651221,41.925326],[-87.651299,41.925324],[-87.651354,41.925323],[-87.651415,41.925322],[-87.651435,41.925322],[-87.651516,41.925321],[-87.651588,41.925319],[-87.651597,41.925319],[-87.651609,41.925319],[-87.651677,41.925318],[-87.651798,41.925316],[-87.651918,41.925314],[-87.651977,41.925313],[-87.651999,41.925312],[-87.652036,41.925312],[-87.652079,41.925311],[-87.652103,41.92531],[-87.652159,41.925309],[-87.65224,41.925308],[-87.65233,41.925306],[-87.652355,41.925306],[-87.652361,41.925306],[-87.652367,41.925306],[-87.652392,41.925305],[-87.652392,41.925305],[-87.652389,41.925209],[-87.652382,41.924981],[-87.652132,41.924985],[-87.651212,41.925001],[-87.651212,41.925001],[-87.651212,41.924997],[-87.651204,41.924742],[-87.651165,41.924704],[-87.651162,41.92462],[-87.6512,41.924585],[-87.651199,41.924551],[-87.651195,41.924429],[-87.651195,41.924429],[-87.651166,41.924403],[-87.651162,41.92435],[-87.651192,41.924308],[-87.651174,41.923684],[-87.651174,41.923684],[-87.651153,41.923684],[-87.651126,41.923684],[-87.651124,41.923684],[-87.651058,41.923685],[-87.650921,41.923687],[-87.650879,41.923688],[-87.650841,41.923689],[-87.65076,41.92369],[-87.650732,41.92369],[-87.65068,41.923691],[-87.650599,41.923692],[-87.650531,41.923693],[-87.650408,41.923695],[-87.650352,41.923696],[-87.650296,41.923697],[-87.650222,41.923698],[-87.650221,41.923698],[-87.650149,41.923699],[-87.650075,41.9237],[-87.650027,41.923701],[-87.649914,41.923703],[-87.649893,41.923703],[-87.649893,41.923703],[-87.649903,41.92404],[-87.649908,41.924212],[-87.649908,41.924212],[-87.649879,41.924242],[-87.649834,41.924289],[-87.649834,41.924289],[-87.649863,41.92432],[-87.649879,41.924876],[-87.649884,41.925059],[-87.649884,41.925059],[-87.649942,41.925058],[-87.64995,41.925058],[-87.649965,41.925058],[-87.649971,41.925262]]]},"properties":{"NAME":"McCormick Row House","NUMBER_":"HD-18","DATE_":"5/4/1977","REGISTER":"N"}},{"type":"Feature","geometry":{"type":"Polygon","coordinates":[[[-87.619347,41.826339],[-87.619314,41.824178],[-87.618719,41.82419],[-87.618658,41.824191],[-87.61831,41.824195],[-87.618127,41.824198],[-87.617809,41.824202],[-87.617811,41.824268],[-87.617812,41.824334],[-87.617813,41.8244],[-87.617814,41.824466],[-87.617816,41.824532],[-87.617817,41.824598],[-87.617818,41.824664],[-87.617819,41.824707],[-87.617878,41.824731],[-87.618139,41.824729],[-87.618149,41.825134],[-87.61815,41.825203],[-87.618152,41.825271],[-87.618153,41.82534],[-87.618155,41.825409],[-87.618157,41.825477],[-87.618158,41.825546],[-87.618132,41.825727],[-87.618649,41.825721],[-87.618661,41.82634],[-87.619347,41.826339]]]},"properties":{"NAME":"Giles Calumet","NUMBER_":"HD-58","DATE_":"7/29/2009","REGISTER":"N"}},{"type":"Feature","geometry":{"type":"Polygon","coordinates":[[[-87.637577,41.917011],[-87.637293,41.917233],[-87.637527,41.9174],[-87.637938,41.917099],[-87.637939,41.917085],[-87.637938,41.91706],[-87.637938,41.917046],[-87.637898,41.917016],[-87.637577,41.917011]]]},"properties":{"NAME":"Lincoln Ave Row House District","NUMBER_":"HD-59","DATE_":"11/18/2009","REGISTER":"N"}},{"type":"Feature","geometry":{"type":"Polygon","coordinates":[[[-87.627068,41.883107],[-87.62706,41.88283],[-87.627081,41.88283],[-87.62708,41.882805],[-87.627079,41.882773],[-87.627077,41.882708],[-87.627632,41.882709],[-87.628076,41.882706],[-87.628073,41.882604],[-87.628072,41.882555],[-87.628068,41.882427],[-87.628064,41.882303],[-87.628058,41.882123],[-87.62806,41.881957],[-87.627588,41.881954],[-87.627318,41.881958],[-87.627299,41.881958],[-87.627281,41.881959],[-87.627194,41.88196],[-87.627169,41.88196],[-87.627109,41.881961],[-87.627074,41.881962],[-87.627069,41.881745],[-87.627066,41.881659],[-87.627066,41.881632],[-87.627064,41.881577],[-87.627063,41.881522],[-87.627062,41.881464],[-87.627045,41.881465],[-87.627043,41.881382],[-87.627041,41.881299],[-87.627039,41.88119],[-87.627223,41.881187],[-87.627222,41.881131],[-87.627215,41.880867],[-87.627207,41.880686],[-87.626641,41.880696],[-87.626638,41.880546],[-87.626324,41.880552],[-87.625957,41.880559],[-87.62596,41.880707],[-87.6253,41.880718],[-87.625302,41.8809],[-87.625305,41.881005],[-87.625307,41.881087],[-87.625307,41.881107],[-87.62531,41.881208],[-87.625313,41.881327],[-87.625314,41.881379],[-87.625315,41.881439],[-87.625318,41.88155],[-87.625285,41.88155],[-87.625287,41.881623],[-87.625288,41.881696],[-87.62529,41.88177],[-87.625295,41.881991],[-87.625249,41.882208],[-87.625252,41.882318],[-87.625256,41.882448],[-87.62526,41.882578],[-87.625264,41.882709],[-87.625267,41.882839],[-87.625268,41.882853],[-87.625268,41.882866],[-87.625276,41.883113],[-87.625282,41.883334],[-87.625287,41.883601],[-87.625434,41.8836],[-87.626034,41.883598],[-87.626402,41.883602],[-87.626394,41.88333],[-87.626503,41.883329],[-87.626595,41.883329],[-87.626683,41.883329],[-87.626772,41.883329],[-87.62686,41.883328],[-87.626948,41.883328],[-87.627022,41.883328],[-87.627064,41.883327],[-87.627068,41.883107]]]},"properties":{"NAME":"Jewelers Row District","NUMBER_":"HD-37","DATE_":"7/9/2003","REGISTER":"N"}},{"type":"Feature","geometry":{"type":"Polygon","coordinates":[[[-87.656518,41.935742],[-87.656502,41.935406],[-87.656498,41.935225],[-87.656491,41.935056],[-87.656485,41.934886],[-87.656486,41.934854],[-87.656242,41.934852],[-87.656149,41.934853],[-87.656038,41.934855],[-87.65604,41.934892],[-87.656052,41.935232],[-87.655775,41.935237],[-87.655683,41.935238],[-87.655592,41.93524],[-87.65551,41.935241],[-87.655513,41.935422],[-87.655525,41.935758],[-87.655526,41.935802],[-87.655618,41.935801],[-87.655664,41.9358],[-87.65571,41.935799],[-87.655802,41.935798],[-87.655893,41.935796],[-87.655939,41.935795],[-87.655985,41.935795],[-87.656077,41.935793],[-87.656169,41.935792],[-87.656278,41.93579],[-87.65652,41.935786],[-87.656518,41.935742]]]},"properties":{"NAME":"Terra Cotta Row District","NUMBER_":"HD-44","DATE_":"9/14/2005","REGISTER":null}},{"type":"Feature","geometry":{"type":"Polygon","coordinates":[[[-87.652651,41.921282],[-87.652648,41.921183],[-87.652646,41.921115],[-87.652643,41.921046],[-87.652641,41.920978],[-87.652639,41.920909],[-87.652636,41.920841],[-87.652634,41.920772],[-87.652632,41.920703],[-87.652629,41.920635],[-87.652627,41.920566],[-87.652625,41.920497],[-87.652622,41.920429],[-87.65262,41.92036],[-87.652618,41.920292],[-87.652615,41.920223],[-87.652613,41.920155],[-87.652611,41.920086],[-87.652609,41.920025],[-87.652333,41.92003],[-87.652091,41.920033],[-87.651836,41.920037],[-87.651734,41.920039],[-87.651631,41.920041],[-87.651636,41.920187],[-87.651638,41.920256],[-87.651641,41.920325],[-87.651643,41.920393],[-87.651646,41.920462],[-87.651648,41.92053],[-87.65165,41.920599],[-87.651653,41.920667],[-87.651655,41.920736],[-87.651658,41.920805],[-87.65166,41.920873],[-87.651663,41.920942],[-87.651665,41.92101],[-87.651667,41.921079],[-87.65167,41.921148],[-87.651672,41.921217],[-87.651675,41.921298],[-87.652133,41.92129],[-87.652376,41.921286],[-87.652651,41.921282]]]},"properties":{"NAME":"Bissell Street District","NUMBER_":"HD-51","DATE_":"9/5/2007","REGISTER":null}},{"type":"Feature","geometry":{"type":"Polygon","coordinates":[[[-87.656804,41.950978],[-87.656709,41.950979],[-87.656675,41.95098],[-87.656636,41.950981],[-87.656606,41.950981],[-87.656592,41.950981],[-87.656559,41.950982],[-87.656501,41.950983],[-87.656423,41.950984],[-87.65641,41.950984],[-87.656319,41.950985],[-87.656259,41.950986],[-87.656228,41.950987],[-87.656214,41.950987],[-87.656209,41.950987],[-87.656212,41.951096],[-87.656216,41.951207],[-87.656217,41.951227],[-87.656219,41.951307],[-87.656221,41.951378],[-87.656223,41.951447],[-87.656223,41.951458],[-87.656224,41.951481],[-87.656224,41.951501],[-87.656225,41.951515],[-87.656226,41.951584],[-87.656228,41.95162],[-87.656228,41.951652],[-87.65623,41.951721],[-87.656232,41.95179],[-87.656234,41.951858],[-87.656236,41.951927],[-87.656238,41.951995],[-87.656238,41.952003],[-87.65624,41.952064],[-87.65624,41.952073],[-87.656242,41.952132],[-87.656244,41.952201],[-87.656246,41.95227],[-87.656247,41.952338],[-87.656249,41.952407],[-87.656251,41.952475],[-87.656253,41.952533],[-87.656256,41.952651],[-87.656267,41.952752],[-87.656334,41.952751],[-87.656355,41.952751],[-87.656444,41.95275],[-87.656532,41.952749],[-87.656568,41.952748],[-87.65662,41.952747],[-87.656709,41.952746],[-87.656747,41.952746],[-87.656812,41.952746],[-87.656895,41.952745],[-87.656892,41.952643],[-87.656861,41.951197],[-87.65686,41.951174],[-87.656858,41.951086],[-87.656858,41.951086],[-87.656856,41.950977],[-87.656804,41.950978]]]},"properties":{"NAME":"Alta Vista Terrace","NUMBER_":"HD- 1","DATE_":"9/15/1971","REGISTER":"Y"}},{"type":"Feature","geometry":{"type":"MultiPolygon","coordinates":[[[[-87.626411,41.910042],[-87.626413,41.91011],[-87.626415,41.910179],[-87.626418,41.910248],[-87.62642,41.910316],[-87.626422,41.910385],[-87.626425,41.910453],[-87.626427,41.910522],[-87.626428,41.910549],[-87.627036,41.91054],[-87.627035,41.910513],[-87.627033,41.910444],[-87.627031,41.910376],[-87.627029,41.910307],[-87.627027,41.910239],[-87.627025,41.91017],[-87.627023,41.910101],[-87.627022,41.910064],[-87.627041,41.910033],[-87.626411,41.910042]]],[[[-87.625693,41.905389],[-87.625693,41.905389],[-87.625383,41.905394],[-87.625383,41.905394],[-87.625393,41.905436],[-87.62542,41.905546],[-87.625431,41.905594],[-87.625446,41.905657],[-87.625456,41.905698],[-87.62546,41.905712],[-87.625467,41.905743],[-87.625473,41.905767],[-87.625611,41.905764],[-87.625679,41.905763],[-87.625681,41.905708],[-87.625683,41.905652],[-87.625686,41.905589],[-87.625688,41.905541],[-87.625692,41.905431],[-87.625693,41.90541],[-87.625693,41.905389]]]]},"properties":{"NAME":"Seven Houses on Lake Shore Drive","NUMBER_":"HD-28","DATE_":"6/28/1989","REGISTER":"N"}},{"type":"Feature","geometry":{"type":"Polygon","coordinates":[[[-87.640462,41.852193],[-87.63971,41.851937],[-87.639655,41.852025],[-87.639601,41.852007],[-87.639187,41.852672],[-87.640096,41.852659],[-87.639981,41.852844],[-87.64082,41.852833],[-87.640228,41.853639],[-87.640786,41.853825],[-87.64105,41.853828],[-87.641741,41.853829],[-87.641725,41.853352],[-87.641846,41.853353],[-87.642052,41.853345],[-87.642047,41.853034],[-87.642596,41.853022],[-87.642591,41.852807],[-87.641829,41.852818],[-87.641617,41.852825],[-87.641392,41.852824],[-87.64083,41.852832],[-87.640968,41.852647],[-87.640152,41.852658],[-87.640462,41.852193]]]},"properties":{"NAME":"Cermak Road Bridge District","NUMBER_":"HD-48","DATE_":"4/26/2006","REGISTER":null}},{"type":"Feature","geometry":{"type":"Polygon","coordinates":[[[-87.615586,41.80567],[-87.615585,41.805605],[-87.615583,41.805539],[-87.615583,41.805533],[-87.615581,41.805466],[-87.615579,41.805399],[-87.615577,41.805331],[-87.615575,41.805263],[-87.615573,41.805195],[-87.615571,41.805126],[-87.615567,41.804989],[-87.615563,41.804852],[-87.61556,41.804715],[-87.615557,41.804619],[-87.615556,41.804578],[-87.615554,41.804502],[-87.615551,41.804424],[-87.615549,41.804344],[-87.615547,41.804265],[-87.615545,41.804185],[-87.615542,41.804106],[-87.61554,41.804027],[-87.615577,41.804027],[-87.615571,41.803846],[-87.615569,41.803769],[-87.615567,41.803697],[-87.615566,41.803664],[-87.615565,41.803626],[-87.615563,41.803555],[-87.615562,41.803483],[-87.615235,41.803489],[-87.615101,41.803491],[-87.614551,41.8035],[-87.614542,41.8035],[-87.614543,41.803566],[-87.614545,41.803635],[-87.614547,41.803703],[-87.614549,41.803772],[-87.614551,41.803862],[-87.614486,41.803863],[-87.614491,41.804044],[-87.614495,41.804177],[-87.614499,41.804314],[-87.614501,41.804383],[-87.614503,41.804452],[-87.614504,41.804493],[-87.614505,41.804548],[-87.614507,41.804603],[-87.614509,41.804657],[-87.614511,41.804726],[-87.614512,41.804795],[-87.614514,41.804863],[-87.614516,41.804932],[-87.614518,41.805],[-87.61452,41.805069],[-87.614522,41.805138],[-87.614526,41.805275],[-87.61453,41.805412],[-87.614534,41.805549],[-87.614538,41.805686],[-87.614596,41.805685],[-87.614952,41.80568],[-87.615172,41.805676],[-87.615528,41.805671],[-87.615586,41.80567]]]},"properties":{"NAME":"Washington Park Court","NUMBER_":"HD-32","DATE_":"10/2/1991","REGISTER":null}},{"type":"Feature","geometry":{"type":"MultiPolygon","coordinates":[[[[-87.630262,41.896841],[-87.629931,41.896846],[-87.629933,41.896901],[-87.629934,41.896956],[-87.629936,41.897011],[-87.629937,41.897065],[-87.629939,41.897134],[-87.629941,41.897203],[-87.629945,41.89734],[-87.629945,41.897341],[-87.630496,41.897333],[-87.630496,41.897332],[-87.630492,41.897195],[-87.63049,41.897127],[-87.630488,41.897058],[-87.630415,41.897059],[-87.630341,41.89706],[-87.630268,41.897061],[-87.630266,41.897006],[-87.630265,41.896951],[-87.630263,41.896896],[-87.630262,41.896841]]],[[[-87.629656,41.897526],[-87.629139,41.897533],[-87.629154,41.897586],[-87.629156,41.897593],[-87.629161,41.897613],[-87.629163,41.897653],[-87.629165,41.897713],[-87.629171,41.897911],[-87.629365,41.897908],[-87.629667,41.897905],[-87.629663,41.897768],[-87.629661,41.897707],[-87.62966,41.897647],[-87.629658,41.897586],[-87.629656,41.897526]]],[[[-87.629672,41.898086],[-87.629452,41.898088],[-87.629378,41.898089],[-87.629305,41.89809],[-87.629231,41.898091],[-87.629128,41.898093],[-87.629138,41.898422],[-87.629241,41.898421],[-87.629314,41.89842],[-87.629388,41.898419],[-87.629461,41.898418],[-87.629682,41.898415],[-87.62968,41.89836],[-87.629679,41.898307],[-87.629677,41.898253],[-87.629676,41.898206],[-87.629675,41.898198],[-87.629674,41.89816],[-87.629674,41.898142],[-87.629672,41.898086]]],[[[-87.630661,41.903237],[-87.630112,41.903244],[-87.630112,41.903244],[-87.630116,41.903389],[-87.630117,41.903425],[-87.630119,41.903487],[-87.630119,41.903487],[-87.630668,41.903481],[-87.630666,41.903418],[-87.630665,41.903383],[-87.630661,41.903237]]],[[[-87.629763,41.901286],[-87.629212,41.901293],[-87.629214,41.901362],[-87.629216,41.901431],[-87.629218,41.901499],[-87.629769,41.901491],[-87.629767,41.901423],[-87.629765,41.901354],[-87.629763,41.901286]]],[[[-87.630599,41.900937],[-87.630598,41.900937],[-87.630047,41.900945],[-87.630049,41.901013],[-87.630051,41.901081],[-87.630052,41.901113],[-87.630603,41.901105],[-87.630602,41.901073],[-87.6306,41.901005],[-87.630599,41.900937]]],[[[-87.629683,41.89847],[-87.629343,41.898474],[-87.629345,41.898535],[-87.629351,41.898739],[-87.629691,41.898735],[-87.629685,41.898531],[-87.629683,41.89847]]]]},"properties":{"NAME":"Washington Square Extension","NUMBER_":"HD-34","DATE_":"7/10/2002","REGISTER":"N"}},{"type":"Feature","geometry":{"type":"Polygon","coordinates":[[[-87.666917,41.968827],[-87.666894,41.96872],[-87.666865,41.968583],[-87.666848,41.968501],[-87.666836,41.968446],[-87.666807,41.968309],[-87.666778,41.968173],[-87.666749,41.968036],[-87.66672,41.967899],[-87.666691,41.967762],[-87.666662,41.967626],[-87.666633,41.967489],[-87.666604,41.967352],[-87.666566,41.967173],[-87.666532,41.966993],[-87.666509,41.966887],[-87.666495,41.96682],[-87.66648,41.966752],[-87.666466,41.966685],[-87.666452,41.966617],[-87.666437,41.96655],[-87.666423,41.966483],[-87.666409,41.966415],[-87.666394,41.966348],[-87.66638,41.96628],[-87.666365,41.966213],[-87.666351,41.966145],[-87.666337,41.966078],[-87.666322,41.966011],[-87.666308,41.965943],[-87.666294,41.965876],[-87.666279,41.965808],[-87.666251,41.965676],[-87.66625,41.965674],[-87.666222,41.965539],[-87.666189,41.965386],[-87.666144,41.965167],[-87.66612,41.965054],[-87.666106,41.964987],[-87.666091,41.964919],[-87.666063,41.964783],[-87.666061,41.964775],[-87.666052,41.964734],[-87.666042,41.964685],[-87.666032,41.964635],[-87.666024,41.964599],[-87.665985,41.964415],[-87.665977,41.964379],[-87.665967,41.96433],[-87.665956,41.964279],[-87.665946,41.964228],[-87.665935,41.964177],[-87.665924,41.964127],[-87.665913,41.964076],[-87.665903,41.964025],[-87.665892,41.963974],[-87.665881,41.963923],[-87.66586,41.963823],[-87.665831,41.963687],[-87.665802,41.963548],[-87.665742,41.963549],[-87.665564,41.963551],[-87.665186,41.963556],[-87.665063,41.963558],[-87.664941,41.96356],[-87.664475,41.963566],[-87.664416,41.963567],[-87.664425,41.963684],[-87.664427,41.963711],[-87.664434,41.963819],[-87.664444,41.963957],[-87.664446,41.96398],[-87.664459,41.964095],[-87.664466,41.964152],[-87.664475,41.964231],[-87.66449,41.964368],[-87.664502,41.964475],[-87.664506,41.964504],[-87.664521,41.964641],[-87.664536,41.964777],[-87.66454,41.964805],[-87.664552,41.964914],[-87.664555,41.964941],[-87.664566,41.965043],[-87.664625,41.965038],[-87.665238,41.964966],[-87.665358,41.964953],[-87.665405,41.965173],[-87.665427,41.965287],[-87.665178,41.96529],[-87.664627,41.965298],[-87.664601,41.965298],[-87.66462,41.965407],[-87.664641,41.96552],[-87.664667,41.965656],[-87.664692,41.965793],[-87.664718,41.965929],[-87.664744,41.966065],[-87.664756,41.966133],[-87.664769,41.966201],[-87.664795,41.966337],[-87.664821,41.966473],[-87.664833,41.966542],[-87.664846,41.96661],[-87.664872,41.966746],[-87.664898,41.966882],[-87.664924,41.967024],[-87.664952,41.967205],[-87.664973,41.967314],[-87.665,41.96745],[-87.665027,41.967585],[-87.665053,41.967721],[-87.66508,41.967857],[-87.665107,41.967992],[-87.665133,41.968128],[-87.66516,41.968264],[-87.664518,41.968325],[-87.66445,41.968332],[-87.664473,41.968468],[-87.664496,41.968604],[-87.66452,41.968741],[-87.664524,41.968751],[-87.664534,41.968778],[-87.664561,41.968811],[-87.664599,41.968837],[-87.664646,41.968854],[-87.664697,41.96886],[-87.664706,41.96886],[-87.665275,41.968852],[-87.665335,41.968851],[-87.665854,41.968843],[-87.665905,41.968837],[-87.666467,41.968834],[-87.66647,41.968834],[-87.666858,41.968828],[-87.666917,41.968827]]]},"properties":{"NAME":"Dover Street District","NUMBER_":"HD-55","DATE_":"12/12/2007","REGISTER":null}},{"type":"Feature","geometry":{"type":"Polygon","coordinates":[[[-87.619919,41.83172],[-87.61992,41.831789],[-87.619919,41.831789],[-87.619919,41.831789],[-87.619919,41.831789],[-87.619466,41.831793],[-87.619224,41.831794],[-87.619224,41.83181],[-87.618803,41.831815],[-87.618768,41.831815],[-87.618709,41.831816],[-87.618252,41.831822],[-87.618009,41.831822],[-87.61801,41.831873],[-87.618012,41.831942],[-87.618013,41.832007],[-87.618015,41.832079],[-87.618016,41.832147],[-87.618018,41.832213],[-87.618019,41.832281],[-87.618021,41.832353],[-87.618022,41.832421],[-87.618024,41.83249],[-87.618025,41.832548],[-87.618025,41.832558],[-87.618026,41.832618],[-87.618027,41.832643],[-87.618027,41.832673],[-87.617996,41.832673],[-87.617958,41.832674],[-87.617902,41.832674],[-87.617861,41.832675],[-87.617818,41.832675],[-87.617751,41.832676],[-87.617606,41.832677],[-87.617582,41.832678],[-87.617564,41.832678],[-87.617563,41.832733],[-87.617564,41.832789],[-87.617564,41.832818],[-87.617566,41.83288],[-87.617566,41.832903],[-87.617567,41.832933],[-87.617568,41.832988],[-87.617569,41.833044],[-87.61757,41.833072],[-87.61757,41.8331],[-87.617571,41.833158],[-87.617573,41.833242],[-87.617574,41.833272],[-87.617575,41.833327],[-87.617576,41.833412],[-87.617578,41.833497],[-87.61758,41.833582],[-87.617581,41.833642],[-87.617582,41.833703],[-87.617584,41.833763],[-87.617585,41.833823],[-87.617586,41.833883],[-87.617587,41.833943],[-87.617588,41.834001],[-87.617592,41.834001],[-87.617594,41.834068],[-87.617594,41.834111],[-87.617595,41.834133],[-87.617596,41.83418],[-87.617596,41.834199],[-87.617597,41.834248],[-87.617598,41.834265],[-87.617599,41.834331],[-87.6176,41.834388],[-87.617601,41.83444],[-87.617603,41.834496],[-87.617604,41.834553],[-87.617605,41.834609],[-87.617609,41.834672],[-87.617911,41.834668],[-87.61803,41.834667],[-87.618146,41.834664],[-87.618145,41.834666],[-87.618187,41.834664],[-87.61819,41.834665],[-87.618191,41.834664],[-87.618193,41.834756],[-87.617611,41.834763],[-87.617613,41.834853],[-87.617611,41.834917],[-87.617613,41.834986],[-87.617617,41.835046],[-87.617618,41.835103],[-87.617619,41.83516],[-87.617617,41.835215],[-87.617622,41.835271],[-87.617623,41.835332],[-87.617625,41.835416],[-87.617623,41.835467],[-87.617624,41.835535],[-87.617626,41.835604],[-87.617627,41.835672],[-87.617629,41.835741],[-87.61763,41.835809],[-87.61763,41.835833],[-87.617631,41.835878],[-87.617632,41.835895],[-87.617633,41.835946],[-87.617634,41.835997],[-87.617634,41.836006],[-87.617635,41.836053],[-87.617635,41.836061],[-87.617636,41.836104],[-87.617637,41.836116],[-87.617637,41.836157],[-87.617638,41.836171],[-87.617639,41.836225],[-87.617639,41.836239],[-87.61764,41.836294],[-87.61764,41.836301],[-87.617642,41.836363],[-87.617643,41.836431],[-87.617648,41.836502],[-87.61765,41.836681],[-87.617651,41.836737],[-87.617651,41.836742],[-87.617653,41.836802],[-87.617653,41.836806],[-87.617654,41.836861],[-87.617654,41.836874],[-87.617658,41.836924],[-87.617659,41.836945],[-87.617659,41.836983],[-87.61766,41.837011],[-87.617661,41.837043],[-87.617661,41.83708],[-87.617663,41.837151],[-87.617664,41.83722],[-87.617666,41.837289],[-87.617664,41.83732],[-87.617664,41.837355],[-87.617666,41.837423],[-87.617667,41.837492],[-87.617668,41.837519],[-87.617672,41.83756],[-87.617673,41.837629],[-87.617673,41.837646],[-87.617675,41.8377],[-87.617676,41.837769],[-87.618086,41.837763],[-87.618088,41.837763],[-87.618094,41.837763],[-87.618132,41.837762],[-87.618132,41.837763],[-87.618135,41.837763],[-87.618377,41.837761],[-87.61858,41.837758],[-87.618807,41.837756],[-87.618807,41.837756],[-87.618808,41.837756],[-87.618836,41.837755],[-87.618837,41.837824],[-87.618838,41.837865],[-87.618839,41.837893],[-87.618839,41.837899],[-87.61884,41.837961],[-87.618841,41.837982],[-87.618893,41.837981],[-87.619352,41.837976],[-87.619587,41.837973],[-87.619959,41.837969],[-87.61996,41.838025],[-87.620011,41.838023],[-87.620108,41.838022],[-87.620205,41.838021],[-87.620301,41.83802],[-87.620413,41.838019],[-87.620513,41.838017],[-87.620745,41.838015],[-87.620845,41.838014],[-87.620944,41.838012],[-87.621006,41.838012],[-87.621043,41.838011],[-87.621142,41.83801],[-87.621241,41.838009],[-87.62124,41.837971],[-87.621224,41.837216],[-87.621221,41.837079],[-87.621211,41.83664],[-87.621044,41.836642],[-87.621045,41.836699],[-87.621046,41.836714],[-87.621047,41.836776],[-87.621029,41.836776],[-87.621028,41.836707],[-87.621026,41.836642],[-87.620716,41.836645],[-87.620713,41.836553],[-87.621237,41.836549],[-87.621243,41.836459],[-87.621238,41.836367],[-87.621235,41.836238],[-87.621222,41.835632],[-87.621203,41.834809],[-87.621196,41.834628],[-87.621189,41.834298],[-87.621175,41.833642],[-87.621176,41.8335],[-87.621169,41.833174],[-87.621164,41.833174],[-87.621161,41.833032],[-87.621156,41.832785],[-87.621155,41.832737],[-87.621152,41.832586],[-87.621148,41.832411],[-87.621143,41.832179],[-87.621142,41.832148],[-87.62114,41.832003],[-87.621138,41.831908],[-87.621135,41.831772],[-87.621133,41.83171],[-87.621132,41.831637],[-87.621131,41.831597],[-87.62113,41.83157],[-87.621129,41.8315],[-87.621126,41.8315],[-87.621112,41.8315],[-87.621106,41.8315],[-87.6211,41.8315],[-87.621085,41.8315],[-87.621052,41.831501],[-87.621035,41.831501],[-87.621008,41.831501],[-87.620996,41.831501],[-87.620904,41.831502],[-87.620845,41.831503],[-87.620784,41.831503],[-87.620716,41.831504],[-87.620673,41.831505],[-87.620671,41.831437],[-87.62067,41.831369],[-87.620668,41.831301],[-87.620667,41.831233],[-87.620666,41.831177],[-87.620665,41.83116],[-87.620426,41.831164],[-87.620423,41.831163],[-87.620145,41.831166],[-87.620094,41.831166],[-87.620045,41.831167],[-87.619989,41.831168],[-87.61997,41.831168],[-87.619907,41.83117],[-87.619908,41.831238],[-87.61991,41.831306],[-87.619911,41.831367],[-87.619911,41.831376],[-87.619913,41.831443],[-87.619914,41.831514],[-87.619916,41.831583],[-87.619917,41.831651],[-87.619919,41.83172]]]},"properties":{"NAME":"Calumet-Giles-Prairie","NUMBER_":"HD- 8","DATE_":"7/13/1988","REGISTER":"N"}},{"type":"Feature","geometry":{"type":"MultiPolygon","coordinates":[[[[-87.60606,41.751632],[-87.606152,41.751631],[-87.606243,41.751629],[-87.606335,41.751627],[-87.606577,41.751623],[-87.606668,41.751622],[-87.60676,41.75162],[-87.606851,41.751619],[-87.606943,41.751617],[-87.607035,41.751615],[-87.607126,41.751614],[-87.607119,41.751339],[-87.607111,41.751159],[-87.607106,41.75116],[-87.607051,41.75116],[-87.606959,41.751162],[-87.606867,41.751164],[-87.606776,41.751165],[-87.606684,41.751167],[-87.606568,41.751169],[-87.606557,41.750782],[-87.606315,41.750786],[-87.605878,41.750794],[-87.605782,41.750795],[-87.605407,41.750802],[-87.60504,41.750806],[-87.605041,41.750817],[-87.605041,41.750832],[-87.605042,41.750885],[-87.605044,41.750954],[-87.605046,41.751022],[-87.605048,41.751091],[-87.60505,41.751174],[-87.605058,41.751394],[-87.60506,41.751476],[-87.605062,41.751544],[-87.605063,41.751613],[-87.605064,41.751647],[-87.605369,41.751645],[-87.605821,41.751637],[-87.60588,41.751635],[-87.605969,41.751634],[-87.60606,41.751632]]],[[[-87.606001,41.758863],[-87.605999,41.758794],[-87.605998,41.758725],[-87.605996,41.75866],[-87.606055,41.758659],[-87.606141,41.758657],[-87.606137,41.758457],[-87.606046,41.758458],[-87.60604,41.758198],[-87.606038,41.758126],[-87.605979,41.758127],[-87.605981,41.758185],[-87.605982,41.758254],[-87.605533,41.758262],[-87.605226,41.758268],[-87.605227,41.758324],[-87.605229,41.758393],[-87.605231,41.758475],[-87.604773,41.75848],[-87.604778,41.758699],[-87.60478,41.75878],[-87.604782,41.758848],[-87.604784,41.758917],[-87.604785,41.758986],[-87.605243,41.758981],[-87.60555,41.758977],[-87.605549,41.758939],[-87.605548,41.758871],[-87.606001,41.758863]]],[[[-87.60576,41.749356],[-87.605758,41.749288],[-87.605756,41.749219],[-87.605754,41.74915],[-87.605753,41.749082],[-87.605359,41.749089],[-87.605361,41.749157],[-87.605363,41.749226],[-87.605365,41.749294],[-87.605367,41.749363],[-87.60576,41.749356]]],[[[-87.605739,41.748602],[-87.605737,41.748533],[-87.605735,41.748465],[-87.605733,41.748396],[-87.60534,41.748403],[-87.605342,41.748471],[-87.605344,41.74854],[-87.605346,41.748608],[-87.605739,41.748602]]],[[[-87.605142,41.754841],[-87.60514,41.75474],[-87.605138,41.754671],[-87.60468,41.754676],[-87.604682,41.754745],[-87.604684,41.754846],[-87.605142,41.754841]]],[[[-87.601431,41.751598],[-87.601429,41.751513],[-87.601427,41.751431],[-87.600968,41.751436],[-87.60097,41.751517],[-87.600972,41.751603],[-87.601431,41.751598]]],[[[-87.60594,41.756491],[-87.605595,41.756498],[-87.605489,41.7565],[-87.60549,41.756527],[-87.605491,41.756596],[-87.605493,41.756664],[-87.605945,41.756656],[-87.605943,41.756588],[-87.605941,41.756519],[-87.60594,41.756491]]],[[[-87.608752,41.751131],[-87.608742,41.750788],[-87.608624,41.75079],[-87.608532,41.750792],[-87.608542,41.751135],[-87.608634,41.751133],[-87.608752,41.751131]]]]},"properties":{"NAME":"Chatham-Greater Grand Crossing Com","NUMBER_":"HD-57","DATE_":"10/8/2008","REGISTER":null}},{"type":"Feature","geometry":{"type":"Polygon","coordinates":[[[-87.651665,41.935886],[-87.651665,41.935886],[-87.651663,41.935843],[-87.651651,41.935497],[-87.651645,41.935316],[-87.651633,41.934974],[-87.651631,41.934931],[-87.651389,41.934936],[-87.651288,41.934938],[-87.651197,41.93494],[-87.651105,41.934942],[-87.651059,41.934942],[-87.651013,41.934943],[-87.650922,41.934945],[-87.65083,41.934947],[-87.650784,41.934948],[-87.650739,41.934949],[-87.650693,41.93495],[-87.650647,41.934951],[-87.650578,41.934953],[-87.650555,41.934953],[-87.650464,41.934955],[-87.650372,41.934957],[-87.650326,41.934958],[-87.65028,41.934959],[-87.650189,41.934961],[-87.650097,41.934963],[-87.650006,41.934965],[-87.649914,41.934967],[-87.649822,41.934969],[-87.649749,41.93497],[-87.649731,41.93497],[-87.649733,41.935028],[-87.649744,41.935356],[-87.649748,41.935537],[-87.64976,41.935867],[-87.649762,41.935927],[-87.649781,41.935926],[-87.649854,41.935925],[-87.649945,41.935923],[-87.650037,41.935921],[-87.650129,41.935919],[-87.650221,41.935917],[-87.650312,41.935915],[-87.650404,41.935913],[-87.650496,41.935911],[-87.650588,41.935909],[-87.650679,41.935907],[-87.650771,41.935905],[-87.650863,41.935904],[-87.650887,41.935903],[-87.650955,41.935902],[-87.651,41.935901],[-87.651046,41.9359],[-87.651138,41.935898],[-87.65123,41.935896],[-87.651321,41.935894],[-87.651331,41.935894],[-87.651422,41.935892],[-87.651665,41.935886]]]},"properties":{"NAME":"Oakdale Avenue District","NUMBER_":"HD-47","DATE_":"3/29/2006","REGISTER":null}},{"type":"Feature","geometry":{"type":"Polygon","coordinates":[[[-87.701022,41.915548],[-87.70097,41.915549],[-87.700976,41.91573],[-87.70098,41.915866],[-87.700984,41.916002],[-87.700988,41.916138],[-87.700993,41.916274],[-87.700995,41.916343],[-87.700997,41.91641],[-87.701001,41.916546],[-87.701004,41.916631],[-87.701005,41.916682],[-87.701006,41.916716],[-87.70101,41.916818],[-87.701013,41.91692],[-87.701014,41.916955],[-87.701016,41.917023],[-87.701018,41.917091],[-87.70102,41.917158],[-87.701022,41.917227],[-87.701027,41.917363],[-87.700765,41.917546],[-87.700777,41.917958],[-87.700779,41.918004],[-87.700792,41.918416],[-87.700797,41.918597],[-87.70081,41.919009],[-87.700812,41.919056],[-87.700825,41.919468],[-87.70083,41.919649],[-87.700889,41.919648],[-87.701458,41.919643],[-87.701461,41.919735],[-87.701463,41.919803],[-87.700894,41.919809],[-87.700835,41.919808],[-87.700843,41.92006],[-87.700844,41.920107],[-87.700857,41.920518],[-87.700863,41.920699],[-87.700876,41.921108],[-87.700879,41.921334],[-87.70151,41.92133],[-87.701513,41.921398],[-87.701515,41.921467],[-87.701518,41.921558],[-87.701544,41.921739],[-87.701552,41.922003],[-87.701555,41.922019],[-87.702223,41.922013],[-87.704457,41.921995],[-87.704455,41.921975],[-87.704444,41.921632],[-87.704536,41.921631],[-87.704629,41.92163],[-87.70472,41.92163],[-87.704812,41.921629],[-87.704903,41.921628],[-87.704995,41.921627],[-87.705006,41.92197],[-87.705007,41.921991],[-87.70623,41.921982],[-87.706246,41.922345],[-87.70626,41.922706],[-87.706206,41.922749],[-87.706221,41.923141],[-87.70613,41.923325],[-87.706176,41.92459],[-87.706278,41.924867],[-87.706313,41.926115],[-87.706314,41.9263],[-87.706346,41.926302],[-87.706805,41.926298],[-87.706807,41.926366],[-87.70681,41.926435],[-87.706812,41.926504],[-87.706813,41.926545],[-87.706814,41.926572],[-87.706815,41.926627],[-87.706356,41.926632],[-87.706356,41.926645],[-87.706358,41.926714],[-87.706325,41.926715],[-87.706339,41.927058],[-87.706128,41.92724],[-87.706098,41.927267],[-87.705822,41.927518],[-87.705793,41.927547],[-87.705777,41.927538],[-87.705367,41.927288],[-87.70535,41.927303],[-87.705093,41.927536],[-87.705023,41.927493],[-87.705001,41.92748],[-87.704869,41.927626],[-87.704639,41.92783],[-87.704306,41.927685],[-87.703609,41.927699],[-87.70359,41.927716],[-87.703566,41.927738],[-87.703506,41.927792],[-87.703493,41.927803],[-87.703416,41.927874],[-87.703412,41.927877],[-87.703165,41.927725],[-87.703071,41.927667],[-87.703039,41.927647],[-87.703002,41.927624],[-87.702398,41.927633],[-87.7024,41.927726],[-87.701171,41.927738],[-87.701169,41.927679],[-87.699942,41.927678],[-87.698718,41.927693],[-87.697497,41.927709],[-87.697494,41.927631],[-87.69629,41.927643],[-87.69507,41.927654],[-87.693873,41.927667],[-87.692627,41.927676],[-87.691408,41.927689],[-87.691289,41.927687],[-87.691289,41.927704],[-87.691305,41.928159],[-87.691213,41.92816],[-87.691125,41.928161],[-87.691087,41.928161],[-87.691073,41.927599],[-87.690821,41.927601],[-87.690823,41.927669],[-87.690772,41.92767],[-87.690308,41.927674],[-87.690066,41.927676],[-87.689604,41.927679],[-87.689552,41.92768],[-87.689089,41.927684],[-87.688847,41.927686],[-87.688848,41.927724],[-87.688862,41.928102],[-87.689601,41.928544],[-87.690355,41.92895],[-87.691077,41.929303],[-87.691166,41.929302],[-87.691254,41.929302],[-87.691346,41.929301],[-87.691588,41.929299],[-87.691679,41.929298],[-87.691768,41.929298],[-87.691856,41.929297],[-87.6919,41.929297],[-87.691944,41.929296],[-87.692032,41.929296],[-87.692121,41.929295],[-87.692209,41.929294],[-87.692231,41.929294],[-87.692297,41.929293],[-87.692386,41.929293],[-87.692474,41.929292],[-87.692566,41.929291],[-87.692808,41.92929],[-87.692899,41.92929],[-87.692988,41.929289],[-87.693076,41.929288],[-87.693165,41.929288],[-87.693253,41.929287],[-87.693267,41.929287],[-87.693341,41.929286],[-87.69343,41.929285],[-87.693451,41.929285],[-87.693456,41.929285],[-87.693518,41.929285],[-87.693566,41.929284],[-87.693607,41.929284],[-87.693677,41.929283],[-87.693695,41.929283],[-87.693787,41.929283],[-87.694029,41.92928],[-87.69412,41.929279],[-87.694209,41.929279],[-87.694297,41.929278],[-87.694385,41.929277],[-87.694473,41.929276],[-87.694562,41.929276],[-87.694583,41.929276],[-87.69465,41.929275],[-87.694716,41.929274],[-87.694738,41.929274],[-87.694826,41.929274],[-87.694914,41.929273],[-87.695006,41.929272],[-87.695248,41.929271],[-87.695339,41.92927],[-87.695383,41.92927],[-87.695427,41.929269],[-87.695515,41.929269],[-87.695604,41.929268],[-87.695692,41.929267],[-87.69578,41.929266],[-87.695816,41.929266],[-87.695868,41.929266],[-87.695956,41.929265],[-87.696044,41.929264],[-87.696132,41.929264],[-87.696224,41.929263],[-87.696466,41.929261],[-87.696553,41.92926],[-87.696598,41.92926],[-87.696639,41.929259],[-87.696725,41.929259],[-87.696812,41.929258],[-87.696898,41.929257],[-87.696984,41.929257],[-87.69707,41.929256],[-87.697156,41.929255],[-87.697242,41.929254],[-87.697329,41.929254],[-87.697418,41.929253],[-87.697658,41.929155],[-87.697782,41.929154],[-87.697874,41.929153],[-87.697966,41.929152],[-87.698058,41.929151],[-87.69815,41.929151],[-87.698241,41.92915],[-87.69826,41.92915],[-87.698333,41.929149],[-87.69837,41.929149],[-87.698425,41.929148],[-87.698517,41.929148],[-87.698528,41.929148],[-87.698642,41.929147],[-87.698884,41.929127],[-87.698874,41.928784],[-87.699038,41.928783],[-87.69915,41.928782],[-87.699229,41.928781],[-87.699237,41.929124],[-87.69927,41.929124],[-87.699383,41.929123],[-87.699507,41.929122],[-87.699601,41.929121],[-87.699694,41.92912],[-87.699751,41.92912],[-87.699788,41.92912],[-87.699882,41.929119],[-87.700124,41.929117],[-87.700116,41.928774],[-87.700209,41.928773],[-87.700301,41.928772],[-87.700375,41.928772],[-87.700385,41.929115],[-87.700386,41.929159],[-87.700583,41.929157],[-87.70064,41.929157],[-87.70111,41.929153],[-87.701352,41.929154],[-87.701807,41.92915],[-87.701864,41.929149],[-87.702319,41.929146],[-87.702564,41.929248],[-87.70303,41.929244],[-87.703089,41.929244],[-87.703554,41.92924],[-87.703795,41.929175],[-87.704258,41.929172],[-87.704317,41.929171],[-87.704779,41.929168],[-87.705022,41.929167],[-87.705452,41.929164],[-87.705482,41.929185],[-87.705483,41.929232],[-87.705485,41.929301],[-87.705487,41.929369],[-87.705579,41.92937],[-87.706005,41.929368],[-87.706248,41.929366],[-87.706712,41.929362],[-87.706771,41.929361],[-87.707235,41.929357],[-87.707474,41.929232],[-87.707679,41.929357],[-87.707749,41.9294],[-87.70782,41.929443],[-87.70789,41.929486],[-87.707905,41.929495],[-87.708052,41.92935],[-87.708335,41.929081],[-87.708467,41.928952],[-87.70863,41.928951],[-87.708631,41.928907],[-87.708629,41.928838],[-87.708627,41.928769],[-87.708625,41.928701],[-87.708623,41.928632],[-87.708622,41.928599],[-87.708621,41.928564],[-87.708619,41.928468],[-87.708517,41.928249],[-87.708514,41.928167],[-87.708512,41.928098],[-87.708511,41.92803],[-87.708508,41.927941],[-87.708505,41.927851],[-87.708505,41.927838],[-87.708504,41.92781],[-87.708576,41.927752],[-87.708575,41.927698],[-87.708573,41.927632],[-87.708571,41.927566],[-87.708569,41.9275],[-87.708567,41.927434],[-87.708566,41.927401],[-87.708565,41.927368],[-87.708563,41.927302],[-87.708561,41.927233],[-87.70856,41.927195],[-87.708559,41.927165],[-87.708557,41.927096],[-87.708555,41.927027],[-87.708553,41.926958],[-87.708551,41.92689],[-87.708551,41.926862],[-87.708549,41.926821],[-87.708547,41.926752],[-87.708545,41.926683],[-87.708544,41.926615],[-87.708537,41.926434],[-87.708531,41.926263],[-87.70853,41.926229],[-87.708528,41.92616],[-87.708526,41.926091],[-87.708524,41.926023],[-87.708522,41.925954],[-87.70852,41.925886],[-87.708518,41.925817],[-87.708516,41.925748],[-87.708514,41.92568],[-87.708513,41.925659],[-87.708512,41.925611],[-87.708511,41.925577],[-87.70851,41.925543],[-87.708508,41.925474],[-87.708506,41.925417],[-87.708503,41.925332],[-87.708503,41.92533],[-87.70843,41.925329],[-87.707695,41.925338],[-87.707693,41.92527],[-87.707691,41.925201],[-87.708112,41.925196],[-87.708426,41.925192],[-87.708499,41.925193],[-87.708489,41.924842],[-87.708508,41.924568],[-87.708496,41.924156],[-87.708495,41.924112],[-87.708492,41.924016],[-87.708491,41.923975],[-87.70849,41.923925],[-87.708487,41.923838],[-87.708485,41.923769],[-87.708483,41.9237],[-87.708479,41.923563],[-87.708477,41.923495],[-87.708475,41.923426],[-87.708473,41.923346],[-87.708471,41.923289],[-87.708471,41.923266],[-87.708468,41.923185],[-87.708467,41.923152],[-87.708466,41.923105],[-87.708462,41.922966],[-87.708456,41.922785],[-87.708452,41.922648],[-87.70845,41.922566],[-87.708448,41.922511],[-87.708447,41.922486],[-87.708445,41.922407],[-87.708444,41.922374],[-87.708442,41.922324],[-87.70844,41.922236],[-87.708438,41.922168],[-87.708435,41.922099],[-87.708433,41.92203],[-87.708431,41.921962],[-87.708429,41.921893],[-87.708427,41.921825],[-87.708424,41.921732],[-87.708421,41.921639],[-87.708419,41.921595],[-87.708396,41.921595],[-87.70822,41.921597],[-87.708215,41.92146],[-87.708211,41.921323],[-87.708206,41.921186],[-87.708285,41.92091],[-87.708272,41.920499],[-87.708249,41.920455],[-87.708245,41.920328],[-87.708244,41.92029],[-87.708241,41.920204],[-87.708241,41.920202],[-87.708239,41.920138],[-87.708237,41.920075],[-87.707252,41.920069],[-87.706879,41.919921],[-87.706055,41.919928],[-87.705965,41.919931],[-87.705967,41.919974],[-87.70597,41.920065],[-87.705421,41.92007],[-87.705179,41.920073],[-87.70461,41.920079],[-87.704551,41.920079],[-87.704014,41.920085],[-87.703771,41.920083],[-87.70333,41.920087],[-87.703302,41.92006],[-87.7033,41.919999],[-87.703297,41.919906],[-87.703295,41.919837],[-87.703293,41.919768],[-87.70329,41.919699],[-87.703288,41.919631],[-87.703285,41.919562],[-87.703283,41.919493],[-87.703281,41.919424],[-87.703278,41.919356],[-87.703275,41.919265],[-87.703272,41.919174],[-87.70327,41.919105],[-87.703268,41.919037],[-87.703265,41.918968],[-87.703263,41.918899],[-87.703261,41.918831],[-87.703258,41.918762],[-87.703256,41.918693],[-87.703254,41.918624],[-87.703251,41.918555],[-87.703249,41.918487],[-87.703247,41.918418],[-87.703244,41.918349],[-87.703242,41.918281],[-87.703241,41.918253],[-87.70324,41.918212],[-87.703237,41.918143],[-87.703235,41.918088],[-87.703235,41.918074],[-87.703233,41.918006],[-87.70323,41.917937],[-87.703228,41.917868],[-87.703216,41.917524],[-87.703264,41.917343],[-87.703252,41.916958],[-87.703251,41.916931],[-87.703249,41.916862],[-87.703247,41.916794],[-87.703245,41.916725],[-87.703243,41.916657],[-87.703242,41.916623],[-87.703241,41.916588],[-87.703238,41.91652],[-87.703236,41.916451],[-87.703234,41.916383],[-87.703232,41.916314],[-87.70323,41.916246],[-87.703228,41.916177],[-87.703226,41.916109],[-87.703223,41.91604],[-87.70315,41.916041],[-87.702507,41.916047],[-87.702505,41.915978],[-87.702503,41.91591],[-87.702502,41.915895],[-87.702501,41.91584],[-87.702499,41.915771],[-87.702496,41.915703],[-87.702491,41.915522],[-87.701573,41.915543],[-87.701132,41.915547],[-87.701022,41.915548]]]},"properties":{"NAME":"Logan Square Boulevards District","NUMBER_":"HD-45","DATE_":"11/1/2005","REGISTER":"Y"}},{"type":"Feature","geometry":{"type":"Polygon","coordinates":[[[-87.577098,41.772968],[-87.5771,41.773072],[-87.577101,41.773094],[-87.577104,41.773221],[-87.577108,41.773346],[-87.5776,41.773341],[-87.577842,41.773338],[-87.578329,41.773332],[-87.578821,41.773327],[-87.579063,41.773324],[-87.579559,41.773318],[-87.580051,41.773313],[-87.580293,41.77331],[-87.580284,41.772942],[-87.58034,41.772941],[-87.580776,41.772936],[-87.581031,41.772933],[-87.581265,41.772931],[-87.581404,41.772934],[-87.581533,41.772936],[-87.581635,41.772935],[-87.581745,41.772934],[-87.581855,41.772932],[-87.581965,41.772931],[-87.58202,41.772931],[-87.582048,41.77293],[-87.582048,41.772873],[-87.582046,41.772803],[-87.582044,41.772721],[-87.582043,41.77268],[-87.582042,41.772639],[-87.582039,41.772556],[-87.582038,41.772507],[-87.582037,41.772474],[-87.582035,41.772392],[-87.582033,41.772309],[-87.582031,41.772227],[-87.582029,41.772145],[-87.582029,41.772136],[-87.582027,41.772062],[-87.582025,41.77198],[-87.582023,41.771898],[-87.582021,41.771815],[-87.582019,41.771733],[-87.582018,41.771695],[-87.582016,41.771651],[-87.582014,41.771565],[-87.582012,41.77147],[-87.58201,41.771388],[-87.582008,41.771306],[-87.582006,41.771223],[-87.582003,41.771141],[-87.582002,41.771092],[-87.582001,41.771059],[-87.581999,41.770976],[-87.581997,41.770894],[-87.581995,41.770812],[-87.581993,41.770746],[-87.581993,41.770729],[-87.581992,41.770698],[-87.581991,41.770647],[-87.581989,41.770565],[-87.581987,41.770482],[-87.581985,41.7704],[-87.581983,41.770318],[-87.581982,41.770284],[-87.58198,41.770236],[-87.581978,41.770153],[-87.581976,41.770071],[-87.581976,41.770043],[-87.581975,41.770002],[-87.581974,41.769989],[-87.581972,41.769906],[-87.58197,41.76983],[-87.581967,41.769739],[-87.581942,41.76974],[-87.581455,41.769745],[-87.581452,41.769615],[-87.58145,41.769565],[-87.581449,41.769519],[-87.581449,41.769507],[-87.581449,41.769497],[-87.581448,41.769471],[-87.581447,41.769436],[-87.581447,41.769428],[-87.581445,41.76936],[-87.581444,41.769313],[-87.581444,41.769291],[-87.581443,41.769241],[-87.581442,41.769222],[-87.58144,41.769154],[-87.581439,41.769117],[-87.581439,41.769085],[-87.581437,41.769017],[-87.581437,41.769011],[-87.581435,41.768948],[-87.581434,41.768912],[-87.581434,41.768879],[-87.581432,41.76881],[-87.58143,41.768742],[-87.58143,41.768716],[-87.581429,41.768674],[-87.581427,41.768605],[-87.581427,41.76859],[-87.581425,41.768531],[-87.581423,41.768457],[-87.581423,41.768428],[-87.581422,41.768383],[-87.58142,41.768309],[-87.581418,41.768235],[-87.581417,41.768186],[-87.581416,41.768161],[-87.581414,41.768087],[-87.581412,41.768013],[-87.58141,41.767927],[-87.581408,41.767832],[-87.581405,41.767708],[-87.581402,41.767571],[-87.581399,41.767482],[-87.581398,41.767434],[-87.581396,41.767355],[-87.581395,41.767297],[-87.581392,41.767159],[-87.581389,41.767051],[-87.581388,41.767022],[-87.581387,41.766968],[-87.581385,41.766885],[-87.581384,41.766839],[-87.581381,41.766748],[-87.581245,41.766746],[-87.581114,41.766744],[-87.58062,41.766749],[-87.58012,41.766754],[-87.58,41.766755],[-87.579878,41.766756],[-87.579385,41.76676],[-87.578897,41.766765],[-87.578655,41.76677],[-87.578162,41.766775],[-87.577667,41.76678],[-87.577546,41.766781],[-87.577425,41.766782],[-87.576932,41.766787],[-87.576936,41.766924],[-87.576937,41.766955],[-87.57694,41.767062],[-87.576941,41.767114],[-87.576943,41.767199],[-87.576947,41.767331],[-87.576947,41.767336],[-87.576951,41.767473],[-87.576952,41.767541],[-87.576954,41.76761],[-87.576958,41.767747],[-87.576962,41.76788],[-87.576964,41.767974],[-87.576966,41.768061],[-87.57697,41.768198],[-87.576971,41.768217],[-87.576972,41.768266],[-87.576974,41.768335],[-87.576975,41.768401],[-87.576977,41.768472],[-87.576981,41.768609],[-87.576983,41.768692],[-87.576984,41.768716],[-87.576985,41.768747],[-87.576986,41.768815],[-87.576988,41.768884],[-87.576991,41.768999],[-87.576992,41.769021],[-87.576996,41.769158],[-87.576996,41.769189],[-87.576997,41.769227],[-87.576999,41.769295],[-87.577002,41.769396],[-87.577003,41.769432],[-87.577003,41.769453],[-87.577006,41.769565],[-87.577007,41.769568],[-87.577007,41.76957],[-87.57701,41.76969],[-87.57701,41.769701],[-87.577013,41.769796],[-87.577015,41.769882],[-87.577017,41.769944],[-87.577019,41.770018],[-87.57702,41.770064],[-87.577022,41.770155],[-87.577026,41.770292],[-87.577027,41.770317],[-87.57703,41.770429],[-87.577032,41.770498],[-87.577033,41.770533],[-87.577033,41.770566],[-87.577037,41.770697],[-87.577037,41.770704],[-87.577041,41.770841],[-87.577042,41.770909],[-87.577044,41.770978],[-87.577047,41.771088],[-87.577048,41.77111],[-87.577048,41.771115],[-87.577052,41.771252],[-87.577054,41.771336],[-87.577055,41.771389],[-87.577058,41.771498],[-87.577059,41.771528],[-87.577062,41.771623],[-87.577064,41.771709],[-87.577067,41.771838],[-87.577071,41.771975],[-87.577072,41.772026],[-87.577075,41.772112],[-87.577076,41.772152],[-87.577078,41.772249],[-87.577079,41.772258],[-87.577079,41.772263],[-87.577079,41.772287],[-87.57708,41.772318],[-87.577082,41.772386],[-87.577083,41.772431],[-87.577084,41.772455],[-87.577086,41.772524],[-87.577087,41.772586],[-87.577089,41.772661],[-87.577093,41.772798],[-87.577094,41.772842],[-87.577098,41.772968]]]},"properties":{"NAME":"Jackson Park Highlands","NUMBER_":"HD-15","DATE_":"7/19/2007","REGISTER":"N"}},{"type":"Feature","geometry":{"type":"Polygon","coordinates":[[[-87.677705,41.899065],[-87.677793,41.899063],[-87.677882,41.899062],[-87.67797,41.89906],[-87.678058,41.899058],[-87.678146,41.899057],[-87.678234,41.899055],[-87.678322,41.899054],[-87.67841,41.899052],[-87.678498,41.899051],[-87.678587,41.899049],[-87.678675,41.899048],[-87.678763,41.899046],[-87.678851,41.899044],[-87.67891,41.899043],[-87.678939,41.899043],[-87.679027,41.899041],[-87.679086,41.89904],[-87.679469,41.899033],[-87.67947,41.899077],[-87.679476,41.89928],[-87.679719,41.899279],[-87.680039,41.899273],[-87.680069,41.899273],[-87.680067,41.899204],[-87.680066,41.89917],[-87.680065,41.899136],[-87.680063,41.899067],[-87.680063,41.899023],[-87.680091,41.899022],[-87.68015,41.899021],[-87.680238,41.89902],[-87.680327,41.899018],[-87.680415,41.899017],[-87.680503,41.899015],[-87.680591,41.899014],[-87.68068,41.899012],[-87.680768,41.89901],[-87.680856,41.899009],[-87.680945,41.899007],[-87.681033,41.899006],[-87.681121,41.899004],[-87.68121,41.899003],[-87.681298,41.899001],[-87.681386,41.898999],[-87.681475,41.898998],[-87.681476,41.899042],[-87.681482,41.89925],[-87.68154,41.899249],[-87.681921,41.899243],[-87.681919,41.899177],[-87.681918,41.899144],[-87.681917,41.899111],[-87.681915,41.899045],[-87.681914,41.89899],[-87.682156,41.898986],[-87.682288,41.898983],[-87.682409,41.898981],[-87.68253,41.898979],[-87.682651,41.898977],[-87.682772,41.898975],[-87.682893,41.898973],[-87.683015,41.89897],[-87.683136,41.898968],[-87.683257,41.898966],[-87.683378,41.898964],[-87.683499,41.898962],[-87.683621,41.89896],[-87.683742,41.898957],[-87.683863,41.898955],[-87.683984,41.898953],[-87.684105,41.898951],[-87.684227,41.898949],[-87.684358,41.898946],[-87.684357,41.89889],[-87.684599,41.898886],[-87.68498,41.898879],[-87.684981,41.898922],[-87.684982,41.898935],[-87.68504,41.898934],[-87.685129,41.898932],[-87.685173,41.898932],[-87.685217,41.898931],[-87.685305,41.898929],[-87.685393,41.898928],[-87.685415,41.898927],[-87.685481,41.898926],[-87.685525,41.898925],[-87.685569,41.898924],[-87.685635,41.898923],[-87.685658,41.898923],[-87.685746,41.898921],[-87.685757,41.898921],[-87.685834,41.898919],[-87.685878,41.898919],[-87.685922,41.898918],[-87.685999,41.898916],[-87.68601,41.898916],[-87.686098,41.898915],[-87.68612,41.898914],[-87.686186,41.898913],[-87.686241,41.898912],[-87.686275,41.898911],[-87.686363,41.89891],[-87.686354,41.898567],[-87.686349,41.898386],[-87.68634,41.898046],[-87.686251,41.898048],[-87.686228,41.898048],[-87.686163,41.898049],[-87.686118,41.89805],[-87.686074,41.898051],[-87.686008,41.898052],[-87.685986,41.898052],[-87.685898,41.898054],[-87.68581,41.898055],[-87.685789,41.898056],[-87.685722,41.898057],[-87.685678,41.898058],[-87.685634,41.898058],[-87.685568,41.89806],[-87.685545,41.89806],[-87.685458,41.898062],[-87.68537,41.898063],[-87.685349,41.898063],[-87.685282,41.898065],[-87.685239,41.898065],[-87.685194,41.898066],[-87.685106,41.898068],[-87.685018,41.898069],[-87.68496,41.89807],[-87.68496,41.898092],[-87.684579,41.898099],[-87.684336,41.898103],[-87.684336,41.898081],[-87.684203,41.898084],[-87.684082,41.898086],[-87.683961,41.898088],[-87.68384,41.89809],[-87.683719,41.898092],[-87.683597,41.898094],[-87.683476,41.898097],[-87.683355,41.898099],[-87.683234,41.898101],[-87.683113,41.898103],[-87.682992,41.898105],[-87.682871,41.898107],[-87.682749,41.898109],[-87.682628,41.898112],[-87.682507,41.898114],[-87.682386,41.898116],[-87.682265,41.898118],[-87.682133,41.89812],[-87.681891,41.898124],[-87.68189,41.898103],[-87.681509,41.89811],[-87.681451,41.898111],[-87.681451,41.898132],[-87.681363,41.898134],[-87.681275,41.898135],[-87.681186,41.898137],[-87.681098,41.898139],[-87.68101,41.89814],[-87.680921,41.898142],[-87.680833,41.898143],[-87.680745,41.898145],[-87.680656,41.898146],[-87.680568,41.898148],[-87.68048,41.89815],[-87.680391,41.898151],[-87.680303,41.898153],[-87.680126,41.898156],[-87.680068,41.898156],[-87.680066,41.898102],[-87.680064,41.898036],[-87.680063,41.89797],[-87.679682,41.897977],[-87.679684,41.898043],[-87.679686,41.898109],[-87.679687,41.898174],[-87.679689,41.89824],[-87.67969,41.898273],[-87.679691,41.898306],[-87.679693,41.898372],[-87.679695,41.898437],[-87.679697,41.898505],[-87.679454,41.89851],[-87.679072,41.898517],[-87.679013,41.898518],[-87.679003,41.898176],[-87.678915,41.898177],[-87.678871,41.898178],[-87.678827,41.898179],[-87.678739,41.89818],[-87.678651,41.898182],[-87.678607,41.898183],[-87.678563,41.898183],[-87.678474,41.898185],[-87.678386,41.898186],[-87.678342,41.898187],[-87.678298,41.898188],[-87.678217,41.898189],[-87.67821,41.89819],[-87.678122,41.898191],[-87.678034,41.898193],[-87.677946,41.898194],[-87.677858,41.898196],[-87.677769,41.898197],[-87.677681,41.898199],[-87.677691,41.898541],[-87.677696,41.898722],[-87.677705,41.899065]]]},"properties":{"NAME":"Ukrainian Village District Extension","NUMBER_":"HD-43","DATE_":"7/27/2005","REGISTER":null}},{"type":"Feature","geometry":{"type":"Polygon","coordinates":[[[-87.642609,41.922344],[-87.642567,41.922345],[-87.642364,41.922348],[-87.642364,41.922348],[-87.642276,41.922349],[-87.642216,41.92235],[-87.642187,41.92235],[-87.642187,41.92235],[-87.642176,41.922006],[-87.642173,41.921912],[-87.642162,41.921825],[-87.642087,41.921826],[-87.641995,41.921827],[-87.641995,41.921827],[-87.641984,41.921485],[-87.641983,41.921447],[-87.641979,41.921327],[-87.641975,41.921196],[-87.641974,41.921169],[-87.641973,41.921153],[-87.641972,41.921132],[-87.641972,41.921108],[-87.641971,41.921094],[-87.641971,41.921089],[-87.64197,41.921066],[-87.64197,41.921053],[-87.641968,41.920998],[-87.641964,41.920875],[-87.641963,41.920848],[-87.641961,41.920786],[-87.641959,41.92071],[-87.641954,41.920575],[-87.641951,41.920454],[-87.641933,41.920441],[-87.641933,41.920441],[-87.641866,41.920393],[-87.641861,41.920389],[-87.641853,41.920384],[-87.641833,41.92037],[-87.641799,41.920345],[-87.641596,41.9202],[-87.641466,41.920107],[-87.641345,41.920021],[-87.641302,41.920022],[-87.641184,41.920023],[-87.641009,41.920026],[-87.64047,41.920033],[-87.640378,41.920034],[-87.639294,41.920048],[-87.638989,41.920052],[-87.638988,41.920016],[-87.638981,41.919824],[-87.638971,41.919565],[-87.638961,41.919301],[-87.638959,41.919239],[-87.638958,41.91922],[-87.638957,41.919179],[-87.638955,41.919118],[-87.638952,41.919045],[-87.638949,41.918979],[-87.638947,41.91892],[-87.638947,41.918913],[-87.638947,41.918904],[-87.638945,41.918847],[-87.638943,41.918804],[-87.638942,41.918782],[-87.638941,41.918761],[-87.638941,41.918745],[-87.638828,41.918746],[-87.638698,41.918748],[-87.638535,41.91875],[-87.638302,41.918753],[-87.638302,41.918754],[-87.638301,41.918734],[-87.638239,41.918735],[-87.638222,41.918735],[-87.638185,41.918736],[-87.638167,41.918736],[-87.638166,41.918736],[-87.638165,41.918736],[-87.638116,41.918737],[-87.638095,41.918737],[-87.638075,41.918737],[-87.637985,41.918738],[-87.63798,41.918739],[-87.637975,41.918739],[-87.637894,41.91874],[-87.637803,41.918741],[-87.63771,41.918742],[-87.637627,41.918743],[-87.637628,41.918787],[-87.637628,41.918787],[-87.63763,41.918845],[-87.637633,41.91891],[-87.637633,41.918914],[-87.637633,41.91892],[-87.637635,41.918983],[-87.637636,41.919016],[-87.637638,41.919052],[-87.637645,41.919252],[-87.637648,41.919343],[-87.637649,41.919365],[-87.637651,41.919438],[-87.637653,41.919482],[-87.637655,41.919534],[-87.637657,41.919611],[-87.637658,41.919633],[-87.637665,41.919842],[-87.637669,41.919953],[-87.637673,41.920069],[-87.637677,41.920161],[-87.637681,41.92025],[-87.63784,41.920248],[-87.637849,41.920248],[-87.637858,41.920248],[-87.637893,41.920306],[-87.637929,41.920366],[-87.637965,41.920426],[-87.637989,41.920464],[-87.638002,41.920486],[-87.638038,41.920546],[-87.638074,41.920606],[-87.63811,41.920666],[-87.638136,41.920709],[-87.638146,41.920726],[-87.638182,41.920786],[-87.638218,41.920846],[-87.638254,41.920906],[-87.638263,41.920921],[-87.638291,41.920966],[-87.638325,41.921023],[-87.638327,41.921026],[-87.638363,41.921087],[-87.638399,41.921147],[-87.638435,41.921207],[-87.638471,41.921267],[-87.638478,41.921277],[-87.638478,41.921278],[-87.638478,41.921278],[-87.63848,41.921336],[-87.638483,41.921407],[-87.638484,41.921421],[-87.638486,41.921479],[-87.638487,41.921516],[-87.638488,41.921546],[-87.638492,41.921549],[-87.638511,41.921563],[-87.638546,41.921587],[-87.638571,41.921587],[-87.638594,41.921587],[-87.638652,41.921586],[-87.638628,41.921602],[-87.638629,41.921624],[-87.63863,41.921645],[-87.63863,41.921647],[-87.638632,41.921701],[-87.638632,41.921703],[-87.638632,41.921703],[-87.638633,41.921718],[-87.638634,41.921747],[-87.638634,41.921761],[-87.638636,41.921818],[-87.638638,41.921874],[-87.638641,41.921964],[-87.638645,41.922055],[-87.638695,41.922054],[-87.63882,41.922052],[-87.63882,41.922052],[-87.638831,41.922338],[-87.638844,41.922682],[-87.638853,41.922921],[-87.638855,41.92298],[-87.638889,41.92298],[-87.639097,41.922977],[-87.639521,41.922972],[-87.63958,41.922971],[-87.63958,41.922971],[-87.63958,41.922971],[-87.639582,41.92288],[-87.639584,41.92279],[-87.639572,41.922466],[-87.639604,41.922446],[-87.639613,41.922441],[-87.639613,41.922441],[-87.639663,41.92244],[-87.639755,41.922439],[-87.639813,41.922438],[-87.639846,41.922438],[-87.639938,41.922437],[-87.639979,41.922436],[-87.640029,41.922435],[-87.64012,41.922434],[-87.640156,41.922434],[-87.640212,41.922433],[-87.640303,41.922432],[-87.640349,41.922431],[-87.640395,41.92243],[-87.640486,41.922429],[-87.640511,41.922429],[-87.640578,41.922428],[-87.640669,41.922427],[-87.640732,41.922426],[-87.640761,41.922442],[-87.640761,41.922442],[-87.640765,41.922586],[-87.640771,41.922775],[-87.640808,41.922776],[-87.640811,41.922861],[-87.640814,41.922956],[-87.640824,41.923245],[-87.640825,41.923282],[-87.640825,41.923326],[-87.640825,41.923326],[-87.640762,41.923327],[-87.640733,41.923327],[-87.64066,41.923328],[-87.640642,41.923328],[-87.640568,41.92333],[-87.64046,41.923333],[-87.640468,41.923665],[-87.640561,41.923662],[-87.640568,41.923752],[-87.640576,41.923843],[-87.640583,41.924062],[-87.640594,41.924378],[-87.640597,41.924478],[-87.640597,41.924485],[-87.640598,41.924516],[-87.640598,41.924529],[-87.640601,41.924598],[-87.640602,41.924636],[-87.640602,41.924653],[-87.640603,41.924671],[-87.640603,41.924678],[-87.640608,41.924688],[-87.640619,41.924704],[-87.640621,41.924708],[-87.640647,41.924752],[-87.640664,41.924779],[-87.640677,41.924802],[-87.640686,41.924817],[-87.64069,41.924822],[-87.640694,41.924829],[-87.640752,41.924925],[-87.640753,41.924927],[-87.640764,41.924946],[-87.640764,41.924946],[-87.640797,41.925001],[-87.640813,41.925027],[-87.640817,41.925034],[-87.640878,41.925135],[-87.64083,41.92515],[-87.640805,41.925158],[-87.640742,41.925178],[-87.640747,41.925326],[-87.64075,41.925407],[-87.640753,41.925491],[-87.640756,41.92558],[-87.640759,41.925673],[-87.641468,41.925661],[-87.641495,41.925705],[-87.64152,41.925748],[-87.641615,41.92591],[-87.641661,41.925988],[-87.641708,41.926068],[-87.64171,41.926072],[-87.641712,41.926075],[-87.641752,41.926143],[-87.64183,41.92614],[-87.641924,41.926139],[-87.6422,41.926134],[-87.642293,41.926132],[-87.642385,41.926131],[-87.642569,41.926127],[-87.642865,41.926122],[-87.643014,41.92612],[-87.643163,41.926117],[-87.643256,41.926116],[-87.643348,41.926114],[-87.64344,41.926113],[-87.643532,41.926111],[-87.643902,41.926105],[-87.643971,41.926103],[-87.644049,41.926101],[-87.644419,41.926095],[-87.644543,41.926093],[-87.644664,41.926092],[-87.644786,41.92609],[-87.644914,41.926088],[-87.645033,41.926086],[-87.645153,41.926084],[-87.645262,41.926082],[-87.645372,41.926081],[-87.645483,41.926079],[-87.645593,41.926077],[-87.645703,41.926076],[-87.645887,41.926073],[-87.645923,41.926072],[-87.646254,41.926067],[-87.646453,41.926063],[-87.646451,41.926014],[-87.64645,41.925987],[-87.64645,41.92597],[-87.646442,41.925753],[-87.646436,41.925584],[-87.646443,41.925492],[-87.64645,41.925403],[-87.64645,41.925403],[-87.646446,41.925256],[-87.646442,41.925074],[-87.646442,41.925057],[-87.64644,41.924964],[-87.646437,41.924854],[-87.646435,41.924745],[-87.646432,41.924635],[-87.64643,41.924525],[-87.646427,41.924389],[-87.646425,41.924324],[-87.646423,41.924256],[-87.646417,41.923968],[-87.646415,41.923889],[-87.646407,41.923762],[-87.646401,41.923667],[-87.646396,41.923573],[-87.646273,41.923575],[-87.646149,41.923577],[-87.645981,41.92358],[-87.645746,41.923583],[-87.645463,41.923587],[-87.645447,41.923575],[-87.645433,41.923566],[-87.645397,41.92354],[-87.645369,41.92352],[-87.645333,41.923495],[-87.6453,41.923471],[-87.645252,41.923436],[-87.645233,41.923423],[-87.645173,41.92338],[-87.645106,41.923332],[-87.645075,41.92331],[-87.645039,41.923285],[-87.645005,41.923261],[-87.644973,41.923237],[-87.64496,41.923228],[-87.64496,41.923228],[-87.644939,41.923228],[-87.644856,41.923229],[-87.644726,41.923231],[-87.644618,41.923233],[-87.644618,41.923233],[-87.644613,41.923224],[-87.644611,41.923221],[-87.644571,41.923153],[-87.644543,41.923108],[-87.64453,41.923086],[-87.644513,41.923058],[-87.64449,41.923018],[-87.644449,41.92295],[-87.644405,41.922876],[-87.644366,41.922811],[-87.644364,41.922809],[-87.644362,41.922805],[-87.644361,41.922803],[-87.644324,41.922741],[-87.644308,41.922714],[-87.644294,41.922724],[-87.644293,41.922725],[-87.644293,41.922725],[-87.644263,41.922674],[-87.644253,41.922657],[-87.644229,41.922617],[-87.644212,41.922589],[-87.644207,41.922593],[-87.644205,41.922594],[-87.644205,41.922594],[-87.644179,41.922551],[-87.644165,41.922526],[-87.644165,41.922526],[-87.644079,41.922527],[-87.643926,41.922529],[-87.643808,41.922531],[-87.643683,41.922533],[-87.643685,41.922582],[-87.643685,41.922591],[-87.643687,41.922649],[-87.643689,41.922716],[-87.643689,41.922716],[-87.643271,41.922721],[-87.643232,41.922721],[-87.643228,41.922721],[-87.643173,41.922722],[-87.643084,41.922723],[-87.642996,41.922724],[-87.642907,41.922725],[-87.642819,41.922726],[-87.64273,41.922727],[-87.642642,41.922728],[-87.642631,41.922385],[-87.642631,41.922377],[-87.64263,41.922344],[-87.642609,41.922344]]]},"properties":{"NAME":"Mid North","NUMBER_":"HD-19","DATE_":"8/31/1977","REGISTER":"N"}},{"type":"Feature","geometry":{"type":"Polygon","coordinates":[[[-87.646076,41.927942],[-87.646319,41.927937],[-87.646326,41.928152],[-87.646525,41.928148],[-87.646988,41.928141],[-87.647047,41.92814],[-87.647045,41.928074],[-87.647044,41.928052],[-87.647042,41.928008],[-87.647041,41.927963],[-87.64704,41.92794],[-87.647038,41.927876],[-87.647038,41.927874],[-87.647036,41.927807],[-87.647033,41.927739],[-87.647031,41.92767],[-87.647029,41.927601],[-87.647026,41.927532],[-87.647024,41.927464],[-87.647022,41.927395],[-87.647019,41.927326],[-87.647018,41.927292],[-87.647017,41.927257],[-87.647015,41.927189],[-87.647012,41.92712],[-87.64701,41.927051],[-87.647008,41.926983],[-87.647005,41.926914],[-87.647003,41.926845],[-87.647001,41.926776],[-87.646998,41.926708],[-87.646996,41.926639],[-87.646994,41.92657],[-87.646991,41.926502],[-87.646989,41.926433],[-87.646987,41.926364],[-87.646984,41.926295],[-87.646982,41.926227],[-87.64698,41.926158],[-87.646921,41.926159],[-87.646457,41.926166],[-87.646454,41.926097],[-87.646453,41.926063],[-87.646254,41.926067],[-87.645923,41.926072],[-87.645887,41.926073],[-87.645703,41.926076],[-87.645593,41.926077],[-87.645483,41.926079],[-87.645372,41.926081],[-87.645262,41.926082],[-87.645153,41.926084],[-87.645033,41.926086],[-87.644914,41.926088],[-87.644786,41.92609],[-87.644664,41.926092],[-87.644543,41.926093],[-87.644419,41.926095],[-87.644049,41.926101],[-87.643902,41.926105],[-87.643532,41.926111],[-87.64344,41.926113],[-87.643348,41.926114],[-87.643256,41.926116],[-87.643163,41.926117],[-87.643014,41.92612],[-87.642865,41.926122],[-87.642569,41.926127],[-87.642385,41.926131],[-87.642293,41.926132],[-87.6422,41.926134],[-87.641924,41.926139],[-87.64183,41.92614],[-87.641752,41.926143],[-87.641804,41.926231],[-87.641848,41.926307],[-87.641898,41.926391],[-87.642065,41.926675],[-87.642162,41.926841],[-87.642267,41.92702],[-87.642307,41.927088],[-87.642384,41.927219],[-87.642414,41.92727],[-87.642444,41.92732],[-87.642473,41.92737],[-87.642482,41.927386],[-87.642561,41.927384],[-87.643347,41.927372],[-87.643616,41.928093],[-87.643055,41.928224],[-87.642986,41.928242],[-87.643065,41.928367],[-87.64337,41.928885],[-87.643377,41.928897],[-87.643447,41.92888],[-87.643491,41.928868],[-87.643837,41.928786],[-87.643861,41.928781],[-87.644057,41.928742],[-87.644162,41.92872],[-87.644187,41.928715],[-87.644267,41.928701],[-87.644372,41.928683],[-87.644478,41.928665],[-87.64454,41.928654],[-87.644584,41.928648],[-87.64469,41.928633],[-87.644796,41.928618],[-87.644896,41.928604],[-87.644902,41.928604],[-87.645116,41.928581],[-87.645255,41.928565],[-87.645301,41.928562],[-87.645422,41.928552],[-87.645515,41.928545],[-87.645606,41.928538],[-87.645615,41.928537],[-87.645698,41.928533],[-87.645841,41.928526],[-87.645844,41.928434],[-87.645841,41.928358],[-87.645918,41.928356],[-87.645912,41.92811],[-87.645908,41.928065],[-87.6459,41.927947],[-87.645938,41.927945],[-87.646076,41.927942]]]},"properties":{"NAME":"Arlington-Deming District","NUMBER_":"HD-49","DATE_":"9/27/2007","REGISTER":null}},{"type":"Feature","geometry":{"type":"Polygon","coordinates":[[[-87.648517,41.921913],[-87.648635,41.921912],[-87.64876,41.92191],[-87.649218,41.921902],[-87.649276,41.921901],[-87.64927,41.921808],[-87.649264,41.92172],[-87.649252,41.921377],[-87.649251,41.921339],[-87.649248,41.921249],[-87.649247,41.921229],[-87.649245,41.92118],[-87.649243,41.921112],[-87.649243,41.921098],[-87.649241,41.921043],[-87.649239,41.921006],[-87.649238,41.920974],[-87.649236,41.920921],[-87.649236,41.920906],[-87.649234,41.920837],[-87.649232,41.920792],[-87.649231,41.920769],[-87.64923,41.920725],[-87.649229,41.9207],[-87.649227,41.920632],[-87.649225,41.920586],[-87.649225,41.920579],[-87.649223,41.92054],[-87.649223,41.920533],[-87.649222,41.920495],[-87.64922,41.920436],[-87.649219,41.920426],[-87.649217,41.920358],[-87.649217,41.920354],[-87.649215,41.920289],[-87.649213,41.920253],[-87.649212,41.92022],[-87.64921,41.920152],[-87.649208,41.92008],[-87.649204,41.919984],[-87.649201,41.919899],[-87.649201,41.919893],[-87.649199,41.91983],[-87.649198,41.919804],[-87.649196,41.919762],[-87.649194,41.919694],[-87.649192,41.919639],[-87.649192,41.919625],[-87.649191,41.919584],[-87.64919,41.919557],[-87.649189,41.919529],[-87.649188,41.919514],[-87.649187,41.919488],[-87.649187,41.919476],[-87.649187,41.919475],[-87.649186,41.91946],[-87.649185,41.91942],[-87.649184,41.919393],[-87.649183,41.919351],[-87.649181,41.919283],[-87.649179,41.919245],[-87.649178,41.919215],[-87.649176,41.919146],[-87.649176,41.919131],[-87.649174,41.919078],[-87.649172,41.919009],[-87.64917,41.918966],[-87.649169,41.918941],[-87.649167,41.918874],[-87.649167,41.918872],[-87.649165,41.918827],[-87.649165,41.918811],[-87.649165,41.918804],[-87.649164,41.918783],[-87.649164,41.918781],[-87.649163,41.918735],[-87.649159,41.918645],[-87.649613,41.918638],[-87.649743,41.918636],[-87.649856,41.918635],[-87.649854,41.918596],[-87.649852,41.91854],[-87.649852,41.918528],[-87.649842,41.918253],[-87.649897,41.918252],[-87.649931,41.918252],[-87.649949,41.918252],[-87.650019,41.91825],[-87.650025,41.918409],[-87.65003,41.918525],[-87.650031,41.918565],[-87.650032,41.918593],[-87.650033,41.918632],[-87.650315,41.918628],[-87.650366,41.918627],[-87.650832,41.91862],[-87.650952,41.918618],[-87.651074,41.918616],[-87.651073,41.918577],[-87.651071,41.918534],[-87.65107,41.918502],[-87.651068,41.918433],[-87.651124,41.918432],[-87.651156,41.918431],[-87.651226,41.91843],[-87.651244,41.91843],[-87.651244,41.918444],[-87.651246,41.918499],[-87.651247,41.918529],[-87.651249,41.918575],[-87.65125,41.918613],[-87.65145,41.91861],[-87.651531,41.918609],[-87.651583,41.918608],[-87.652042,41.918601],[-87.652167,41.918599],[-87.652284,41.918597],[-87.652561,41.918593],[-87.652744,41.91859],[-87.652775,41.91859],[-87.652774,41.918551],[-87.652772,41.918483],[-87.652772,41.918469],[-87.652786,41.918469],[-87.652808,41.918469],[-87.65283,41.918468],[-87.652841,41.918468],[-87.652842,41.918488],[-87.652844,41.91855],[-87.652845,41.918589],[-87.652952,41.918587],[-87.653261,41.918582],[-87.653385,41.918583],[-87.653504,41.918584],[-87.653947,41.918577],[-87.654035,41.918576],[-87.654478,41.918569],[-87.654596,41.918568],[-87.65472,41.918566],[-87.655162,41.918559],[-87.65525,41.918558],[-87.655691,41.918551],[-87.655812,41.91855],[-87.655934,41.918548],[-87.655966,41.918547],[-87.656378,41.918541],[-87.656466,41.91854],[-87.656895,41.918533],[-87.656911,41.918533],[-87.657025,41.918538],[-87.657154,41.918543],[-87.657363,41.91854],[-87.657503,41.918538],[-87.657587,41.918555],[-87.657603,41.918558],[-87.657662,41.918554],[-87.657681,41.918542],[-87.657711,41.918521],[-87.658024,41.918516],[-87.658113,41.918515],[-87.658237,41.918513],[-87.658356,41.918511],[-87.658355,41.918479],[-87.658353,41.918419],[-87.658352,41.918385],[-87.658351,41.918351],[-87.658349,41.918283],[-87.658347,41.918215],[-87.658345,41.918176],[-87.658344,41.918146],[-87.658342,41.918073],[-87.65834,41.918023],[-87.65834,41.917993],[-87.658338,41.917961],[-87.658338,41.917942],[-87.658216,41.917944],[-87.658095,41.917946],[-87.658036,41.917947],[-87.658004,41.917947],[-87.657924,41.917948],[-87.657883,41.917949],[-87.657844,41.91795],[-87.657764,41.917951],[-87.65773,41.917951],[-87.657682,41.917952],[-87.657591,41.917953],[-87.657514,41.917955],[-87.657499,41.917955],[-87.657478,41.917955],[-87.657408,41.917956],[-87.65737,41.917957],[-87.657365,41.917957],[-87.657317,41.917958],[-87.657245,41.917959],[-87.657226,41.917959],[-87.657212,41.917959],[-87.657134,41.917961],[-87.657042,41.917962],[-87.657028,41.917962],[-87.65695,41.917963],[-87.656901,41.917964],[-87.656859,41.917965],[-87.656849,41.917965],[-87.656815,41.917965],[-87.656767,41.917966],[-87.656748,41.917966],[-87.656675,41.917968],[-87.656583,41.917969],[-87.656577,41.917969],[-87.656491,41.91797],[-87.656428,41.917971],[-87.656399,41.917972],[-87.656353,41.917972],[-87.656311,41.917973],[-87.656223,41.917974],[-87.656157,41.917975],[-87.656135,41.917976],[-87.656091,41.917976],[-87.656047,41.917977],[-87.656025,41.917977],[-87.655959,41.917979],[-87.655871,41.91798],[-87.655833,41.91798],[-87.655782,41.917981],[-87.655754,41.917982],[-87.655694,41.917983],[-87.655606,41.917984],[-87.655586,41.917984],[-87.655514,41.917985],[-87.655398,41.917987],[-87.655294,41.917989],[-87.655215,41.91799],[-87.655202,41.91799],[-87.655114,41.917991],[-87.655055,41.917992],[-87.655026,41.917993],[-87.654969,41.917994],[-87.654938,41.917994],[-87.654923,41.917994],[-87.654894,41.917995],[-87.65485,41.917996],[-87.654762,41.917997],[-87.654732,41.917997],[-87.654673,41.917998],[-87.654642,41.917999],[-87.654585,41.918],[-87.654497,41.918001],[-87.654497,41.917988],[-87.654489,41.917727],[-87.654488,41.917683],[-87.654383,41.917684],[-87.654268,41.917686],[-87.654234,41.917687],[-87.6539,41.917692],[-87.653841,41.917693],[-87.653566,41.917697],[-87.653473,41.917698],[-87.653475,41.917742],[-87.653356,41.917744],[-87.653232,41.917746],[-87.653164,41.917747],[-87.65314,41.917747],[-87.653123,41.917747],[-87.653048,41.917749],[-87.653044,41.917749],[-87.652956,41.91775],[-87.652952,41.91775],[-87.652863,41.917751],[-87.652843,41.917752],[-87.652771,41.917753],[-87.652769,41.917692],[-87.652702,41.917693],[-87.65263,41.917694],[-87.652612,41.917694],[-87.65259,41.917694],[-87.652519,41.917696],[-87.652522,41.917782],[-87.652523,41.917797],[-87.652446,41.917798],[-87.652431,41.917798],[-87.652432,41.917836],[-87.652342,41.917838],[-87.65234,41.917838],[-87.652247,41.91784],[-87.652246,41.917782],[-87.652245,41.917761],[-87.652141,41.917762],[-87.652024,41.917764],[-87.651911,41.917766],[-87.651796,41.917768],[-87.651682,41.917769],[-87.651603,41.917771],[-87.651567,41.917771],[-87.651501,41.917772],[-87.651451,41.917773],[-87.651411,41.917774],[-87.651319,41.917775],[-87.651228,41.917776],[-87.651161,41.917777],[-87.651137,41.917778],[-87.651099,41.917778],[-87.651046,41.917779],[-87.651044,41.917735],[-87.650802,41.917739],[-87.650341,41.917746],[-87.650274,41.917748],[-87.650276,41.917791],[-87.650161,41.917793],[-87.65012,41.917793],[-87.650046,41.917795],[-87.649931,41.917796],[-87.649816,41.917798],[-87.649713,41.917799],[-87.649595,41.917801],[-87.649482,41.917803],[-87.649445,41.917804],[-87.649368,41.917805],[-87.649255,41.917807],[-87.649187,41.917808],[-87.649141,41.917808],[-87.649074,41.917809],[-87.649068,41.917809],[-87.648621,41.917816],[-87.648618,41.917751],[-87.648616,41.917694],[-87.648374,41.917698],[-87.647921,41.917704],[-87.647863,41.917705],[-87.647865,41.917774],[-87.647865,41.91779],[-87.647867,41.917842],[-87.647868,41.917866],[-87.64787,41.917911],[-87.647872,41.917979],[-87.647873,41.918014],[-87.647874,41.918048],[-87.647875,41.918083],[-87.647876,41.918102],[-87.647882,41.918185],[-87.647889,41.918283],[-87.647933,41.918283],[-87.648184,41.918279],[-87.648393,41.918275],[-87.648395,41.918337],[-87.648397,41.918398],[-87.648398,41.918403],[-87.648398,41.918409],[-87.648398,41.91843],[-87.648399,41.918459],[-87.6484,41.918475],[-87.6484,41.918479],[-87.648401,41.91852],[-87.648402,41.918542],[-87.648403,41.918568],[-87.648403,41.918581],[-87.648406,41.918642],[-87.648408,41.918704],[-87.64841,41.918765],[-87.648412,41.918826],[-87.648414,41.918887],[-87.648416,41.918948],[-87.648418,41.919009],[-87.648419,41.919045],[-87.64842,41.919071],[-87.648423,41.919167],[-87.648424,41.919192],[-87.648426,41.919236],[-87.648428,41.919306],[-87.648428,41.919314],[-87.64843,41.919375],[-87.648431,41.919409],[-87.648433,41.919445],[-87.648435,41.919509],[-87.648435,41.919514],[-87.648437,41.919584],[-87.648439,41.919622],[-87.64844,41.919653],[-87.648442,41.919713],[-87.648442,41.919723],[-87.648444,41.919792],[-87.648446,41.919837],[-87.648447,41.919862],[-87.648449,41.919915],[-87.648449,41.919932],[-87.648451,41.919996],[-87.648455,41.920113],[-87.648457,41.920173],[-87.648459,41.920234],[-87.64846,41.920261],[-87.648462,41.920294],[-87.648464,41.920358],[-87.648466,41.920421],[-87.648467,41.920465],[-87.648468,41.920484],[-87.64847,41.920547],[-87.648473,41.920613],[-87.648474,41.920661],[-87.648475,41.920679],[-87.648477,41.920734],[-87.648477,41.920745],[-87.648479,41.920811],[-87.64848,41.920841],[-87.648482,41.920877],[-87.648484,41.920942],[-87.648485,41.92097],[-87.648486,41.921008],[-87.648488,41.921074],[-87.64849,41.921109],[-87.648491,41.92114],[-87.648493,41.921206],[-87.648493,41.921215],[-87.648495,41.921272],[-87.648497,41.921338],[-87.648499,41.92138],[-87.6485,41.921403],[-87.648502,41.921466],[-87.648502,41.921469],[-87.648504,41.921535],[-87.648505,41.921566],[-87.648507,41.921601],[-87.648509,41.921667],[-87.64851,41.921711],[-87.648511,41.921732],[-87.648514,41.921819],[-87.648517,41.921913]]]},"properties":{"NAME":"Armitage-Halsted","NUMBER_":"HD- 3","DATE_":"2/5/2003","REGISTER":null}},{"type":"Feature","geometry":{"type":"Polygon","coordinates":[[[-87.66884,41.715766],[-87.669133,41.715762],[-87.669766,41.715752],[-87.669825,41.715751],[-87.669867,41.715751],[-87.669862,41.715569],[-87.669859,41.715438],[-87.669855,41.715301],[-87.669983,41.715299],[-87.669979,41.715034],[-87.669975,41.714897],[-87.669972,41.71476],[-87.669861,41.714762],[-87.669854,41.714516],[-87.669853,41.714488],[-87.669845,41.714215],[-87.669842,41.714087],[-87.669838,41.713955],[-87.669814,41.713956],[-87.669809,41.713756],[-87.669805,41.713618],[-87.6698,41.713412],[-87.669797,41.7133],[-87.669795,41.713206],[-87.669793,41.713137],[-87.669789,41.713],[-87.669788,41.712934],[-87.669785,41.712828],[-87.669781,41.712656],[-87.669775,41.71245],[-87.66977,41.712244],[-87.669767,41.712109],[-87.669796,41.712109],[-87.670383,41.712099],[-87.670624,41.712095],[-87.67062,41.71193],[-87.670638,41.71174],[-87.670652,41.711585],[-87.670657,41.71152],[-87.670415,41.711524],[-87.669983,41.711531],[-87.669865,41.711533],[-87.670023,41.710711],[-87.669972,41.710712],[-87.669991,41.710506],[-87.670009,41.710301],[-87.670525,41.710293],[-87.670638,41.710291],[-87.670633,41.710126],[-87.670624,41.709811],[-87.67062,41.709661],[-87.669825,41.709673],[-87.669942,41.70941],[-87.669961,41.709366],[-87.6701,41.709051],[-87.670571,41.709073],[-87.670619,41.708894],[-87.670659,41.708718],[-87.671002,41.708734],[-87.671003,41.70872],[-87.671019,41.708529],[-87.671189,41.708537],[-87.671261,41.70854],[-87.671359,41.708545],[-87.671479,41.70855],[-87.671509,41.708551],[-87.671524,41.708552],[-87.671587,41.708555],[-87.671693,41.70856],[-87.671771,41.708564],[-87.671877,41.708568],[-87.672005,41.708574],[-87.672018,41.708575],[-87.672018,41.708594],[-87.6722,41.708591],[-87.672382,41.708587],[-87.672381,41.708549],[-87.67237,41.708184],[-87.672552,41.708181],[-87.672733,41.708177],[-87.672864,41.708175],[-87.672915,41.708174],[-87.673096,41.708171],[-87.673278,41.708168],[-87.673445,41.708165],[-87.673697,41.708161],[-87.673686,41.708135],[-87.673625,41.708011],[-87.673621,41.708005],[-87.67355,41.707891],[-87.673542,41.707881],[-87.673461,41.707776],[-87.673447,41.70776],[-87.674142,41.707601],[-87.674201,41.707587],[-87.673819,41.707484],[-87.673856,41.707465],[-87.673852,41.707347],[-87.673852,41.707303],[-87.673845,41.707089],[-87.673662,41.707092],[-87.673479,41.707096],[-87.673296,41.707099],[-87.673113,41.707102],[-87.67293,41.707105],[-87.672747,41.707109],[-87.672564,41.707112],[-87.672543,41.707112],[-87.67252,41.707097],[-87.672437,41.707032],[-87.672415,41.70701],[-87.672365,41.706961],[-87.672305,41.706883],[-87.672259,41.7068],[-87.672226,41.706714],[-87.672208,41.706626],[-87.672404,41.706622],[-87.67255,41.706619],[-87.672733,41.706616],[-87.672916,41.706613],[-87.673099,41.706609],[-87.673282,41.706606],[-87.673465,41.706603],[-87.673648,41.706599],[-87.673709,41.706598],[-87.673702,41.706417],[-87.673701,41.706398],[-87.673697,41.706244],[-87.673147,41.706254],[-87.673143,41.706149],[-87.673141,41.706081],[-87.673137,41.705944],[-87.673135,41.705875],[-87.67313,41.705738],[-87.673126,41.705601],[-87.673125,41.705573],[-87.673676,41.705563],[-87.673671,41.705426],[-87.673668,41.705316],[-87.673117,41.705326],[-87.673112,41.705162],[-87.673108,41.705052],[-87.673106,41.704997],[-87.673099,41.704775],[-87.673094,41.704594],[-87.673089,41.704451],[-87.673085,41.704314],[-87.67308,41.704177],[-87.673076,41.704039],[-87.673069,41.703834],[-87.673067,41.703765],[-87.673065,41.703697],[-87.673061,41.70356],[-87.673058,41.703491],[-87.673056,41.703414],[-87.673052,41.703277],[-87.67305,41.703216],[-87.673047,41.70314],[-87.673041,41.702942],[-87.673035,41.702761],[-87.673026,41.702486],[-87.673021,41.702324],[-87.673018,41.702216],[-87.673016,41.702175],[-87.673012,41.702026],[-87.673009,41.701945],[-87.673,41.701675],[-87.672996,41.701539],[-87.672992,41.701404],[-87.672992,41.701401],[-87.672983,41.70113],[-87.672977,41.700949],[-87.672971,41.700748],[-87.672969,41.700682],[-87.67296,41.700408],[-87.672951,41.700135],[-87.672947,41.699998],[-87.672942,41.699861],[-87.672939,41.699751],[-87.672934,41.699587],[-87.672929,41.699449],[-87.672925,41.69932],[-87.672918,41.699073],[-87.672876,41.699074],[-87.672292,41.699085],[-87.672285,41.698891],[-87.672283,41.698822],[-87.672278,41.698685],[-87.672273,41.698548],[-87.672269,41.698411],[-87.672264,41.698274],[-87.67226,41.698137],[-87.672259,41.698112],[-87.672255,41.697999],[-87.67225,41.697862],[-87.672246,41.697725],[-87.672357,41.697723],[-87.672347,41.697586],[-87.672342,41.697518],[-87.672339,41.697476],[-87.672337,41.697449],[-87.672327,41.697312],[-87.67282,41.697303],[-87.673061,41.697301],[-87.673055,41.697096],[-87.673046,41.696842],[-87.672926,41.696792],[-87.672742,41.696716],[-87.672752,41.696288],[-87.672933,41.696286],[-87.672934,41.696175],[-87.673117,41.696173],[-87.673119,41.696036],[-87.673121,41.695871],[-87.673123,41.695734],[-87.67294,41.695737],[-87.672942,41.6956],[-87.672943,41.695463],[-87.672946,41.695259],[-87.672232,41.695268],[-87.671754,41.695274],[-87.671462,41.695278],[-87.671465,41.695394],[-87.671468,41.695484],[-87.671471,41.695575],[-87.671475,41.695711],[-87.671479,41.695848],[-87.671483,41.695971],[-87.671484,41.696026],[-87.671485,41.696037],[-87.671484,41.69613],[-87.671471,41.696266],[-87.671443,41.696399],[-87.671442,41.696403],[-87.671417,41.696481],[-87.671411,41.696499],[-87.671401,41.696531],[-87.671373,41.696596],[-87.671345,41.69666],[-87.671314,41.696723],[-87.67131,41.696733],[-87.671239,41.696902],[-87.671226,41.696939],[-87.671178,41.697083],[-87.671172,41.697107],[-87.671136,41.697245],[-87.671131,41.697267],[-87.671122,41.697316],[-87.671111,41.697383],[-87.671103,41.697427],[-87.671098,41.697453],[-87.671092,41.697521],[-87.67108,41.69764],[-87.67108,41.697659],[-87.671078,41.697797],[-87.671077,41.697827],[-87.671084,41.697934],[-87.671088,41.698015],[-87.671096,41.698072],[-87.671114,41.698201],[-87.671116,41.698209],[-87.671146,41.698346],[-87.671155,41.698386],[-87.671157,41.698393],[-87.671174,41.698483],[-87.67118,41.698514],[-87.671181,41.69853],[-87.671187,41.69862],[-87.671188,41.698637],[-87.671188,41.698651],[-87.671182,41.698759],[-87.671162,41.698881],[-87.671144,41.698942],[-87.671127,41.699001],[-87.671081,41.699129],[-87.671017,41.699311],[-87.670987,41.69941],[-87.670985,41.699418],[-87.670957,41.699532],[-87.670938,41.699611],[-87.67093,41.699661],[-87.670907,41.699798],[-87.670906,41.699806],[-87.670894,41.699935],[-87.670888,41.700003],[-87.670886,41.700072],[-87.670884,41.700199],[-87.670885,41.700211],[-87.670887,41.700349],[-87.67089,41.700487],[-87.670893,41.700625],[-87.670894,41.700695],[-87.670896,41.700763],[-87.670899,41.700901],[-87.670902,41.701039],[-87.670371,41.701002],[-87.670355,41.701138],[-87.670904,41.701177],[-87.670907,41.701315],[-87.67091,41.701453],[-87.670913,41.701592],[-87.670916,41.70173],[-87.670916,41.70176],[-87.670917,41.701789],[-87.670914,41.701869],[-87.670911,41.701973],[-87.670907,41.702007],[-87.670892,41.702144],[-87.67089,41.702156],[-87.670867,41.70228],[-87.670855,41.702339],[-87.670834,41.702416],[-87.670806,41.702519],[-87.670796,41.702552],[-87.670775,41.702624],[-87.670761,41.702687],[-87.670734,41.702805],[-87.670708,41.702987],[-87.670699,41.703095],[-87.670698,41.703147],[-87.670695,41.703279],[-87.670696,41.703282],[-87.670696,41.703313],[-87.670693,41.703419],[-87.670691,41.70353],[-87.67069,41.703557],[-87.670684,41.703695],[-87.670684,41.703704],[-87.670684,41.703833],[-87.670685,41.703972],[-87.670685,41.703976],[-87.670693,41.704112],[-87.670701,41.704247],[-87.670701,41.704251],[-87.670717,41.704391],[-87.670725,41.70446],[-87.670731,41.704517],[-87.670733,41.70453],[-87.670748,41.704672],[-87.670758,41.704755],[-87.670761,41.704814],[-87.670768,41.704957],[-87.670771,41.705002],[-87.67077,41.705094],[-87.670769,41.705232],[-87.670769,41.705249],[-87.670761,41.705369],[-87.670752,41.705495],[-87.670751,41.705506],[-87.670734,41.705642],[-87.670722,41.705741],[-87.670715,41.705779],[-87.670689,41.705915],[-87.670676,41.705986],[-87.670662,41.706051],[-87.670657,41.706072],[-87.67057,41.706474],[-87.670554,41.706656],[-87.670514,41.707098],[-87.67049,41.707156],[-87.670396,41.707387],[-87.6703,41.707621],[-87.670299,41.707625],[-87.670244,41.707758],[-87.67019,41.707891],[-87.670136,41.708023],[-87.670113,41.708081],[-87.670095,41.708156],[-87.670064,41.708292],[-87.670034,41.708428],[-87.670003,41.708564],[-87.669972,41.7087],[-87.669941,41.708836],[-87.669884,41.708965],[-87.669813,41.709124],[-87.669756,41.709253],[-87.669699,41.709382],[-87.669642,41.709511],[-87.669585,41.70964],[-87.669528,41.709769],[-87.669471,41.709898],[-87.669456,41.709933],[-87.669424,41.710031],[-87.669386,41.710146],[-87.669199,41.710149],[-87.669119,41.710315],[-87.66907,41.710415],[-87.669048,41.71048],[-87.669035,41.710518],[-87.669023,41.710571],[-87.669009,41.710646],[-87.668977,41.71081],[-87.668945,41.710975],[-87.668914,41.711139],[-87.668882,41.711304],[-87.66885,41.711468],[-87.668818,41.711632],[-87.668787,41.711797],[-87.668755,41.711961],[-87.668742,41.712126],[-87.668745,41.712261],[-87.668748,41.712399],[-87.668752,41.712536],[-87.668755,41.712674],[-87.668758,41.712811],[-87.668762,41.712949],[-87.668765,41.713086],[-87.668769,41.713224],[-87.66877,41.713292],[-87.668772,41.713361],[-87.668775,41.713499],[-87.668779,41.713636],[-87.668782,41.713774],[-87.668787,41.713974],[-87.668791,41.714082],[-87.668795,41.714219],[-87.668797,41.714304],[-87.668799,41.714355],[-87.668802,41.714492],[-87.668806,41.714629],[-87.668811,41.714765],[-87.668814,41.714902],[-87.668818,41.715039],[-87.668822,41.715175],[-87.668826,41.715312],[-87.668827,41.715339],[-87.66883,41.715448],[-87.668834,41.715585],[-87.66884,41.715766]]]},"properties":{"NAME":"Longwood Drive","NUMBER_":"HD-17","DATE_":"11/13/1981","REGISTER":"P"}},{"type":"Feature","geometry":{"type":"Polygon","coordinates":[[[-87.603725,41.807656],[-87.603721,41.807475],[-87.603717,41.807294],[-87.602718,41.807305],[-87.602717,41.807261],[-87.602714,41.807124],[-87.602708,41.806852],[-87.603707,41.80684],[-87.6037,41.806566],[-87.603694,41.806292],[-87.603688,41.806017],[-87.603684,41.805835],[-87.602951,41.805843],[-87.602877,41.805845],[-87.602863,41.805067],[-87.602698,41.805069],[-87.602689,41.805069],[-87.602551,41.805071],[-87.602533,41.805071],[-87.602368,41.805073],[-87.602309,41.805074],[-87.602309,41.805033],[-87.602307,41.804964],[-87.602306,41.804896],[-87.602305,41.804827],[-87.602304,41.804769],[-87.602303,41.804712],[-87.602301,41.804632],[-87.6023,41.804553],[-87.602298,41.804484],[-87.602297,41.804415],[-87.602296,41.804347],[-87.602293,41.804214],[-87.602352,41.804212],[-87.602517,41.80421],[-87.6026,41.804209],[-87.602682,41.804208],[-87.602847,41.804206],[-87.602865,41.804206],[-87.602858,41.804025],[-87.602846,41.803415],[-87.602666,41.803417],[-87.602535,41.803418],[-87.602534,41.803375],[-87.602533,41.803358],[-87.602533,41.803333],[-87.602532,41.803305],[-87.602532,41.80328],[-87.602531,41.803255],[-87.602531,41.803237],[-87.602531,41.803233],[-87.60253,41.803209],[-87.60253,41.803207],[-87.60253,41.803181],[-87.602529,41.80315],[-87.602528,41.803122],[-87.602528,41.803099],[-87.602527,41.80307],[-87.602527,41.803046],[-87.602526,41.803021],[-87.602526,41.802992],[-87.602525,41.802963],[-87.602524,41.802909],[-87.602451,41.80291],[-87.602448,41.802773],[-87.602445,41.802608],[-87.602442,41.802439],[-87.602076,41.802443],[-87.601709,41.802447],[-87.601415,41.80245],[-87.601291,41.802451],[-87.600865,41.802455],[-87.600814,41.802456],[-87.60066,41.802458],[-87.600649,41.802458],[-87.600488,41.802459],[-87.600455,41.80246],[-87.600323,41.802461],[-87.600249,41.802462],[-87.600158,41.802463],[-87.600041,41.802464],[-87.599992,41.802465],[-87.599809,41.802466],[-87.599257,41.802472],[-87.599015,41.802475],[-87.598831,41.802477],[-87.598648,41.802479],[-87.598465,41.802481],[-87.598308,41.802482],[-87.598281,41.802482],[-87.598098,41.802484],[-87.597923,41.802486],[-87.597284,41.802493],[-87.596829,41.802498],[-87.596587,41.8025],[-87.596471,41.802502],[-87.59638,41.802503],[-87.596288,41.802504],[-87.596196,41.802505],[-87.596105,41.802506],[-87.596013,41.802507],[-87.595921,41.802508],[-87.59583,41.802509],[-87.595738,41.80251],[-87.595646,41.802511],[-87.595555,41.802512],[-87.595463,41.802514],[-87.595371,41.802515],[-87.59528,41.802516],[-87.595188,41.802517],[-87.595096,41.802518],[-87.595008,41.802519],[-87.595005,41.802519],[-87.594907,41.80252],[-87.594816,41.802521],[-87.594724,41.802522],[-87.594632,41.802523],[-87.59454,41.802525],[-87.594449,41.802526],[-87.594357,41.802527],[-87.594311,41.802527],[-87.594265,41.802528],[-87.594174,41.802529],[-87.594082,41.80253],[-87.59399,41.802531],[-87.593899,41.802532],[-87.593807,41.802533],[-87.593715,41.802534],[-87.593669,41.802535],[-87.593624,41.802535],[-87.593532,41.802536],[-87.59344,41.802538],[-87.593349,41.802539],[-87.593257,41.80254],[-87.593165,41.802541],[-87.593073,41.802542],[-87.592982,41.802543],[-87.59289,41.802544],[-87.592798,41.802545],[-87.592707,41.802546],[-87.592615,41.802547],[-87.592524,41.802548],[-87.592432,41.802549],[-87.59234,41.802551],[-87.592248,41.802552],[-87.592157,41.802553],[-87.592065,41.802554],[-87.591973,41.802555],[-87.591731,41.802557],[-87.591733,41.802655],[-87.591736,41.802793],[-87.591738,41.80293],[-87.591188,41.802937],[-87.591189,41.802985],[-87.590639,41.802992],[-87.590641,41.803083],[-87.590643,41.803143],[-87.590644,41.803201],[-87.590645,41.80326],[-87.590647,41.803318],[-87.590648,41.803376],[-87.590649,41.803435],[-87.590651,41.803495],[-87.591198,41.803487],[-87.591201,41.803625],[-87.591203,41.803762],[-87.591205,41.803863],[-87.591206,41.803899],[-87.591206,41.803913],[-87.591208,41.804001],[-87.591208,41.804037],[-87.591211,41.804158],[-87.591214,41.804339],[-87.591217,41.804481],[-87.591219,41.804618],[-87.591222,41.804755],[-87.591222,41.804801],[-87.591223,41.804824],[-87.591223,41.804847],[-87.591224,41.804892],[-87.591227,41.80503],[-87.591229,41.805167],[-87.591232,41.805304],[-87.591234,41.805441],[-87.591234,41.805459],[-87.591236,41.805552],[-87.591237,41.805574],[-87.591237,41.805578],[-87.591238,41.805675],[-87.590685,41.805682],[-87.590686,41.805722],[-87.590688,41.805859],[-87.59069,41.805985],[-87.591244,41.805979],[-87.591794,41.805972],[-87.592036,41.80597],[-87.59204,41.806151],[-87.592043,41.806357],[-87.592049,41.806689],[-87.592051,41.806757],[-87.592053,41.806903],[-87.592054,41.806963],[-87.592062,41.807376],[-87.592066,41.807582],[-87.59207,41.807788],[-87.592076,41.807968],[-87.5926,41.807963],[-87.592601,41.808086],[-87.592602,41.808155],[-87.592603,41.808223],[-87.592603,41.808292],[-87.592655,41.808305],[-87.592827,41.808303],[-87.592989,41.808301],[-87.593,41.808301],[-87.593172,41.808299],[-87.593173,41.808406],[-87.593174,41.808505],[-87.593175,41.808642],[-87.593177,41.808834],[-87.593196,41.808834],[-87.593214,41.808833],[-87.593643,41.808828],[-87.593684,41.808828],[-87.593682,41.808677],[-87.593749,41.808673],[-87.593749,41.808725],[-87.593919,41.808723],[-87.593963,41.808723],[-87.59403,41.808722],[-87.59403,41.808733],[-87.594282,41.808731],[-87.594282,41.808766],[-87.594634,41.808762],[-87.59508,41.808756],[-87.595322,41.808753],[-87.595323,41.808822],[-87.595822,41.808816],[-87.595823,41.808871],[-87.595983,41.80887],[-87.59599,41.80887],[-87.596013,41.808869],[-87.596064,41.808869],[-87.596137,41.808868],[-87.59621,41.808867],[-87.596284,41.808866],[-87.596357,41.808866],[-87.59643,41.808865],[-87.596504,41.808864],[-87.596577,41.808863],[-87.596703,41.808862],[-87.596945,41.808861],[-87.596946,41.808918],[-87.596947,41.808985],[-87.596953,41.80928],[-87.596954,41.809345],[-87.597412,41.809339],[-87.597411,41.809275],[-87.597406,41.80898],[-87.597773,41.808976],[-87.598037,41.808972],[-87.598036,41.808905],[-87.598321,41.808902],[-87.598397,41.808901],[-87.598519,41.808899],[-87.598524,41.80916],[-87.598616,41.809159],[-87.598726,41.809158],[-87.598729,41.809326],[-87.599138,41.809325],[-87.59938,41.809324],[-87.599378,41.8092],[-87.599375,41.809036],[-87.599566,41.809033],[-87.599749,41.809031],[-87.599933,41.809029],[-87.600116,41.809027],[-87.600299,41.809025],[-87.600474,41.809023],[-87.600622,41.809021],[-87.600806,41.809019],[-87.600989,41.809017],[-87.601172,41.809014],[-87.601356,41.809012],[-87.601369,41.809012],[-87.601539,41.80901],[-87.601832,41.809001],[-87.601832,41.808959],[-87.60183,41.808874],[-87.601828,41.808789],[-87.601827,41.808705],[-87.601825,41.80862],[-87.601823,41.808535],[-87.601821,41.808398],[-87.601818,41.808261],[-87.601815,41.808124],[-87.601813,41.807987],[-87.60181,41.807857],[-87.601954,41.807855],[-87.602258,41.807852],[-87.602317,41.807851],[-87.60241,41.80785],[-87.602489,41.80785],[-87.602568,41.807849],[-87.602667,41.807848],[-87.602872,41.807845],[-87.602993,41.807844],[-87.603063,41.807843],[-87.603134,41.807843],[-87.603223,41.807842],[-87.603281,41.807841],[-87.603729,41.807836],[-87.603725,41.807656]]]},"properties":{"NAME":"Kenwood","NUMBER_":"HD-16","DATE_":"6/29/1979","REGISTER":"P"}}]}